feature_set,classifier,trial_number,state,kappa,k_best,use_smote,mlp_hidden1,mlp_hidden2,mlp_alpha,mlp_lr
B,MLP,0,COMPLETE,0.9109048221516698,76,True,83,12,6.025215736203862e-06,0.00014936568554617635
B,MLP,1,COMPLETE,0.9379535604206535,150,False,16,118,0.014528246637516038,0.0004335281794951569
B,MLP,2,COMPLETE,0.946775949747528,47,False,68,26,2.8585493941961936e-05,0.006847920095574782
B,MLP,3,PRUNED,0.9401599864329482,41,False,56,70,9.962513222055122e-06,0.003489018845491387
B,MLP,4,PRUNED,0.9355381454697993,109,False,25,9,0.055517216852447225,0.07886714129990492
B,MLP,5,COMPLETE,0.9529779263507692,142,True,106,26,4.075596440072871e-06,0.0030586566669785274
B,MLP,6,PRUNED,0.9401468593790354,25,True,99,18,0.00039841905944346893,0.004366473592979638
B,MLP,7,PRUNED,0.9291222158261544,47,True,216,95,0.000976112544311046,0.058293845429947415
B,MLP,8,PRUNED,0.9379486250583862,33,True,39,23,2.2737628102536852e-05,0.030634622106220845
B,MLP,9,PRUNED,0.9136542786516115,73,False,23,73,2.359137306347714e-06,0.09133995846860977
B,MLP,10,COMPLETE,0.9565387027976359,160,True,115,24,1.6107167646304654e-06,0.000977191477358841
B,MLP,11,PRUNED,0.9467644888150132,138,True,109,35,7.695322435733988e-06,0.0045350946347798415
B,MLP,12,COMPLETE,0.9618407229493855,156,True,246,8,1.4541124014428773e-06,0.0010297209189344167
B,MLP,13,PRUNED,0.9478931539577029,164,True,67,8,2.06650321382933e-06,0.00021309042133062667
B,MLP,14,PRUNED,0.9380147163599278,136,False,151,8,1.143670920130995e-06,0.011480826114649024
B,MLP,15,COMPLETE,0.9645023137742414,164,True,237,8,2.8101171520752326e-06,0.0014608448631420008
B,MLP,16,PRUNED,0.9500990002033849,156,True,255,11,4.409285141259838e-05,0.0028380970912046054
B,MLP,17,PRUNED,0.9378011558914059,168,True,75,8,3.4892477735770386e-06,0.028774590674098665
B,MLP,18,PRUNED,0.9489633698256582,106,True,184,8,1.1575946929012674e-06,0.0018782496351270874
B,MLP,19,PRUNED,0.9467308896805156,148,False,203,8,1.3867552539827581e-06,0.00038963510499060285
B,MLP,20,PRUNED,0.9401379995637082,129,True,111,11,0.0013885694542747377,0.0001587400647202372
B,MLP,21,PRUNED,0.9522924750258673,143,True,176,34,5.682263363443777e-06,0.0001421011168722028
B,MLP,22,PRUNED,0.9523080033648927,152,True,236,15,1.9360881064844684e-06,0.0005728817306866158
B,MLP,23,COMPLETE,0.9600471368035297,163,True,123,9,2.1757959905994063e-06,0.002759113864932425
B,MLP,24,PRUNED,0.9379015916225022,146,True,252,11,4.177745270215153e-06,0.011169484840997616
B,MLP,25,COMPLETE,0.956507528165784,167,True,135,8,5.924874020873636e-06,0.0005551727110962948
B,MLP,26,PRUNED,0.9500650576686241,135,True,249,8,2.3308190757432884e-06,0.000600563189514195
B,MLP,27,PRUNED,0.9522828482722807,130,True,92,8,0.00016420932418125922,0.0032819362629400973
B,MLP,28,PRUNED,0.9512361832597742,169,False,88,11,6.874733603212241e-05,0.0009245673052762557
B,MLP,29,PRUNED,0.9490292093139572,144,True,120,8,1.3353260006742554e-06,0.00394899664569028
B,MLP,30,PRUNED,0.9489776654092312,145,True,85,85,0.0008865173701807036,0.0005148931313607937
B,MLP,31,PRUNED,0.944522407705886,50,False,17,31,0.008890332802443794,0.004892686624078105
B,MLP,32,COMPLETE,0.9653841542337895,156,True,76,19,0.043073944922465364,0.004777298196028804
B,MLP,33,PRUNED,0.9522959143207108,141,True,84,18,0.013165802000937732,0.0034148588509726905
B,MLP,34,PRUNED,0.9512199671492244,149,True,43,34,0.03356344268427567,0.00399454059962809
B,MLP,35,COMPLETE,0.9627275087841454,170,True,229,8,1.6022382969932417e-06,0.0008316181989108263
B,MLP,36,PRUNED,0.9334596971821635,155,False,85,15,0.06269921812104111,0.010580420079206102
B,MLP,37,PRUNED,0.9511860871240312,139,True,100,35,0.018011843550193585,0.052800876272726206
B,MLP,38,COMPLETE,0.9600620188761813,170,True,169,26,0.007584420302495762,0.0016726460656575192
B,MLP,39,COMPLETE,0.965390725109161,167,False,238,18,1.2448355120165708e-05,0.0031074094789917232
B,MLP,40,PRUNED,0.9544942161647552,155,False,194,21,2.586629901878348e-05,0.007006655817241718
B,MLP,41,PRUNED,0.9467500733066172,152,False,250,20,4.6179893596042146e-05,0.0012943062641392318
B,MLP,42,COMPLETE,0.9618509021754965,160,True,224,9,2.9639659687398538e-06,0.0007286555741951793
B,MLP,43,COMPLETE,0.9618426604947636,169,False,227,14,2.4189103471360066e-06,0.00229713481503796
B,MLP,44,PRUNED,0.955640823875155,160,True,50,26,0.033049705327135276,0.00010667389581988535
B,MLP,45,PRUNED,0.9545089496779704,165,True,57,11,0.04573037447397343,0.005885970342628086
B,MLP,46,PRUNED,0.9545239817961936,146,False,230,45,2.2487432219993216e-06,0.0018997041843547805
B,MLP,47,PRUNED,0.9335023056265754,50,False,49,33,0.0070791537613325095,0.00013405925364481987
B,MLP,48,PRUNED,0.9445578442130824,93,True,23,12,0.012033317592066202,0.0006731214028645833
B,MLP,49,PRUNED,0.9313262404537141,81,True,23,72,0.00011760144676294218,0.002092820305943042
B,MLP,50,PRUNED,0.9378895935657054,74,False,102,97,0.00015115931437822215,0.0004002183800522843
B,MLP,51,PRUNED,0.9556225908905525,162,False,152,13,1.0102273117948068e-05,0.004000743095368906
B,MLP,52,COMPLETE,0.9662816256997578,167,False,210,16,2.625128218889049e-06,0.001040591342314304
B,MLP,53,PRUNED,0.9422784860595154,96,True,66,109,1.4735153957719043e-06,0.00035300561105052755
B,MLP,54,PRUNED,0.9378942436667598,170,True,23,35,0.00017550039973175397,0.0017274934364825678
B,MLP,55,PRUNED,0.9246258894630803,153,False,66,20,2.4303137249007544e-06,0.00010409462213418824
B,MLP,56,COMPLETE,0.965407131876647,168,True,226,10,2.8094588212192405e-06,0.0022751437794449885
B,MLP,57,PRUNED,0.9490144820681519,168,False,126,16,1.7788604648668001e-06,0.000933790270305086
B,MLP,58,PRUNED,0.9534151593003465,166,True,229,17,0.00010028568173362727,0.0008637340498686982
B,MLP,59,COMPLETE,0.9591867884306498,161,True,227,11,1.4437252193511237e-06,0.002942894567039458
B,MLP,60,PRUNED,0.9400657247279782,70,True,82,8,0.04337693321695707,0.010462010511710857
B,MLP,61,COMPLETE,0.9600870135188402,165,True,157,11,4.215782896637511e-06,0.0010762927940036705
B,MLP,62,PRUNED,0.9533989382783609,126,False,244,19,1.6153897457182238e-06,0.00011184331633307847
B,MLP,63,PRUNED,0.954524560369156,147,False,41,25,0.0016446187728802525,0.0009214595914087088
B,MLP,64,PRUNED,0.9534136851075037,169,False,239,8,3.200411752274909e-05,0.0007638805231447903
B,MLP,65,PRUNED,0.9511713402948883,154,True,157,9,1.815100858644799e-06,0.0001324757950552148
B,MLP,66,COMPLETE,0.9636191378504899,168,True,246,8,6.310513821467876e-05,0.0006626294601325551
B,MLP,67,COMPLETE,0.9600675566857866,164,True,83,29,0.004159026329186569,0.009699504310881244
B,MLP,68,PRUNED,0.9468045748942346,168,False,20,25,7.098584141990435e-06,0.054432828256486945
B,MLP,69,PRUNED,0.9313625200139517,49,False,16,8,1.3346366347893374e-05,0.025022865223453688
B,MLP,70,PRUNED,0.9511999648027533,130,True,204,8,8.39804576290728e-05,0.0023505579209394767
B,MLP,71,PRUNED,0.9511860871240312,159,True,226,11,3.56653783102778e-05,0.00041292882998132327
B,MLP,72,PRUNED,0.9567251052378128,166,True,209,13,1.6048358066869847e-06,0.0007238495772030288
B,MLP,73,COMPLETE,0.9618504118750435,166,True,238,8,4.7944188183764104e-05,0.000650499348218122
B,MLP,74,PRUNED,0.9578521558197132,162,True,212,10,3.5247488418440064e-06,0.0020103956968619777
B,MLP,75,PRUNED,0.9200719772333597,66,True,50,41,0.0022335686620204675,0.0971483013260407
B,MLP,76,COMPLETE,0.9627317114154167,169,True,240,9,9.864124537191673e-06,0.003504996675993106
B,MLP,77,PRUNED,0.9556382680366988,120,False,197,18,1.3055352575584172e-06,0.0027195848591229665
B,MLP,78,COMPLETE,0.9689554623229384,156,True,252,12,0.00010420971911205567,0.005907774843291065
B,MLP,79,PRUNED,0.9534151593003465,161,True,124,16,0.00032958462125966167,0.006013966329781309
B,MLP,80,PRUNED,0.9290663889558495,168,False,246,8,0.00011019358563395121,0.03363166738615238
B,MLP,81,PRUNED,0.9446193239509676,89,False,61,26,0.07839191902954876,0.005435244531227781
B,MLP,82,PRUNED,0.9335068004415227,155,True,227,13,0.00017281419977330473,0.043983920493508806
B,MLP,83,COMPLETE,0.9618433991144517,169,True,195,8,4.613736680681157e-05,0.0052994689751168335
B,MLP,84,PRUNED,0.9512214560139689,169,False,29,9,0.0010006952720081055,0.007953866867387372
B,MLP,85,PRUNED,0.953426887755751,121,True,221,14,0.0005464888868824441,0.006656180612740991
B,MLP,86,PRUNED,0.944663432683629,118,False,61,74,1.3399149753463273e-05,0.026843002255577626
B,MLP,87,PRUNED,0.9290972624479166,21,True,256,75,9.32195951242245e-06,0.00043482512126137725
B,MLP,88,PRUNED,0.93348032267004,48,False,64,10,3.1281734469106277e-06,0.0010801430628176265
B,MLP,89,PRUNED,0.9467854421848444,146,True,241,27,8.823707661977616e-05,0.012144458577870982
B,MLP,90,PRUNED,0.939107812987669,103,False,144,117,0.03538488078600358,0.0026344433619380214
B,MLP,91,COMPLETE,0.9583126473135488,145,True,206,11,0.043553699857105714,0.017054760183909144
B,MLP,92,COMPLETE,0.9609632773402097,165,True,244,9,2.4870622842300532e-05,0.006482385330172347
B,MLP,93,PRUNED,0.9534151490142151,167,True,192,8,1.4531218131044668e-06,0.0014985608258992506
B,MLP,94,PRUNED,0.9578568013895514,161,False,102,35,1.2700094550041116e-05,0.0010071361088920087
B,MLP,95,PRUNED,0.9512258580494957,170,True,230,10,1.2987399182394833e-05,0.0027544669684450105
B,MLP,96,PRUNED,0.9357549042832336,36,True,115,67,0.0010871632835049371,0.0034691133813788584
B,MLP,97,PRUNED,0.9567456392227016,137,True,244,8,0.006636032897760166,0.0006526337245010381
B,MLP,98,COMPLETE,0.9627496359106982,158,True,70,20,0.02857246318240785,0.00404826379562187
B,MLP,99,PRUNED,0.9423080980244297,118,True,51,18,0.023649118837655667,0.0008026213126119158
B,MLP,100,PRUNED,0.9489953493587615,149,True,67,24,0.01826796173736864,0.003512773015029673
B,MLP,101,PRUNED,0.9467692314489902,158,False,220,20,5.020391323859697e-06,0.0006865865553418769
B,MLP,102,PRUNED,0.9567445844966074,155,False,238,8,1.2085709590149389e-06,0.0028772106184890116
B,MLP,103,PRUNED,0.9578394194057631,167,True,70,12,0.0016826621411128388,0.0019625996166966297
B,MLP,104,PRUNED,0.9467854421848444,133,True,58,12,0.0021796567279794964,0.02736101460972982
B,MLP,105,PRUNED,0.946711680519805,147,True,98,21,0.053467259054688125,0.01512501268513874
B,MLP,106,PRUNED,0.9312804058570756,44,True,192,24,0.07363459030166528,0.0003453285007322223
B,MLP,107,COMPLETE,0.9680543611557111,170,True,72,21,0.08421227212870719,0.0016049429515677036
B,MLP,108,PRUNED,0.957837076325964,163,True,57,24,0.09654461338604778,0.0006738336269984516
B,MLP,109,COMPLETE,0.965394302699821,162,True,110,14,0.08971425540004939,0.0011066988743714103
B,MLP,110,PRUNED,0.9512199671492244,166,True,114,19,0.034207215344847886,0.0021897891555697703
B,MLP,111,PRUNED,0.9446180122106201,65,False,165,18,0.0007115247420653081,0.000782009184398268
B,MLP,112,PRUNED,0.9467500674257587,150,True,75,12,0.021925941394456683,0.0007733908985783426
B,MLP,113,COMPLETE,0.9627259941777975,160,True,58,14,0.055601244180730876,0.0015511929906386571
B,MLP,114,PRUNED,0.9422934021666862,150,False,242,23,1.7403624925387055e-05,0.006215744613979289
B,MLP,115,PRUNED,0.9401512100998544,42,True,22,26,0.0018266762716822342,0.00044539127946953877
B,MLP,116,PRUNED,0.9544937403324852,155,False,62,25,0.0867201360073454,0.00179499980493184
B,MLP,117,COMPLETE,0.9680519258591799,169,False,187,12,0.024096764487127248,0.0009385475694299457
B,MLP,118,PRUNED,0.9578487997626988,152,False,173,12,0.05312543729093256,0.0014894952195624814
B,MLP,119,PRUNED,0.9589479061466293,158,True,121,10,0.0967690923712017,0.004588700137811973
B,MLP,120,PRUNED,0.9467662840424713,145,False,198,23,0.0022121435727443647,0.0005466782187276817
B,MLP,121,PRUNED,0.9512037779335865,164,True,33,24,0.07831350119595946,0.009342122930569952
B,MLP,122,PRUNED,0.9401056260126862,147,False,237,22,0.04047735289996979,0.00010143354013834371
B,MLP,123,PRUNED,0.9489274943095768,147,False,123,11,0.0022773583275653483,0.0004626154215858698
B,MLP,124,PRUNED,0.9489953493587615,169,True,255,9,1.2636890598349738e-06,0.03859978932242642
B,MLP,125,COMPLETE,0.9636266112414276,162,True,177,16,0.02287491281223345,0.00043100221266233825
B,MLP,126,PRUNED,0.9378750855243867,151,True,190,20,0.004472591274109831,0.0004631277979835185
B,MLP,127,PRUNED,0.9334375916332714,148,True,170,17,0.026179098510163566,0.00014328272375967643
B,MLP,128,PRUNED,0.9567318519167024,154,False,244,13,0.002526178901678056,0.0020500786456842113
B,MLP,129,COMPLETE,0.9662682737422846,132,True,76,19,0.07677591832729155,0.0023332431276435325
B,MLP,130,PRUNED,0.9512037833190026,137,True,82,66,0.046426040935260586,0.0012403394005363502
B,MLP,131,PRUNED,0.9467854363156964,153,True,130,20,0.037384248857867945,0.0016583994550758334
B,MLP,132,PRUNED,0.9556346140747503,124,True,84,24,0.07597256198588567,0.0015590306024813082
B,MLP,133,PRUNED,0.9378780280292136,169,False,106,21,0.00689136750793096,0.0004457944444978962
B,MLP,134,PRUNED,0.9290663264099812,43,True,36,98,0.025393457485971258,0.0009131323132538534
B,MLP,135,PRUNED,0.9533664623915779,156,True,154,9,0.02665614716488841,0.0006991978784502499
B,MLP,136,PRUNED,0.9489909184621939,155,False,20,113,1.1510673066577235e-06,0.006694771297040596
B,MLP,137,PRUNED,0.9467676696205853,44,False,66,22,0.0005075959412191766,0.02062239990801283
B,MLP,138,PRUNED,0.9567432893923652,105,True,74,19,0.07113198386620657,0.007738003421002702
B,MLP,139,COMPLETE,0.9680530657692756,159,True,233,16,0.05573766566274768,0.0006426571110632008
B,MLP,140,COMPLETE,0.9636075518961043,147,True,234,27,0.07555175958692369,0.0004906294015407372
B,MLP,141,COMPLETE,0.9671617703150088,144,True,213,18,0.05214766894529308,0.0016381939952528645
B,MLP,142,COMPLETE,0.968939773903449,162,True,225,42,0.06426526316635194,0.0013085755097278348
B,MLP,143,PRUNED,0.9423729719033906,156,True,209,57,0.0038759309049039388,0.0023637268209574075
B,MLP,144,COMPLETE,0.9653770760848241,158,True,185,15,0.09904578256214436,0.0007968126357999988
B,MLP,145,PRUNED,0.9467632896320077,150,True,218,43,0.09647459494266336,0.0018243253088172536
B,MLP,146,COMPLETE,0.9644950967253724,158,True,217,18,0.011480955721451904,0.0014510323250351818
B,MLP,147,PRUNED,0.9490409120025999,123,False,234,28,0.06444258844670156,0.00671599794755771
B,MLP,148,PRUNED,0.9490938262507258,163,True,228,22,0.06884419296694795,0.002002949425826618
B,MLP,149,PRUNED,0.9534151490142151,109,True,141,17,0.029390860880148407,0.000786005268153862
B,SVM-lineal,0,COMPLETE,0.8836522597270937,76,True,3.907967156822881
B,SVM-lineal,1,PRUNED,0.8689944485637202,43,True,157.41890047456639
B,SVM-lineal,2,PRUNED,0.8761323557481825,110,True,659.871107205407
B,SVM-lineal,3,PRUNED,0.8914433701085958,145,True,0.012601639723276799
B,SVM-lineal,4,PRUNED,0.8870219844523795,65,True,0.055895242052179224
B,SVM-lineal,5,COMPLETE,0.8891437245405234,112,False,0.1578232781079558
B,SVM-lineal,6,PRUNED,0.8759588977907955,88,True,1.2173252504194043
B,SVM-lineal,7,PRUNED,0.8891377983822815,109,False,0.010547383621352036
B,SVM-lineal,8,PRUNED,0.8402040505240869,29,False,70.85721663941601
B,SVM-lineal,9,PRUNED,0.886955002430163,65,False,0.4374364439939078
B,SVM-lineal,10,PRUNED,0.8737078640072977,143,False,3.3003414633341435
B,SVM-lineal,11,PRUNED,0.8805092956204663,100,False,2.079965023991909
B,SVM-lineal,12,PRUNED,0.7915611985821821,35,False,0.003973209696389068
B,SVM-lineal,13,COMPLETE,0.9016364386801415,145,False,0.04827173383352844
B,SVM-lineal,14,PRUNED,0.8991989960760047,153,False,0.10446673473187791
B,SVM-lineal,15,PRUNED,0.8891433958418886,170,False,0.00454957512447283
B,SVM-lineal,16,PRUNED,0.8991451812423286,112,False,0.06972496360183598
B,SVM-lineal,17,PRUNED,0.8628769761244707,132,True,2.147471511772966
B,SVM-lineal,18,PRUNED,0.8650207292782551,100,False,598.8125581708807
B,SVM-lineal,19,PRUNED,0.8319908499264705,132,False,0.001163303907571183
B,SVM-lineal,20,PRUNED,0.8893375427705061,169,False,0.4207296147297692
B,SVM-lineal,21,PRUNED,0.8645239819884316,45,True,5.673622316973224
B,SVM-lineal,22,PRUNED,0.8848631085219272,106,False,0.5039863808235403
B,SVM-lineal,23,PRUNED,0.8781632371255876,93,True,10.872801687665644
B,SVM-lineal,24,PRUNED,0.8407396280981778,104,True,0.0015779681806100201
B,SVM-lineal,25,PRUNED,0.8716757726143197,130,False,0.5973908243885082
B,SVM-lineal,26,PRUNED,0.8870600188569697,167,True,0.5748462736114955
B,SVM-lineal,27,PRUNED,0.8990951906559486,127,False,0.04334075678089248
B,SVM-lineal,28,PRUNED,0.8398896285134387,30,True,0.043171751823165704
B,SVM-lineal,29,PRUNED,0.8847101699867825,57,True,74.69629987793796
B,SVM-lineal,30,PRUNED,0.87794971377838,72,True,0.5674983997488673
B,SVM-lineal,31,COMPLETE,0.8989496674659765,143,False,0.1340874040606084
B,SVM-lineal,32,COMPLETE,0.9024615678082775,130,False,0.07716142177878768
B,SVM-lineal,33,COMPLETE,0.9051195451246838,140,False,0.08238019379898781
B,SVM-lineal,34,COMPLETE,0.906024554079926,152,False,0.04105039990507239
B,SVM-lineal,35,PRUNED,0.904665101159742,142,False,0.029414167042546447
B,SVM-lineal,36,PRUNED,0.9046403112341088,135,False,0.01234793242584809
B,SVM-lineal,37,COMPLETE,0.9113686256977699,160,True,0.012822309925991876
B,SVM-lineal,38,PRUNED,0.864815421793798,152,True,0.0018459659552999574
B,SVM-lineal,39,COMPLETE,0.9121933199489941,166,True,0.05247893039826251
B,SVM-lineal,40,PRUNED,0.8924598565166375,129,True,0.11849476824431401
B,SVM-lineal,41,COMPLETE,0.9113326777033061,169,True,0.010638454350543303
B,SVM-lineal,42,COMPLETE,0.9139469625086141,169,True,0.045792994041087304
B,SVM-lineal,43,COMPLETE,0.9121852942652392,169,True,0.053391599642421274
B,SVM-lineal,44,PRUNED,0.90584074132981,159,True,0.06009918553249541
B,SVM-lineal,45,COMPLETE,0.9113543150757175,166,True,0.03898708454347591
B,SVM-lineal,46,PRUNED,0.8914448164847639,166,True,0.13374497685330194
B,SVM-lineal,47,COMPLETE,0.913103953795795,169,True,0.020179624947536362
B,SVM-lineal,48,COMPLETE,0.9130700883461532,169,True,0.007043470410964781
B,SVM-lineal,49,PRUNED,0.8715231552885655,169,True,0.0016673254905203792
B,SVM-lineal,50,COMPLETE,0.9104350659990645,168,True,0.04367507368898035
B,SVM-lineal,51,PRUNED,0.8958411458742248,140,True,0.013770332402576557
B,SVM-lineal,52,COMPLETE,0.9157223813925913,168,True,0.031144488304664972
B,SVM-lineal,53,PRUNED,0.8937090939435336,166,True,0.23932543493275324
B,SVM-lineal,54,PRUNED,0.9091404178818221,157,True,0.017917276776357922
B,SVM-lineal,55,COMPLETE,0.9121862590840447,167,True,0.006813407797067733
B,SVM-lineal,56,COMPLETE,0.9113411250397707,170,True,0.018772529169361365
B,SVM-lineal,57,COMPLETE,0.9121862422852318,167,True,0.007163812370694206
B,SVM-lineal,58,PRUNED,0.902403904537341,132,True,0.013077106298444911
B,SVM-lineal,59,PRUNED,0.8958130477689894,170,True,0.004559154886534323
B,SVM-lineal,60,PRUNED,0.884969155069114,149,True,0.10809491438695931
B,SVM-lineal,61,PRUNED,0.8781926554552812,163,True,0.002144689006702487
B,SVM-lineal,62,COMPLETE,0.9095338519064929,168,True,0.006883639088821925
B,SVM-lineal,63,PRUNED,0.9102040300220882,168,True,0.048272551839282564
B,SVM-lineal,64,PRUNED,0.8980480216173912,168,True,0.009897777106191087
B,SVM-lineal,65,PRUNED,0.8892834149482022,165,True,118.97238152491417
B,SVM-lineal,66,PRUNED,0.8869367065369081,140,True,0.006081056171670588
B,SVM-lineal,67,PRUNED,0.8607227500440527,151,False,965.6482791446289
B,SVM-lineal,68,COMPLETE,0.914901271444385,167,True,0.015759845423011808
B,SVM-lineal,69,PRUNED,0.9102040300220882,168,True,0.047509437558534665
B,SVM-lineal,70,PRUNED,0.9101846124252067,170,True,0.081750136146553
B,SVM-lineal,71,COMPLETE,0.9148563087124033,169,True,0.009397025711431488
B,SVM-lineal,72,PRUNED,0.8981832197408048,138,True,0.07562829456009104
B,SVM-lineal,73,COMPLETE,0.9131046357707575,170,True,0.012476185515116147
B,SVM-lineal,74,COMPLETE,0.9130645619959565,169,True,0.025308000999918746
B,SVM-lineal,75,PRUNED,0.8606555208237233,167,False,0.00152019112367539
B,SVM-lineal,76,PRUNED,0.8913409622662276,51,False,459.6481532262853
B,SVM-lineal,77,PRUNED,0.8713980952115916,140,True,0.0025245409330404305
B,SVM-lineal,78,PRUNED,0.9002520168330905,169,True,0.005186023893356482
B,SVM-lineal,79,PRUNED,0.8871263102650888,146,True,0.043912422901042004
B,SVM-lineal,80,COMPLETE,0.9130659421536343,169,True,0.04356237523298246
B,SVM-lineal,81,PRUNED,0.8205962854295463,52,True,0.0021727870818520865
B,SVM-lineal,82,PRUNED,0.8914433701085958,166,True,0.36302839326935377
B,SVM-lineal,83,COMPLETE,0.9122123401823444,169,True,0.021122588527437532
B,SVM-lineal,84,COMPLETE,0.9139823442631011,167,True,0.021512235348712813
B,SVM-lineal,85,PRUNED,0.8517146113617204,78,False,0.00315538295701031
B,SVM-lineal,86,COMPLETE,0.9148405298301576,170,False,0.03354283296222701
B,SVM-lineal,87,PRUNED,0.8981421993674552,162,False,0.016390217153533556
B,SVM-lineal,88,PRUNED,0.9003035696612574,162,False,0.13662841737241777
B,SVM-lineal,89,PRUNED,0.8958455366970628,141,True,0.01410007780907639
B,SVM-lineal,90,PRUNED,0.8981451370066506,159,False,0.04828713770243
B,SVM-lineal,91,COMPLETE,0.9104320492671578,169,False,0.013997384928292441
B,SVM-lineal,92,PRUNED,0.8980480216173912,168,True,0.004834858001492137
B,SVM-lineal,93,PRUNED,0.9113410932286955,167,True,0.13368009957355223
B,SVM-lineal,94,COMPLETE,0.9130991981740866,169,True,0.07176900409182367
B,SVM-lineal,95,PRUNED,0.9003696910438226,142,True,0.032055904106621735
B,SVM-lineal,96,PRUNED,0.8737345737235158,137,True,1.8700653571564378
B,SVM-lineal,97,PRUNED,0.898048077802599,170,True,0.0058493841807022474
B,SVM-lineal,98,COMPLETE,0.9122018082800555,170,False,0.10433715249407612
B,SVM-lineal,99,PRUNED,0.8913544125514286,56,False,4.116113565338623
B,SVM-lineal,100,PRUNED,0.9113045798478081,168,True,0.07874975835303542
B,SVM-lineal,101,PRUNED,0.9124036173618832,170,True,0.031760530280127056
B,SVM-lineal,102,PRUNED,0.8131389749872303,21,False,0.4743365546042135
B,SVM-lineal,103,PRUNED,0.9002800831816591,170,True,0.13048478000353986
B,SVM-lineal,104,COMPLETE,0.9139974164469127,170,True,0.011770752074978899
B,SVM-lineal,105,PRUNED,0.8847783095468753,167,True,0.002072099578791446
B,SVM-lineal,106,PRUNED,0.8958396746159573,148,True,0.016063190170908945
B,SVM-lineal,107,PRUNED,0.8892834149482022,165,False,12.158541943564941
B,SVM-lineal,108,PRUNED,0.9113139531878008,170,True,0.013817656745829066
B,SVM-lineal,109,PRUNED,0.8914080716251134,151,True,0.006894064944221323
B,SVM-lineal,110,COMPLETE,0.9131188673792593,169,True,0.010835780203214705
B,SVM-lineal,111,PRUNED,0.9124299509863742,170,True,0.015072932545810063
B,SVM-lineal,112,PRUNED,0.8518552773674597,170,True,0.0011140104068308662
B,SVM-lineal,113,COMPLETE,0.9122248559186661,169,True,0.014539492542316844
B,SVM-lineal,114,PRUNED,0.8827431184923018,112,True,212.0314847769377
B,SVM-lineal,115,PRUNED,0.8893684936060579,137,True,0.09598748072070108
B,SVM-lineal,116,PRUNED,0.9113076347082469,170,True,0.05874904212395972
B,SVM-lineal,117,PRUNED,0.8914786217789394,145,True,0.014274541522898854
B,SVM-lineal,118,PRUNED,0.8959087783703182,147,True,0.014459643315799658
B,SVM-lineal,119,PRUNED,0.8980480216173912,169,True,0.004999518969248548
B,SVM-lineal,120,PRUNED,0.9112988565827917,168,True,0.09129450736941021
B,SVM-lineal,121,PRUNED,0.9124299509863742,170,True,0.012023199394753036
B,SVM-lineal,122,COMPLETE,0.9148782306626396,168,True,0.10622155252496676
B,SVM-lineal,123,PRUNED,0.8893198190914977,143,True,0.26317226287071904
B,SVM-lineal,124,PRUNED,0.8826595081668921,155,True,1.2504040916587942
B,SVM-lineal,125,COMPLETE,0.9148274808875836,170,True,0.043451017774479975
B,SVM-lineal,126,PRUNED,0.8848943833821552,169,True,1.0097385185376553
B,SVM-lineal,127,PRUNED,0.8849339627103407,149,True,0.0626658813785914
B,SVM-lineal,128,PRUNED,0.9002742201233362,164,True,0.09236312802621201
B,SVM-lineal,129,COMPLETE,0.9121822112747389,169,True,0.06079035775200685
B,SVM-lineal,130,PRUNED,0.9101828639146097,168,True,0.08760352503649785
B,SVM-lineal,131,COMPLETE,0.9122400141660311,166,True,0.013600701686362937
B,SVM-lineal,132,PRUNED,0.8914786217789394,145,True,0.01402795149169406
B,SVM-lineal,133,COMPLETE,0.9183918202248126,170,True,0.007629311636155718
B,SVM-lineal,134,PRUNED,0.900318272491198,166,False,0.012292284548436384
B,SVM-lineal,135,COMPLETE,0.9121855065885354,169,True,0.0386262381684709
B,SVM-lineal,136,PRUNED,0.8516206423886519,139,True,0.0013402659305171588
B,SVM-lineal,137,PRUNED,0.9124150613001428,168,True,0.013102491435933582
B,SVM-lineal,138,PRUNED,0.88708963990141,149,True,0.033444902369136914
B,SVM-lineal,139,COMPLETE,0.9148274808875836,170,True,0.04340177939876864
B,SVM-lineal,140,PRUNED,0.9123940514987179,167,True,0.005955747144973466
B,SVM-lineal,141,PRUNED,0.8957763029093389,170,True,0.17602575136505505
B,SVM-lineal,142,COMPLETE,0.9130645619959565,169,True,0.02520787284468664
B,SVM-lineal,143,PRUNED,0.889323046784227,149,True,0.04150776847837849
B,SVM-lineal,144,PRUNED,0.911269555067313,170,False,0.09668339835364996
B,SVM-lineal,145,COMPLETE,0.9139469625086141,169,True,0.04503309139182347
B,SVM-lineal,146,PRUNED,0.8423475974571801,30,True,438.42592933828996
B,SVM-lineal,147,PRUNED,0.9025134621817639,168,True,0.008263593019517235
B,SVM-lineal,148,PRUNED,0.9124036173618832,170,True,0.03130020390091185
B,SVM-lineal,149,PRUNED,0.8959087783703182,147,True,0.015149783730899506
B,SVM-RBF,0,COMPLETE,0.9503003340310631,76,True,39.07967156822882,scale,
B,SVM-RBF,1,PRUNED,0.7191827285157012,150,False,0.013289448722869189,scale,
B,SVM-RBF,2,PRUNED,0.7764727234149831,47,False,14.077923139972402,value,6.870101665590028e-05
B,SVM-RBF,3,PRUNED,0.8691820632584246,64,False,514.1096648805745,value,1.8997763474111268e-05
B,SVM-RBF,4,COMPLETE,0.9565188894329356,111,True,4935.296209402097,scale,
B,SVM-RBF,5,PRUNED,0.6701214062168761,34,True,0.05397956855996446,value,0.0003570095960030948
B,SVM-RBF,6,COMPLETE,0.9565381815808378,120,False,19.06609163818846,auto,
B,SVM-RBF,7,COMPLETE,0.9698228307149304,161,True,3398.1724150105933,auto,
B,SVM-RBF,8,PRUNED,0.8868718405030505,69,True,938.4800715909536,value,7.007213496896404e-05
B,SVM-RBF,9,PRUNED,0.0,141,False,430.00015861626076,value,0.17423847570785803
B,SVM-RBF,10,PRUNED,0.9545287038205436,132,True,399.17949668548556,auto,
B,SVM-RBF,11,COMPLETE,0.9662770148394977,168,True,2429.113148467435,auto,
B,SVM-RBF,12,COMPLETE,0.969826957084057,160,True,7250.643439748698,auto,
B,SVM-RBF,13,PRUNED,0.963397155957513,167,True,5.943845587123158,auto,
B,SVM-RBF,14,PRUNED,0.9556280055539608,127,False,6016.0271718898175,auto,
B,SVM-RBF,15,PRUNED,0.0,167,True,1157.8692963735168,value,4.779891877600826
B,SVM-RBF,16,PRUNED,0.8203240109629789,111,True,0.038332411600047626,value,0.011040984836035233
B,SVM-RBF,17,PRUNED,0.9533841718267935,106,True,9396.65244343942,auto,
B,SVM-RBF,18,PRUNED,0.7940979415017139,51,False,0.04760144022563404,scale,
B,SVM-RBF,19,PRUNED,0.9622848340990486,169,True,95.5957471053529,scale,
B,SVM-RBF,20,PRUNED,0.9511875671977323,144,False,1781.8195560837792,scale,
B,SVM-RBF,21,PRUNED,0.9556250610888476,149,True,7758.445605506451,auto,
B,SVM-RBF,22,PRUNED,0.9611717726938054,170,True,1119.0782187188292,auto,
B,SVM-RBF,23,COMPLETE,0.9680537240603148,166,True,8570.589440151884,auto,
B,SVM-RBF,24,PRUNED,0.9611717726938054,170,False,733.5611768490148,auto,
B,SVM-RBF,25,PRUNED,0.9511713402948883,146,True,6637.342597918065,scale,
B,SVM-RBF,26,PRUNED,0.9268432169916464,27,True,510.3527273909328,scale,
B,SVM-RBF,27,PRUNED,0.9511388486944977,126,True,22.78743057776703,value,0.019119885531653998
B,SVM-RBF,28,PRUNED,0.953397463105375,150,True,7746.625699508675,auto,
B,SVM-RBF,29,PRUNED,0.9511816469009661,71,True,21.893281320518064,auto,
B,SVM-RBF,30,PRUNED,0.9611717726938054,170,True,5397.468061409474,auto,
B,SVM-RBF,31,PRUNED,0.9622848340990486,169,True,529.1908839850166,auto,
B,SVM-RBF,32,PRUNED,0.0,167,True,9202.917114185691,value,6.503762749367525
B,SVM-RBF,33,COMPLETE,0.9689376906452558,165,True,6292.193554026671,auto,
B,SVM-RBF,34,COMPLETE,0.969826957084057,160,True,5955.960302600688,auto,
B,SVM-RBF,35,PRUNED,0.9423464202983651,65,False,12.410263694769254,scale,
B,SVM-RBF,36,PRUNED,0.9556250610888476,133,True,7287.430768635582,auto,
B,SVM-RBF,37,PRUNED,0.9511901596560368,126,True,3160.7764012711923,value,0.002417652257665123
B,SVM-RBF,38,PRUNED,0.9489599692142598,145,True,571.3098165709897,auto,
B,SVM-RBF,39,COMPLETE,0.9707079692163759,162,False,8306.809371557034,auto,
B,SVM-RBF,40,PRUNED,0.917956364779349,22,False,310.5760806640872,auto,
B,SVM-RBF,41,PRUNED,0.9556412718247018,159,False,8916.553117770874,auto,
B,SVM-RBF,42,PRUNED,0.9379014507469282,57,False,8276.504572289985,scale,
B,SVM-RBF,43,PRUNED,0.0,108,False,0.14187152793771352,value,0.3037565114804344
B,SVM-RBF,44,PRUNED,0.9578231511975597,156,False,3.28579123808752,scale,
B,SVM-RBF,45,PRUNED,0.7848226811443313,138,True,0.02901970659411097,scale,
B,SVM-RBF,46,PRUNED,0.8976314654327281,77,True,0.14841726656701298,auto,
B,SVM-RBF,47,PRUNED,0.9622848340990486,169,False,4301.769264163646,auto,
B,SVM-RBF,48,PRUNED,0.9622848340990486,168,True,8102.9528564526845,auto,
B,SVM-RBF,49,PRUNED,0.953397463105375,146,False,634.5804647091074,auto,
B,SVM-RBF,50,PRUNED,0.9511713402948883,141,True,1472.680523097007,auto,
B,SVM-RBF,51,PRUNED,0.7128628552455378,144,False,0.010036277798347674,auto,
B,SVM-RBF,52,PRUNED,0.9622848340990486,168,True,7116.381718090833,auto,
B,SVM-RBF,53,PRUNED,0.9622848340990486,167,True,2445.799319808177,scale,
B,SVM-RBF,54,PRUNED,0.9622848340990486,169,True,9852.174189794272,auto,
B,SVM-RBF,55,PRUNED,0.9467529991499812,113,True,50.24795591446286,scale,
B,SVM-RBF,56,PRUNED,0.9042935758437491,59,False,0.19271640315418553,auto,
B,SVM-RBF,57,PRUNED,0.953397463105375,139,True,5115.255218105393,auto,
B,SVM-RBF,58,COMPLETE,0.9662770148394977,169,False,1656.7217564550976,scale,
B,SVM-RBF,59,COMPLETE,0.9698228307149304,164,True,429.29733890736577,auto,
B,SVM-RBF,60,PRUNED,0.9422904253294634,167,False,2.6859997871857426,value,0.002261708303314873
B,SVM-RBF,61,PRUNED,0.9511713402948883,154,True,25.150224802964594,auto,
B,SVM-RBF,62,PRUNED,0.9556250610888476,149,True,268.4573231271742,auto,
B,SVM-RBF,63,PRUNED,0.0,160,False,2358.9951146443195,value,0.2909664870782558
B,SVM-RBF,64,COMPLETE,0.9698228307149304,161,True,719.4379827312771,auto,
B,SVM-RBF,65,PRUNED,0.9511713402948883,154,True,127.72903287251253,auto,
B,SVM-RBF,66,PRUNED,0.9622848340990486,167,True,217.64619501779185,auto,
B,SVM-RBF,67,PRUNED,0.9556103093589894,156,True,957.046887397595,auto,
B,SVM-RBF,68,PRUNED,0.9444648846751644,38,True,1.068243332030552,scale,
B,SVM-RBF,69,PRUNED,0.9556250610888476,133,False,4814.100828604056,auto,
B,SVM-RBF,70,PRUNED,0.9622848340990486,167,True,390.3796986200899,auto,
B,SVM-RBF,71,PRUNED,0.9511875671977323,143,True,8712.459456106664,auto,
B,SVM-RBF,72,COMPLETE,0.9698228307149304,161,True,8758.407381019857,auto,
B,SVM-RBF,73,PRUNED,0.9511713402948883,154,True,8647.224517022887,auto,
B,SVM-RBF,74,COMPLETE,0.9698228307149304,164,True,1266.510264541177,auto,
B,SVM-RBF,75,PRUNED,0.8891760384060541,158,True,105.38189231951235,value,1.6446577350117403e-05
B,SVM-RBF,76,PRUNED,0.9533989382783609,153,False,8450.867741783899,auto,
B,SVM-RBF,77,COMPLETE,0.9689376906452558,165,True,388.3432397513899,auto,
B,SVM-RBF,78,PRUNED,0.9311124863628097,26,True,2.412404731825488,auto,
B,SVM-RBF,79,PRUNED,0.9268873562424578,26,True,2355.003622781153,value,0.051585492848065025
B,SVM-RBF,80,PRUNED,0.9611717726938054,170,True,663.1677547146495,auto,
B,SVM-RBF,81,PRUNED,0.953397463105375,147,True,1982.6639988380475,auto,
B,SVM-RBF,82,PRUNED,0.9511713402948883,153,True,8398.679219533711,auto,
B,SVM-RBF,83,COMPLETE,0.9707079692163759,162,True,1324.3626676993729,auto,
B,SVM-RBF,84,PRUNED,0.9512067253401055,120,True,862.8837776184039,auto,
B,SVM-RBF,85,PRUNED,0.9622848340990486,167,True,988.3152804165995,auto,
B,SVM-RBF,86,PRUNED,0.953397463105375,145,False,31.35723437293249,auto,
B,SVM-RBF,87,PRUNED,0.0,75,False,31.63796944737405,value,9.653305978493547
B,SVM-RBF,88,PRUNED,0.9611717726938054,170,True,1639.4242558121816,auto,
B,SVM-RBF,89,PRUNED,0.9489599692142598,145,True,514.7343017675466,auto,
B,SVM-RBF,90,PRUNED,0.9357285153083553,141,True,4892.345598115777,value,0.0006514401751357945
B,SVM-RBF,91,COMPLETE,0.9707079692163759,162,True,9295.799114969954,auto,
B,SVM-RBF,92,PRUNED,0.963397155957513,166,False,8724.257110352442,auto,
B,SVM-RBF,93,COMPLETE,0.9707079692163759,162,True,9387.894730174752,auto,
B,SVM-RBF,94,PRUNED,0.9622848340990486,169,True,8913.508365087017,auto,
B,SVM-RBF,95,PRUNED,0.9511713402948883,141,True,6590.22247545937,auto,
B,SVM-RBF,96,PRUNED,0.9511713402948883,153,True,919.6604875565152,scale,
B,SVM-RBF,97,PRUNED,0.9511713402948883,153,True,9196.188832411326,auto,
B,SVM-RBF,98,PRUNED,0.9511683673821503,78,False,16.418883004574056,auto,
B,SVM-RBF,99,PRUNED,0.9511713402948883,154,True,8512.104873509561,scale,
B,SVM-RBF,100,PRUNED,0.9444264122155512,50,True,1.3381524116296755,value,0.016212469374442217
B,SVM-RBF,101,PRUNED,0.0,51,False,0.16682696125036087,value,0.5468942399492696
B,SVM-RBF,102,PRUNED,0.9622848340990486,167,True,7749.204011174843,auto,
B,SVM-RBF,103,PRUNED,0.953397463105375,147,True,505.8749316899723,auto,
B,SVM-RBF,104,PRUNED,0.9622848340990486,167,True,2036.6830898111755,auto,
B,SVM-RBF,105,PRUNED,0.9533989382783609,148,True,9913.928283966554,auto,
B,SVM-RBF,106,PRUNED,0.9611717726938054,170,True,278.05299448899757,auto,
B,SVM-RBF,107,PRUNED,0.953397463105375,135,True,1208.704997780138,auto,
B,SVM-RBF,108,PRUNED,0.9611717726938054,170,True,1285.1794300729207,auto,
B,SVM-RBF,109,PRUNED,0.9401334904456861,56,True,2483.3170369260524,auto,
B,SVM-RBF,110,COMPLETE,0.9698228307149304,163,True,8724.670369707452,auto,
B,SVM-RBF,111,COMPLETE,0.969826957084057,160,True,8960.44308319953,auto,
B,SVM-RBF,112,PRUNED,0.963397155957513,166,False,745.0326409728206,auto,
B,SVM-RBF,113,PRUNED,0.9511713402948883,146,True,8115.865225802939,auto,
B,SVM-RBF,114,PRUNED,0.9622848340990486,169,True,4850.391513827548,auto,
B,SVM-RBF,115,PRUNED,0.9511875671977323,144,True,1057.7579791853918,auto,
B,SVM-RBF,116,PRUNED,0.911367940183121,168,True,1582.9473594362057,value,1.146047350566944e-05
B,SVM-RBF,117,PRUNED,0.953397463105375,137,True,9273.066734865148,auto,
B,SVM-RBF,118,COMPLETE,0.9689376906452558,165,True,2963.761076307221,auto,
B,SVM-RBF,119,PRUNED,0.9622848340990486,169,True,7550.17279066503,auto,
B,SVM-RBF,120,PRUNED,0.9545287038205436,132,True,46.68860717856667,auto,
B,SVM-RBF,121,PRUNED,0.9245905792451886,95,False,1841.4259872847022,value,0.0003834455486613638
B,SVM-RBF,122,PRUNED,0.9176459933960021,90,True,0.22949264126871285,scale,
B,SVM-RBF,123,PRUNED,0.9533989382783609,157,True,8174.370273537091,auto,
B,SVM-RBF,124,PRUNED,0.9556412718247018,159,True,7160.250640770489,auto,
B,SVM-RBF,125,PRUNED,0.9489599692142598,145,True,697.1925778412816,auto,
B,SVM-RBF,126,COMPLETE,0.9698228307149304,164,True,9934.48092541859,auto,
B,SVM-RBF,127,PRUNED,0.9556412718247018,159,True,484.73341026501373,auto,
B,SVM-RBF,128,PRUNED,0.9511713402948883,152,False,5386.549969221159,auto,
B,SVM-RBF,129,PRUNED,0.953397463105375,134,True,7792.27767798635,auto,
B,SVM-RBF,130,COMPLETE,0.9689376906452558,165,True,1570.0370026156854,auto,
B,SVM-RBF,131,PRUNED,0.9377302296418215,111,False,0.661715094975179,scale,
B,SVM-RBF,132,COMPLETE,0.9707079692163759,162,True,6763.463104368405,auto,
B,SVM-RBF,133,PRUNED,0.9622848340990486,169,True,6252.113804419601,auto,
B,SVM-RBF,134,PRUNED,0.7511604538130443,148,True,0.020536602684722093,auto,
B,SVM-RBF,135,PRUNED,0.9266867997295583,29,False,3.3943135583561217,scale,
B,SVM-RBF,136,PRUNED,0.9533989382783609,151,True,9258.403982393565,auto,
B,SVM-RBF,137,PRUNED,0.9611717726938054,170,True,257.528518297748,auto,
B,SVM-RBF,138,PRUNED,0.9611717726938054,170,False,6742.607768749705,auto,
B,SVM-RBF,139,COMPLETE,0.9698228307149304,161,True,9597.876972239466,auto,
B,SVM-RBF,140,PRUNED,0.9511875671977323,144,True,817.4162261386832,auto,
B,SVM-RBF,141,PRUNED,0.9622848340990486,167,True,8374.722591468855,auto,
B,SVM-RBF,142,PRUNED,0.9622848340990486,168,True,8440.648201548534,auto,
B,SVM-RBF,143,PRUNED,0.9534195510233964,100,False,381.02820193892427,scale,
B,SVM-RBF,144,PRUNED,0.9611717726938054,170,True,6189.933252048069,auto,
B,SVM-RBF,145,PRUNED,0.9533989382783609,148,True,7612.597076668761,auto,
B,SVM-RBF,146,PRUNED,0.9533989382783609,158,True,963.2454387868377,auto,
B,SVM-RBF,147,PRUNED,0.9633963443409769,164,True,7052.937747660546,value,0.003271790340541275
B,SVM-RBF,148,PRUNED,0.953397463105375,134,True,9190.086020933666,auto,
B,SVM-RBF,149,PRUNED,0.9489599692142598,145,True,995.6994645364213,auto,
B,SVM-polinomial,0,COMPLETE,0.9370425599445638,76,True,9.846738873614559,2,0.46798356100860794
B,SVM-polinomial,1,PRUNED,0.909163880940091,28,True,34.70266988650411,2,2.909729556485983
B,SVM-polinomial,2,COMPLETE,0.952039088777528,145,True,0.08260808399079603,3,1.5742692948967134
B,SVM-polinomial,3,PRUNED,0.9311360698976765,85,False,0.04982752357076448,3,1.099085529881075
B,SVM-polinomial,4,COMPLETE,0.9511937077845035,88,True,3.725393839578884,4,0.13935123815999317
B,SVM-polinomial,5,COMPLETE,0.953879910183411,111,True,555.1721685244722,5,2.4251920443493833
B,SVM-polinomial,6,PRUNED,0.931229164037613,65,False,1.587678152692399,2,1.4855307303338106
B,SVM-polinomial,7,PRUNED,0.8957924364449311,25,True,20.54051942538844,3,1.5602040635334324
B,SVM-polinomial,8,COMPLETE,0.955663395835909,102,False,75.10418138777538,5,2.6844820512829464
B,SVM-polinomial,9,PRUNED,0.9222403884179368,110,True,0.09548041810464164,2,0.975990992289793
B,SVM-polinomial,10,COMPLETE,0.9547728686192919,110,False,7.600873049833663,5,1.8378157058647382
B,SVM-polinomial,11,PRUNED,0.9500994650271658,119,False,3.2557877768716437,5,1.6636432659950882
B,SVM-polinomial,12,PRUNED,0.9357357339828994,55,False,50.64429978931805,5,1.7948857130921707
B,SVM-polinomial,13,PRUNED,0.9489717348360922,80,False,23.232549376190985,5,2.9262285801280585
B,SVM-polinomial,14,PRUNED,0.9490002033788811,144,False,2.033172066139853,4,2.824144606374009
B,SVM-polinomial,15,COMPLETE,0.9574061768839812,154,False,529.5275843722428,5,2.155672522722424
B,SVM-polinomial,16,COMPLETE,0.9582991458406314,155,False,224.2963564187855,5,2.39671858838889
B,SVM-polinomial,17,COMPLETE,0.960973447829241,167,False,668.4875508233,5,2.051909927956075
B,SVM-polinomial,18,PRUNED,0.9501095370438553,150,False,304.5289159758572,3,1.2168259040033356
B,SVM-polinomial,19,PRUNED,0.9512067253401055,151,True,401.73904735944825,4,1.3854087578153673
B,SVM-polinomial,20,PRUNED,0.937936933150344,92,False,570.0801014197132,4,1.3675309104554019
B,SVM-polinomial,21,COMPLETE,0.9583044450174052,170,False,765.7590248370951,4,2.728172439409261
B,SVM-polinomial,22,COMPLETE,0.9636305375357942,164,False,78.99777584993312,5,2.9650126871613613
B,SVM-polinomial,23,PRUNED,0.9445401715181161,149,False,589.4267584314313,3,2.343491641343822
B,SVM-polinomial,24,COMPLETE,0.9591749243398601,157,False,45.63627179406816,4,2.881260218197926
B,SVM-polinomial,25,COMPLETE,0.9600839022489571,164,True,54.39858112273611,4,2.6374793568970833
B,SVM-polinomial,26,PRUNED,0.9512187164080921,143,True,61.856132883855224,4,2.373743556623589
B,SVM-polinomial,27,COMPLETE,0.963625756537249,167,False,466.286397090608,5,1.162096481441357
B,SVM-polinomial,28,COMPLETE,0.9645120349487903,166,False,2.612558518712223,5,0.8673590485666446
B,SVM-polinomial,29,PRUNED,0.9511742700382924,160,False,2.362795024714216,5,0.29100964866586077
B,SVM-polinomial,30,COMPLETE,0.9671779007073162,160,False,99.16508392083954,5,0.9973605121625069
B,SVM-polinomial,31,COMPLETE,0.965400608877762,165,False,54.59588569630479,5,0.962676305181664
B,SVM-polinomial,32,PRUNED,0.9489776654092312,156,False,0.32280250857078063,5,1.302277748005918
B,SVM-polinomial,33,PRUNED,0.9511875671977323,159,True,19.79820109853277,5,1.1416797749482128
B,SVM-polinomial,34,PRUNED,0.9489776654092312,156,False,34.63085964927635,5,0.9892923001208563
B,SVM-polinomial,35,PRUNED,0.9533827059793518,117,False,46.80129597898492,4,0.048456166958312674
B,SVM-polinomial,36,COMPLETE,0.9671779573226704,164,False,2.222678554306278,4,0.7954015427641885
B,SVM-polinomial,37,PRUNED,0.9089265294383072,161,False,0.029619913368109697,4,0.6353942233916874
B,SVM-polinomial,38,PRUNED,0.9489924029314092,143,False,0.9988797738451304,4,0.904015376977552
B,SVM-polinomial,39,PRUNED,0.9567602059507462,167,True,1.7604715230530488,3,1.1432343004681167
B,SVM-polinomial,40,PRUNED,0.9500790082114217,119,False,872.967880056827,5,0.5374037847107856
B,SVM-polinomial,41,PRUNED,0.9512037779335865,153,False,4.869237520661943,5,2.920090151115833
B,SVM-polinomial,42,PRUNED,0.9512067253401055,151,False,22.443857186766664,4,0.9161497256405996
B,SVM-polinomial,43,PRUNED,0.9399430212193463,49,True,0.07524629889722739,4,1.15837170924071
B,SVM-polinomial,44,COMPLETE,0.9653959956641908,168,False,1.8400933278932634,5,1.078701378386774
B,SVM-polinomial,45,PRUNED,0.9489776654092312,156,False,3.024425139522521,5,1.218113234259641
B,SVM-polinomial,46,PRUNED,0.9512067253401055,170,False,71.68879537407257,5,0.4658034691851386
B,SVM-polinomial,47,PRUNED,0.8472961523529665,149,False,0.01893188038353785,2,2.5020426196872174
B,SVM-polinomial,48,PRUNED,0.9533989382783609,115,True,0.22688599979507276,5,1.2745453304881342
B,SVM-polinomial,49,COMPLETE,0.9671737798129483,161,False,2.531171690586434,4,0.6738017781282197
B,SVM-polinomial,50,PRUNED,0.9533827059793518,147,False,0.6408203868764136,3,0.8341134987661436
B,SVM-polinomial,51,COMPLETE,0.9680525396229485,169,False,0.8251785586940044,4,0.6642650751650492
B,SVM-polinomial,52,PRUNED,0.9589367392473487,136,False,0.6356019351679179,4,0.3748321231505427
B,SVM-polinomial,53,PRUNED,0.9511063246524378,159,True,0.1500503504636728,4,0.5563538943337026
B,SVM-polinomial,54,COMPLETE,0.9645138401084623,167,False,2.85065571731689,4,0.8622419802806676
B,SVM-polinomial,55,COMPLETE,0.9671317408998888,167,False,0.35986756185410035,4,0.6178584409006798
B,SVM-polinomial,56,COMPLETE,0.965403207132623,162,False,18.890928773567623,3,0.4203338442483
B,SVM-polinomial,57,PRUNED,0.9489806025296188,149,False,3.6193663153846205,3,0.3518269332177406
B,SVM-polinomial,58,PRUNED,0.9578615281481652,169,False,1.8152993088513132,4,0.4361172317766407
B,SVM-polinomial,59,PRUNED,0.9589738118001857,167,False,58.512797177179685,3,0.6274771875035474
B,SVM-polinomial,60,PRUNED,0.946711698198593,78,False,0.026054139225899185,4,2.965347385737061
B,SVM-polinomial,61,COMPLETE,0.9689384610487977,164,False,0.3302736158786739,4,0.8766333538097582
B,SVM-polinomial,62,PRUNED,0.9589355082010163,141,False,0.04311893370912669,4,1.860218459493698
B,SVM-polinomial,63,PRUNED,0.9489584602082332,168,False,0.12079791306131071,3,1.421626647186359
B,SVM-polinomial,64,PRUNED,0.9511388541014402,156,False,0.3506948863311536,4,0.5095730530050009
B,SVM-polinomial,65,PRUNED,0.9512155220712875,167,False,2.060256549032879,3,1.18464875855926
B,SVM-polinomial,66,PRUNED,0.9512067253401055,140,True,315.8440126937368,3,0.47448244044727084
B,SVM-polinomial,67,PRUNED,0.9511890364898598,156,True,18.49811965916978,4,0.42156708909491186
B,SVM-polinomial,68,PRUNED,0.9466436780984739,156,False,0.15837740315987037,4,0.484051223887047
B,SVM-polinomial,69,PRUNED,0.9356725404963251,34,False,0.02361735549888138,5,1.949105731677205
B,SVM-polinomial,70,PRUNED,0.9589708962462454,169,False,7.459191199992919,3,0.5546956995216484
B,SVM-polinomial,71,PRUNED,0.9512067253401055,150,False,80.15199102991569,5,1.422243064578927
B,SVM-polinomial,72,PRUNED,0.9401689062948257,124,False,7.622310586176272,2,2.476661584379133
B,SVM-polinomial,73,COMPLETE,0.9645087601074508,169,False,0.8252467655531319,4,1.0901430808776404
B,SVM-polinomial,74,PRUNED,0.9489761912163885,83,True,50.33327144879823,5,1.030773679225026
B,SVM-polinomial,75,PRUNED,0.9512199886694407,165,False,2.6554760679068528,4,0.43430750188388356
B,SVM-polinomial,76,PRUNED,0.9490100653607233,143,False,77.08748244152501,2,0.13336570420414023
B,SVM-polinomial,77,COMPLETE,0.965400608877762,165,False,120.42597034090589,5,1.097410961485728
B,SVM-polinomial,78,PRUNED,0.8980977251320768,32,True,1.3474914409369387,5,2.7358609002600245
B,SVM-polinomial,79,PRUNED,0.8937487744947417,25,True,411.6655169864322,3,2.6619400516072966
B,SVM-polinomial,80,COMPLETE,0.9662506087874,157,False,0.1367001214487288,4,0.9948829753838726
B,SVM-polinomial,81,PRUNED,0.9511181102402753,170,False,0.07811126475572759,4,1.1422096129873713
B,SVM-polinomial,82,PRUNED,0.944556309828722,75,False,4.122488398027827,4,0.7576000277861634
B,SVM-polinomial,83,PRUNED,0.9444486194586321,167,False,0.04029959569824155,5,0.8003822039828737
B,SVM-polinomial,84,PRUNED,0.9489437369152508,130,False,0.16154311140593727,4,0.7743748831333388
B,SVM-polinomial,85,PRUNED,0.9511875456345775,150,True,513.8882645400666,5,0.4950595689003331
B,SVM-polinomial,86,PRUNED,0.9512037779335865,124,False,4.690377936177086,4,0.8865107880297591
B,SVM-polinomial,87,COMPLETE,0.9698246314403332,164,False,0.3829210673531189,4,0.7992486844638147
B,SVM-polinomial,88,PRUNED,0.7680197003124277,38,False,0.04038686787831403,3,0.014255231386124834
B,SVM-polinomial,89,COMPLETE,0.9671732446040127,163,False,1.0415371736389418,4,0.7101557207404976
B,SVM-polinomial,90,PRUNED,0.9422165590955417,158,False,0.21028751210170585,3,0.37524692236805846
B,SVM-polinomial,91,PRUNED,0.9511875671977323,159,False,0.6956068408741005,4,1.0527000412993566
B,SVM-polinomial,92,PRUNED,0.942234308834155,170,False,0.18253706426268201,4,0.39275200153247464
B,SVM-polinomial,93,PRUNED,0.9556296692972822,159,True,0.3797162380239706,4,2.247698810279012
B,SVM-polinomial,94,PRUNED,0.9490085369039981,102,True,30.183280322046606,3,1.8372878378091664
B,SVM-polinomial,95,PRUNED,0.9512067253401055,148,True,2.4660517635647037,4,1.1116788995766043
B,SVM-polinomial,96,PRUNED,0.8842782250346137,22,True,0.12671696840163849,2,2.396361110871458
B,SVM-polinomial,97,COMPLETE,0.9645087601074508,168,False,0.67396725001512,4,0.9896804264766007
B,SVM-polinomial,98,PRUNED,0.931290936438139,47,True,217.90836180923435,5,2.673227727822229
B,SVM-polinomial,99,PRUNED,0.9489776654092312,156,False,1.1679303222803838,4,0.6572171141228821
B,SVM-polinomial,100,PRUNED,0.9556214977415602,133,True,1.9735743261853165,2,0.48283919176772294
B,SVM-polinomial,101,PRUNED,0.8467112130034178,48,False,0.03128173446910623,2,1.5131796563040014
B,SVM-polinomial,102,PRUNED,0.9512199886694407,169,False,41.69376764670815,4,0.589744687391895
B,SVM-polinomial,103,COMPLETE,0.9636254432841026,142,False,0.2194989393090315,4,1.190293361393922
B,SVM-polinomial,104,PRUNED,0.9534293584753059,133,False,67.85686133360713,5,0.8897269863827565
B,SVM-polinomial,105,PRUNED,0.9567565664986728,163,False,11.196623725181919,3,0.060297356777447186
B,SVM-polinomial,106,PRUNED,0.9225069448168346,59,True,175.3389411315474,2,0.22499368991610158
B,SVM-polinomial,107,PRUNED,0.9534136851075037,141,False,0.504670651191895,5,0.41292638854237346
B,SVM-polinomial,108,PRUNED,0.9467500674257587,154,False,21.643161323356054,5,0.757559251686563
B,SVM-polinomial,109,PRUNED,0.9466969081530869,167,False,0.20734601990783535,3,0.694055340614993
B,SVM-polinomial,110,COMPLETE,0.9662852605378859,162,False,1.4594965171269212,4,0.9676166357346992
B,SVM-polinomial,111,PRUNED,0.9600824700014386,160,False,33.415048908698346,4,1.3339744456968785
B,SVM-polinomial,112,COMPLETE,0.9671779573226704,164,False,1.858069720278332,4,0.7697605374630905
B,SVM-polinomial,113,PRUNED,0.9600721702153789,163,False,0.7991189468632438,4,0.6075366464162346
B,SVM-polinomial,114,PRUNED,0.9490114688751915,133,False,5.344403739825295,3,0.9251774920601818
B,SVM-polinomial,115,PRUNED,0.9600810007102619,170,True,1.1793240459000964,4,0.6781713215797792
B,SVM-polinomial,116,COMPLETE,0.9671644320322155,167,False,0.4577184896773679,4,1.0332266709501052
B,SVM-polinomial,117,PRUNED,0.9600736164615958,164,False,1.101167947580757,4,1.3743081669374995
B,SVM-polinomial,118,PRUNED,0.9489953493587615,153,False,2.131137460854709,4,0.9338374386504747
B,SVM-polinomial,119,PRUNED,0.9533827059793518,153,False,0.5884987962752134,4,0.6647081535252095
B,SVM-polinomial,120,PRUNED,0.9600748998343414,167,False,4.337549697597287,4,0.9436672297246528
B,SVM-polinomial,121,PRUNED,0.9533427859181987,164,False,0.08670630176309471,4,1.06618367552902
B,SVM-polinomial,122,PRUNED,0.9202572952514181,68,False,670.0765138504383,2,2.1220821682584954
B,SVM-polinomial,123,COMPLETE,0.9654001185200036,169,False,1.0022573265557777,4,0.8913514789116002
B,SVM-polinomial,124,PRUNED,0.9511388541014402,147,False,0.14307483655832193,4,1.0889670279525046
B,SVM-polinomial,125,PRUNED,0.9489776654092312,157,False,1.9573751036267255,4,0.6806342087108951
B,SVM-polinomial,126,PRUNED,0.9422549518823539,114,True,0.4022935610891861,2,2.3507748379966955
B,SVM-polinomial,127,COMPLETE,0.9698252228840349,165,False,0.4312115460409311,4,0.7222663412550128
B,SVM-polinomial,128,PRUNED,0.950112394286235,128,False,4.462434317329996,4,1.6482284706999288
B,SVM-polinomial,129,PRUNED,0.92220345499914,129,True,0.019706626461880886,4,0.8977544404297304
B,SVM-polinomial,130,COMPLETE,0.9707114763502551,159,True,0.12597678789717032,4,1.3909440279225762
B,SVM-polinomial,131,PRUNED,0.9512199025884617,99,True,1.0550000894662555,5,2.667421542146011
B,SVM-polinomial,132,COMPLETE,0.969814727062382,168,True,0.07827840113373742,4,1.3982951100753906
B,SVM-polinomial,133,PRUNED,0.958961830343896,150,True,0.06653394882665307,5,1.3668422205545259
B,SVM-polinomial,134,PRUNED,0.9333711573106787,169,False,0.16077701022673177,4,0.27149014979973407
B,SVM-polinomial,135,PRUNED,0.9288833984826925,170,True,0.036344637702176164,4,0.7871213531875401
B,SVM-polinomial,136,PRUNED,0.9200985215258168,140,True,0.02404685089755311,3,1.715664442461283
B,SVM-polinomial,137,PRUNED,0.946695448220796,150,True,0.058587535251747334,4,1.4261905335249114
B,SVM-polinomial,138,PRUNED,0.953428412353309,170,False,1.5612140941508297,4,0.944108759813552
B,SVM-polinomial,139,PRUNED,0.9523317892185869,141,True,0.2442669943117065,4,1.7641935877557944
B,SVM-polinomial,140,COMPLETE,0.9653490746238852,163,True,0.03894406368291137,4,1.4384161786500362
B,SVM-polinomial,141,PRUNED,0.9467692314489902,152,False,0.3584096989696638,5,1.0789505883581256
B,SVM-polinomial,142,PRUNED,0.9512067253401055,168,False,2.3427289585342184,4,0.24852405580953385
B,SVM-polinomial,143,PRUNED,0.9489082738375505,170,False,0.18514598368663865,4,0.5521821990220193
B,SVM-polinomial,144,PRUNED,0.907034611410175,24,True,31.862344089569387,5,1.0674879879956376
B,SVM-polinomial,145,PRUNED,0.9445578564468129,146,True,0.44912423434424353,4,1.3060320241477528
B,SVM-polinomial,146,PRUNED,0.958976577173039,141,False,0.40310923871760584,4,0.853821884898389
B,SVM-polinomial,147,PRUNED,0.873389664616115,113,False,0.01708806697018584,4,0.562931119072729
B,SVM-polinomial,148,COMPLETE,0.9662801632533424,169,False,0.43474391338587914,4,1.1300089121632917
B,SVM-polinomial,149,PRUNED,0.9567535918760091,160,False,0.5995295729425673,4,1.551684722464631
B,kNN,0,COMPLETE,0.9121766102741473,76,True,13,uniform,2
B,kNN,1,PRUNED,0.8958437441053684,110,True,20,uniform,2
B,kNN,2,COMPLETE,0.9256341537737376,65,True,8,uniform,2
B,kNN,3,COMPLETE,0.9343564758019223,88,True,12,uniform,1
B,kNN,4,PRUNED,0.9177037212414754,29,False,17,uniform,1
B,kNN,5,PRUNED,0.9111881325245307,38,True,19,distance,2
B,kNN,6,PRUNED,0.8934203488173382,102,False,16,uniform,2
B,kNN,7,COMPLETE,0.9388542593443804,33,True,8,uniform,1
B,kNN,8,PRUNED,0.9267931443393405,62,True,17,distance,1
B,kNN,9,PRUNED,0.9156991865894681,20,True,16,uniform,1
B,kNN,10,COMPLETE,0.9423712610870976,25,True,7,uniform,1
B,kNN,11,PRUNED,0.9237376777721895,25,True,4,uniform,1
B,kNN,12,PRUNED,0.9357228998321101,66,True,8,distance,1
B,kNN,13,PRUNED,0.9312335866161412,48,False,7,uniform,1
B,kNN,14,PRUNED,0.9313484360883286,97,True,6,uniform,1
B,kNN,15,PRUNED,0.9289939204415196,20,False,10,uniform,2
B,kNN,16,PRUNED,0.9269021610234824,24,True,10,uniform,1
B,kNN,17,COMPLETE,0.9512144314354,124,False,4,distance,1
B,kNN,18,PRUNED,0.9355613329062733,110,False,5,distance,1
B,kNN,19,PRUNED,0.9290413552932972,133,True,7,distance,1
B,kNN,20,PRUNED,0.9334065806206343,142,False,3,uniform,2
B,kNN,21,COMPLETE,0.952962386105656,157,False,3,distance,1
B,kNN,22,COMPLETE,0.9484724703425605,169,False,8,distance,1
B,kNN,23,COMPLETE,0.9502576390187507,168,False,6,distance,1
B,kNN,24,COMPLETE,0.957379787539753,153,False,4,distance,1
B,kNN,25,COMPLETE,0.9494212508643282,159,False,3,uniform,1
B,kNN,26,PRUNED,0.9268254049396445,119,False,4,distance,2
B,kNN,27,COMPLETE,0.9538541790079671,137,False,4,distance,1
B,kNN,28,PRUNED,0.9157804104645746,146,True,3,distance,2
B,kNN,29,COMPLETE,0.953841565410916,166,False,3,distance,1
B,kNN,30,PRUNED,0.9379074512342641,165,False,4,distance,2
B,kNN,31,PRUNED,0.9423286458165541,147,False,3,distance,1
B,kNN,32,COMPLETE,0.950338667936111,159,True,4,distance,1
B,kNN,33,COMPLETE,0.9547207879313181,170,False,3,distance,1
B,kNN,34,PRUNED,0.9422904253294634,148,False,10,uniform,1
B,kNN,35,PRUNED,0.9445120883423155,161,False,3,distance,1
B,kNN,36,COMPLETE,0.9600559356549455,155,False,4,distance,1
B,kNN,37,PRUNED,0.9024031347573946,105,True,15,distance,2
B,kNN,38,PRUNED,0.9290914027962485,54,True,3,distance,2
B,kNN,39,PRUNED,0.935597281588929,123,False,8,distance,1
B,kNN,40,PRUNED,0.9269138140208188,169,True,20,uniform,1
B,kNN,41,PRUNED,0.8910744039308481,154,False,15,distance,2
B,kNN,42,COMPLETE,0.9547207879313181,170,False,3,distance,1
B,kNN,43,PRUNED,0.9335979380387166,119,False,4,uniform,1
B,kNN,44,PRUNED,0.945623645664788,138,False,6,distance,1
B,kNN,45,PRUNED,0.9467601079957961,159,False,3,distance,1
B,kNN,46,PRUNED,0.9423287475878055,167,False,3,distance,1
B,kNN,47,PRUNED,0.9335333016662305,103,True,3,distance,1
B,kNN,48,PRUNED,0.9266942390189319,75,False,13,distance,1
B,kNN,49,PRUNED,0.9289292108707827,154,False,9,distance,2
B,kNN,50,PRUNED,0.9222005293147062,89,False,11,distance,2
B,kNN,51,COMPLETE,0.953841565410916,166,False,3,distance,1
B,kNN,52,PRUNED,0.9468280309059075,164,True,3,uniform,1
B,kNN,53,PRUNED,0.9500384950084173,169,False,6,distance,1
B,kNN,54,PRUNED,0.9478839338489743,128,False,3,distance,1
B,kNN,55,PRUNED,0.942306655198162,166,False,5,distance,1
B,kNN,56,PRUNED,0.9225831297823812,161,True,8,uniform,2
B,kNN,57,COMPLETE,0.9503632235826004,163,True,3,distance,1
B,kNN,58,PRUNED,0.9422697247710072,170,False,5,uniform,1
B,kNN,59,PRUNED,0.9313260091552884,143,True,12,uniform,1
B,kNN,60,COMPLETE,0.9529583680410291,165,False,3,distance,1
B,kNN,61,COMPLETE,0.9582780137897672,168,False,4,distance,1
B,kNN,62,COMPLETE,0.9618296135772985,170,False,4,distance,1
B,kNN,63,PRUNED,0.9467167649027787,140,False,6,distance,1
B,kNN,64,PRUNED,0.9245517633349098,139,True,15,distance,1
B,kNN,65,PRUNED,0.9132515246707562,73,False,20,distance,1
B,kNN,66,PRUNED,0.9444748480235815,153,False,8,distance,1
B,kNN,67,PRUNED,0.9500590251110401,165,False,5,distance,1
B,kNN,68,PRUNED,0.9357019353737241,170,False,3,distance,2
B,kNN,69,PRUNED,0.9224114600186004,81,True,20,uniform,1
B,kNN,70,PRUNED,0.9478923043374075,129,False,3,distance,1
B,kNN,71,PRUNED,0.9445239186487882,162,False,3,distance,1
B,kNN,72,COMPLETE,0.9547207879313181,170,False,3,distance,1
B,kNN,73,PRUNED,0.942314002186436,169,False,3,distance,1
B,kNN,74,PRUNED,0.9412186384768146,52,False,4,distance,1
B,kNN,75,PRUNED,0.9500475677209056,167,False,6,distance,1
B,kNN,76,COMPLETE,0.9618296135772985,170,False,4,distance,1
B,kNN,77,PRUNED,0.9091991165484832,94,True,12,uniform,2
B,kNN,78,COMPLETE,0.9529493749644724,168,False,3,distance,1
B,kNN,79,PRUNED,0.9500475677209056,167,False,6,distance,1
B,kNN,80,COMPLETE,0.9529493749644724,168,False,3,distance,1
B,kNN,81,PRUNED,0.9467888298240381,134,False,3,distance,1
B,kNN,82,PRUNED,0.9478423749271079,137,False,6,distance,1
B,kNN,83,COMPLETE,0.9520243789440059,168,False,5,distance,1
B,kNN,84,PRUNED,0.9467204325483063,140,False,3,distance,1
B,kNN,85,PRUNED,0.933436109599284,111,False,8,uniform,2
B,kNN,86,COMPLETE,0.9547207879313181,170,False,3,distance,1
B,kNN,87,PRUNED,0.9445754934548236,163,True,9,distance,1
B,kNN,88,PRUNED,0.9201084538691877,20,True,11,uniform,2
B,kNN,89,COMPLETE,0.9556119640475226,164,False,3,distance,1
B,kNN,90,PRUNED,0.9027950794145126,72,True,4,uniform,2
B,kNN,91,COMPLETE,0.9547207879313181,170,False,3,distance,1
B,kNN,92,COMPLETE,0.9547207879313181,170,False,3,distance,1
B,kNN,93,COMPLETE,0.9547207879313181,170,False,3,uniform,1
B,kNN,94,PRUNED,0.9445091619840005,170,False,7,distance,1
B,kNN,95,COMPLETE,0.9573788583012093,164,False,4,distance,1
B,kNN,96,PRUNED,0.9522698223411156,170,False,6,distance,1
B,kNN,97,PRUNED,0.9289971170107616,163,False,7,uniform,2
B,kNN,98,PRUNED,0.9200187826168094,154,False,17,uniform,1
B,kNN,99,PRUNED,0.9445445940966443,38,False,4,distance,2
B,kNN,100,PRUNED,0.8935089476667682,162,False,16,uniform,2
B,kNN,101,PRUNED,0.9423287475878055,167,False,3,distance,1
B,kNN,102,PRUNED,0.9068111433121635,69,False,14,uniform,2
B,kNN,103,PRUNED,0.9490097631346295,168,True,3,distance,1
B,kNN,104,PRUNED,0.9445460340283938,166,False,3,distance,1
B,kNN,105,PRUNED,0.9445460340283938,166,False,3,distance,1
B,kNN,106,PRUNED,0.9333813906938355,149,False,5,distance,2
B,kNN,107,PRUNED,0.946721868898207,145,False,6,distance,1
B,kNN,108,COMPLETE,0.9547207879313181,170,False,3,distance,1
B,kNN,109,PRUNED,0.9445119780742675,143,False,3,distance,1
B,kNN,110,PRUNED,0.9199625293610969,80,False,18,uniform,1
B,kNN,111,COMPLETE,0.9547207879313181,170,False,3,distance,1
B,kNN,112,PRUNED,0.9522903130346687,168,False,3,distance,1
B,kNN,113,PRUNED,0.9522698223411156,170,False,6,distance,1
B,kNN,114,PRUNED,0.9422755529712552,148,False,3,distance,1
B,kNN,115,PRUNED,0.942314002186436,169,False,3,distance,1
B,kNN,116,PRUNED,0.9478169740224601,148,False,6,distance,1
B,kNN,117,PRUNED,0.9223082746017085,21,True,16,distance,1
B,kNN,118,COMPLETE,0.9547207879313181,170,False,3,distance,1
B,kNN,119,PRUNED,0.9445002166799343,144,False,5,distance,1
B,kNN,120,PRUNED,0.9467145100661121,143,False,5,uniform,1
B,kNN,121,COMPLETE,0.9618296135772985,170,False,4,distance,1
B,kNN,122,PRUNED,0.9201161824629632,79,True,9,distance,2
B,kNN,123,COMPLETE,0.959165352225517,169,False,4,distance,1
B,kNN,124,PRUNED,0.9466850163295483,162,False,6,distance,1
B,kNN,125,PRUNED,0.9522698223411156,170,False,6,distance,1
B,kNN,126,PRUNED,0.9422697247710072,170,False,5,distance,1
B,kNN,127,COMPLETE,0.9547207879313181,170,False,3,distance,1
B,kNN,128,PRUNED,0.9445134967890981,140,False,5,distance,1
B,kNN,129,PRUNED,0.9378881843337696,169,False,4,distance,2
B,kNN,130,PRUNED,0.9522698223411156,170,False,6,distance,1
B,kNN,131,PRUNED,0.9001726035711773,49,True,18,uniform,2
B,kNN,132,PRUNED,0.942314002186436,169,False,3,distance,1
B,kNN,133,PRUNED,0.9467204325483063,140,False,3,distance,1
B,kNN,134,PRUNED,0.9065642211725043,81,False,18,distance,2
B,kNN,135,PRUNED,0.940130598775796,137,True,6,distance,1
B,kNN,136,PRUNED,0.942408274785324,32,True,3,distance,1
B,kNN,137,PRUNED,0.9522698223411156,170,False,6,distance,1
B,kNN,138,PRUNED,0.9423287475878055,167,False,3,distance,1
B,kNN,139,PRUNED,0.9423286458165541,147,False,3,distance,1
B,kNN,140,PRUNED,0.942314002186436,169,False,3,distance,1
B,kNN,141,PRUNED,0.9445239186487882,162,False,3,distance,1
B,kNN,142,COMPLETE,0.9618296135772985,170,False,4,distance,1
B,kNN,143,COMPLETE,0.9547207879313181,170,False,3,distance,1
B,kNN,144,PRUNED,0.9500419182372042,158,False,6,distance,1
B,kNN,145,PRUNED,0.9268563205942315,162,True,6,distance,2
B,kNN,146,COMPLETE,0.9520243789440059,168,False,5,distance,1
B,kNN,147,PRUNED,0.942314002186436,169,False,3,distance,1
B,kNN,148,PRUNED,0.8892098764166474,147,True,20,distance,2
B,kNN,149,PRUNED,0.9522650434465887,169,False,5,distance,1
B,RandomForest,0,COMPLETE,0.9209895416036827,76,True,198,7,4,1,0.7
B,RandomForest,1,COMPLETE,0.9244146926831949,145,True,76,11,11,5,log2
B,RandomForest,2,PRUNED,0.9244547905259506,88,True,163,19,2,7,0.5
B,RandomForest,3,PRUNED,0.9245168528780877,65,False,137,6,11,1,sqrt
B,RandomForest,4,PRUNED,0.9311391176119208,102,False,297,29,19,6,sqrt
B,RandomForest,5,COMPLETE,0.9387112055834397,78,False,113,10,12,2,0.3
B,RandomForest,6,PRUNED,0.9155942732504876,20,True,267,24,3,4,log2
B,RandomForest,7,PRUNED,0.9267237748703275,66,False,216,27,10,2,0.5
B,RandomForest,8,PRUNED,0.8049520702746953,98,True,64,3,14,4,log2
B,RandomForest,9,PRUNED,0.9267178825375042,54,False,72,29,17,7,0.5
B,RandomForest,10,PRUNED,0.9244464926676376,69,False,162,9,18,6,0.3
B,RandomForest,11,PRUNED,0.9289546575320965,120,False,77,16,11,3,0.3
B,RandomForest,12,PRUNED,0.9133225719850029,146,True,216,8,12,2,log2
B,RandomForest,13,PRUNED,0.9199373762312729,169,True,94,13,11,6,sqrt
B,RandomForest,14,PRUNED,0.9155618397505445,23,False,53,10,13,1,0.3
B,RandomForest,15,PRUNED,0.9066900583309292,120,False,55,19,13,9,log2
B,RandomForest,16,PRUNED,0.9278103331787623,44,False,219,14,6,5,0.3
B,RandomForest,17,PRUNED,0.9133225719850029,134,True,172,7,5,7,log2
B,RandomForest,18,PRUNED,0.9088570070950965,101,True,64,25,20,4,log2
B,RandomForest,19,PRUNED,0.9289055924207724,142,True,85,11,5,1,log2
B,RandomForest,20,PRUNED,0.9156919563191549,128,False,188,15,17,3,0.7
B,RandomForest,21,PRUNED,0.9224086866389285,59,True,423,11,9,1,0.7
B,RandomForest,22,COMPLETE,0.9351406454706799,73,True,203,7,4,1,0.3
B,RandomForest,23,PRUNED,0.9066575288819267,100,True,181,4,7,3,0.3
B,RandomForest,24,COMPLETE,0.9431635672700246,56,False,112,20,9,1,0.3
B,RandomForest,25,COMPLETE,0.9378242550168615,119,True,243,20,7,1,0.3
B,RandomForest,26,PRUNED,0.9200193728247188,26,False,80,25,6,1,0.3
B,RandomForest,27,COMPLETE,0.9369418541552715,123,True,261,22,6,3,0.3
B,RandomForest,28,COMPLETE,0.9387075077165955,107,True,198,25,14,1,0.3
B,RandomForest,29,PRUNED,0.9289085417709115,76,True,188,21,17,3,0.3
B,RandomForest,30,PRUNED,0.9322158965460083,132,True,146,23,11,1,log2
B,RandomForest,31,PRUNED,0.9311542125508577,60,True,113,22,11,1,0.3
B,RandomForest,32,PRUNED,0.9333045754374172,113,True,293,24,13,2,sqrt
B,RandomForest,33,COMPLETE,0.9369183406541204,83,False,137,11,10,1,0.3
B,RandomForest,34,COMPLETE,0.9520298689274165,165,False,198,19,6,1,0.3
B,RandomForest,35,PRUNED,0.9299916643334453,138,True,148,25,15,2,0.3
B,RandomForest,36,COMPLETE,0.939606284984053,150,False,186,20,5,2,0.3
B,RandomForest,37,COMPLETE,0.9396159174897516,141,False,165,19,2,2,0.3
B,RandomForest,38,COMPLETE,0.9493597021360285,165,False,155,22,6,3,0.3
B,RandomForest,39,PRUNED,0.9355351710019797,167,False,283,25,6,4,sqrt
B,RandomForest,40,COMPLETE,0.9431058033881594,160,False,313,15,7,1,log2
B,RandomForest,41,PRUNED,0.9322246822636693,124,False,452,19,8,1,log2
B,RandomForest,42,PRUNED,0.9344455490815785,157,False,205,13,7,1,log2
B,RandomForest,43,PRUNED,0.9290030392668402,147,False,361,15,5,3,0.7
B,RandomForest,44,PRUNED,0.9322571302733886,152,False,125,27,8,5,0.3
B,RandomForest,45,COMPLETE,0.9413673666457381,122,False,105,19,6,1,sqrt
B,RandomForest,46,PRUNED,0.9322666791891135,92,False,73,24,6,2,sqrt
B,RandomForest,47,PRUNED,0.9245625705261653,121,False,78,16,4,2,0.7
B,RandomForest,48,PRUNED,0.915700804424458,46,False,103,17,9,1,0.7
B,RandomForest,49,PRUNED,0.9288521968053853,132,False,126,21,13,1,sqrt
B,RandomForest,50,PRUNED,0.9377657399545536,151,True,106,24,4,3,sqrt
B,RandomForest,51,PRUNED,0.935604638777278,126,False,124,23,2,1,sqrt
B,RandomForest,52,COMPLETE,0.9422543840990858,143,False,329,10,7,1,0.3
B,RandomForest,53,COMPLETE,0.9413692636193229,145,False,490,8,7,2,0.3
B,RandomForest,54,COMPLETE,0.941367706353294,136,False,258,9,11,2,0.3
B,RandomForest,55,PRUNED,0.9222537947838045,151,False,495,5,7,2,0.3
B,RandomForest,56,PRUNED,0.9133950697466741,160,False,306,5,2,1,sqrt
B,RandomForest,57,COMPLETE,0.9538166151876093,168,False,403,17,5,1,0.3
B,RandomForest,58,COMPLETE,0.9449260014000481,167,False,490,22,9,3,0.3
B,RandomForest,59,COMPLETE,0.9467040977496566,149,False,355,23,12,1,0.3
B,RandomForest,60,PRUNED,0.9366983795753608,145,False,327,25,14,2,0.3
B,RandomForest,61,COMPLETE,0.9520409954352564,164,False,478,27,7,1,0.3
B,RandomForest,62,COMPLETE,0.9511541737895225,156,False,464,20,2,1,0.3
B,RandomForest,63,PRUNED,0.9367050889396771,138,False,481,25,2,3,0.3
B,RandomForest,64,COMPLETE,0.9511376466522761,168,False,464,19,3,1,0.3
B,RandomForest,65,COMPLETE,0.9449062260767374,165,False,464,22,8,1,0.5
B,RandomForest,66,COMPLETE,0.9511505139017666,165,False,441,18,3,2,0.3
B,RandomForest,67,COMPLETE,0.9538166151876093,168,False,357,21,5,1,0.3
B,RandomForest,68,COMPLETE,0.9529222789255133,168,False,486,17,2,1,0.3
B,RandomForest,69,PRUNED,0.9312335714322241,143,False,404,21,3,1,0.7
B,RandomForest,70,PRUNED,0.9322468885857151,112,False,465,17,2,2,sqrt
B,RandomForest,71,COMPLETE,0.9493578284197506,170,True,366,18,8,1,0.3
B,RandomForest,72,COMPLETE,0.9511376466522761,168,False,478,14,3,1,0.3
B,RandomForest,73,COMPLETE,0.9511390154557422,156,False,443,19,5,1,0.3
B,RandomForest,74,COMPLETE,0.9529218031537875,164,False,498,27,5,1,sqrt
B,RandomForest,75,COMPLETE,0.9493590865262174,156,False,312,20,5,1,sqrt
B,RandomForest,76,PRUNED,0.9422313004363043,157,False,307,27,5,2,log2
B,RandomForest,77,COMPLETE,0.947569106598665,161,False,460,28,7,2,sqrt
B,RandomForest,78,PRUNED,0.935625353568841,141,False,494,19,2,3,0.5
B,RandomForest,79,COMPLETE,0.9511485559406289,158,False,364,29,7,1,0.3
B,RandomForest,80,PRUNED,0.9133373630283271,103,True,152,26,12,10,sqrt
B,RandomForest,81,COMPLETE,0.9511442573990039,163,False,272,27,4,1,0.3
B,RandomForest,82,PRUNED,0.9378323968958295,133,False,461,30,10,2,0.3
B,RandomForest,83,PRUNED,0.9355780694652406,148,False,489,15,2,2,log2
B,RandomForest,84,COMPLETE,0.9467024142972071,159,False,163,14,3,1,0.5
B,RandomForest,85,PRUNED,0.9411333158512699,165,False,345,17,3,5,0.3
B,RandomForest,86,PRUNED,0.9156595784614313,117,False,417,25,18,10,0.7
B,RandomForest,87,COMPLETE,0.9556044112239857,168,False,234,16,4,1,0.3
B,RandomForest,88,COMPLETE,0.9538196003274191,165,False,262,18,3,1,0.3
B,RandomForest,89,COMPLETE,0.9493666346240579,158,False,99,14,6,1,0.3
B,RandomForest,90,PRUNED,0.946690997640137,155,False,409,27,2,1,sqrt
B,RandomForest,91,PRUNED,0.9289764949743831,152,True,413,24,7,4,0.7
B,RandomForest,92,COMPLETE,0.9475885189509146,167,False,219,14,5,1,0.3
B,RandomForest,93,COMPLETE,0.9511226383440924,169,True,474,29,6,1,sqrt
B,RandomForest,94,COMPLETE,0.9493750964277116,161,False,284,18,2,3,0.3
B,RandomForest,95,PRUNED,0.9455799306417811,166,True,191,15,2,1,sqrt
B,RandomForest,96,COMPLETE,0.9484752163973434,169,False,254,20,3,1,0.3
B,RandomForest,97,PRUNED,0.9155472880360289,108,False,318,5,2,9,0.3
B,RandomForest,98,PRUNED,0.9155619993486227,31,False,305,11,18,10,log2
B,RandomForest,99,PRUNED,0.9444855719551623,145,False,203,19,10,1,0.3
B,RandomForest,100,PRUNED,0.9444678286193429,154,True,488,24,6,1,log2
B,RandomForest,101,PRUNED,0.946716380199662,167,False,281,21,8,1,0.3
B,RandomForest,102,PRUNED,0.9444855719551623,114,False,368,15,3,1,0.3
B,RandomForest,103,COMPLETE,0.9502698963117918,164,False,449,26,6,1,0.3
B,RandomForest,104,PRUNED,0.9400214842014627,170,True,436,30,7,4,0.3
B,RandomForest,105,PRUNED,0.9200409558895735,164,False,276,6,17,6,0.7
B,RandomForest,106,COMPLETE,0.9502495562272884,158,False,359,29,9,1,0.3
B,RandomForest,107,PRUNED,0.9334685173733908,168,False,259,28,6,1,0.7
B,RandomForest,108,PRUNED,0.940050859486185,144,True,300,21,2,2,0.3
B,RandomForest,109,PRUNED,0.9289026273256384,61,True,482,26,9,6,0.3
B,RandomForest,110,PRUNED,0.9133388997293226,43,False,301,30,3,8,sqrt
B,RandomForest,111,COMPLETE,0.954685355860916,170,False,150,24,6,1,0.3
B,RandomForest,112,PRUNED,0.9289823662346459,124,False,53,21,20,3,0.5
B,RandomForest,113,PRUNED,0.9433608429185254,161,False,144,24,9,1,0.5
B,RandomForest,114,COMPLETE,0.9538030112280452,166,False,106,25,6,2,0.3
B,RandomForest,115,PRUNED,0.9444648846751644,150,False,87,28,3,3,0.3
B,RandomForest,116,PRUNED,0.920018791473369,90,False,428,7,10,9,0.5
B,RandomForest,117,PRUNED,0.9489151758353397,166,False,98,28,12,2,0.3
B,RandomForest,118,COMPLETE,0.9511321151646384,169,True,318,14,2,1,0.3
B,RandomForest,119,PRUNED,0.9356916957148596,154,False,146,20,5,2,0.7
B,RandomForest,120,PRUNED,0.93560320438254,139,False,125,28,8,1,0.3
B,RandomForest,121,COMPLETE,0.95201514105217,161,False,128,25,3,1,0.3
B,RandomForest,122,PRUNED,0.8934632550245776,103,False,100,4,17,6,0.7
B,RandomForest,123,PRUNED,0.9489454288189094,170,False,146,25,2,1,0.3
B,RandomForest,124,PRUNED,0.9478072485904959,169,False,115,26,2,1,0.5
B,RandomForest,125,PRUNED,0.920098556846181,121,False,71,23,3,3,log2
B,RandomForest,126,PRUNED,0.9423042448668639,156,False,86,21,2,1,0.3
B,RandomForest,127,PRUNED,0.9246347859650055,167,False,243,15,3,1,0.7
B,RandomForest,128,PRUNED,0.9333991988464593,138,False,443,30,6,1,0.5
B,RandomForest,129,PRUNED,0.9433760295585499,148,False,441,18,2,1,0.3
B,RandomForest,130,PRUNED,0.9132974089496266,149,False,154,8,3,10,sqrt
B,RandomForest,131,COMPLETE,0.9520220864818032,170,False,110,23,7,1,0.3
B,RandomForest,132,PRUNED,0.9422756824248054,124,True,111,23,4,2,0.3
B,RandomForest,133,COMPLETE,0.9484686190643945,170,False,110,21,8,2,0.3
B,RandomForest,134,COMPLETE,0.9555967093750561,165,False,119,21,6,1,0.3
B,RandomForest,135,PRUNED,0.9467175871023915,116,False,470,29,7,1,sqrt
B,RandomForest,136,PRUNED,0.9356297393347588,85,False,340,21,19,2,0.5
B,RandomForest,137,PRUNED,0.940067260895076,150,False,162,21,6,1,0.3
B,RandomForest,138,PRUNED,0.9267989926214387,149,False,77,30,4,2,0.7
B,RandomForest,139,PRUNED,0.9489276502593542,156,False,115,23,6,1,0.3
B,RandomForest,140,PRUNED,0.9422372660567917,169,True,94,22,11,4,0.3
B,RandomForest,141,PRUNED,0.9267959957425101,158,False,67,20,10,1,0.7
B,RandomForest,142,PRUNED,0.9444840825363324,167,False,136,27,3,1,log2
B,RandomForest,143,COMPLETE,0.9511450541290101,164,False,278,16,6,3,0.3
B,RandomForest,144,PRUNED,0.946706388740021,158,True,171,29,7,2,0.3
B,RandomForest,145,PRUNED,0.9489432499207171,163,False,366,23,2,1,0.3
B,RandomForest,146,PRUNED,0.9400361843195222,151,False,477,17,9,3,sqrt
B,RandomForest,147,PRUNED,0.922306970222431,148,False,68,20,6,4,0.5
B,RandomForest,148,PRUNED,0.9400731398084605,167,False,287,15,7,1,0.5
B,RandomForest,149,COMPLETE,0.9520350947433129,168,False,392,18,6,2,0.3
C,MLP,0,COMPLETE,0.9449613848862708,87,True,83,12,6.025215736203862e-06,0.00014936568554617635
C,MLP,1,PRUNED,0.9246627159633203,176,False,16,118,0.014528246637516038,0.0004335281794951569
C,MLP,2,PRUNED,0.9401600082626587,52,False,68,26,2.8585493941961936e-05,0.006847920095574782
C,MLP,3,PRUNED,0.9379312729103872,45,False,56,70,9.962513222055122e-06,0.003489018845491387
C,MLP,4,PRUNED,0.9333488748068158,127,False,25,9,0.055517216852447225,0.07886714129990492
C,MLP,5,PRUNED,0.9412024885195552,166,True,106,26,4.075596440072871e-06,0.0030586566669785274
C,MLP,6,PRUNED,0.9378780074471772,26,True,99,18,0.00039841905944346893,0.004366473592979638
C,MLP,7,PRUNED,0.9423728276709199,53,True,216,95,0.000976112544311046,0.058293845429947415
C,MLP,8,PRUNED,0.9200453976205385,36,True,39,23,2.2737628102536852e-05,0.030634622106220845
C,MLP,9,PRUNED,0.920216402315059,84,False,23,73,2.359137306347714e-06,0.09133995846860977
C,MLP,10,PRUNED,0.9423788080833269,55,True,82,12,2.725053518871101e-05,0.00018450463532396802
C,MLP,11,COMPLETE,0.9476233059974408,162,True,109,35,7.695322435733988e-06,0.0045350946347798415
C,MLP,12,PRUNED,0.9357152280371811,146,True,32,32,2.125385279901548e-05,0.00012241824068918842
C,MLP,13,PRUNED,0.933556798878698,48,True,25,9,1.5928137034549652e-06,0.0006026341272031369
C,MLP,14,PRUNED,0.9400893672390406,129,True,177,9,5.8079745027730905e-06,0.00015768635253435195
C,MLP,15,PRUNED,0.9422371755896783,139,True,33,56,2.1405162661675253e-05,0.008394804747721626
C,MLP,16,PRUNED,0.9411989535385272,194,True,85,66,0.0007570685132518278,0.005085890270291226
C,MLP,17,PRUNED,0.9411743918468632,142,True,246,89,2.2455033946718028e-06,0.0021578928278361506
C,MLP,18,PRUNED,0.940137378685685,77,True,99,25,1.0353023523292867e-06,0.002607560524948551
C,MLP,19,PRUNED,0.9334567497756445,164,False,134,50,6.907735255883225e-06,0.017112418872853724
C,MLP,20,COMPLETE,0.9520855718393861,107,True,38,16,0.0014451489768340954,0.0013556626326998303
C,MLP,21,PRUNED,0.9423552566536451,148,True,61,17,0.008465337548421934,0.003987947612167979
C,MLP,22,PRUNED,0.9424609844240912,104,True,24,10,0.012899301399480588,0.0028262626935621556
C,MLP,23,PRUNED,0.9445351024159185,139,False,59,10,4.13914606569048e-05,0.0006245947039531386
C,MLP,24,PRUNED,0.9312526000092705,92,True,19,35,0.0003783989715965146,0.0018514967561102742
C,MLP,25,PRUNED,0.9445165378538187,128,False,230,28,1.9559356344308218e-06,0.0004182909609098113
C,MLP,26,PRUNED,0.9401157470221541,104,True,50,10,8.34716079632585e-06,0.00017155332429478036
C,MLP,27,PRUNED,0.9312085184768131,37,False,78,8,6.972967078876187e-06,0.0007324563564392783
C,MLP,28,PRUNED,0.9401197825258341,63,True,46,16,0.005683447606208881,0.00039319664188239143
C,MLP,29,PRUNED,0.9400981271554149,152,True,20,24,0.016295534041578588,0.0002384483531027587
C,MLP,30,COMPLETE,0.9485257930354812,199,False,91,12,2.6840804996301607e-06,0.011537305076511626
C,MLP,31,PRUNED,0.9423140477274862,178,False,153,12,2.726251176844481e-06,0.00553866992717052
C,MLP,32,PRUNED,0.9401424426716068,189,False,41,12,1.4790145376401696e-06,0.01265738035860796
C,MLP,33,PRUNED,0.9312704032750618,169,True,188,21,6.735099101317041e-05,0.013763984994797468
C,MLP,34,PRUNED,0.9423228444137999,127,True,48,18,0.0022873104337832063,0.0003726423956365592
C,MLP,35,PRUNED,0.9423700284096383,174,False,68,12,4.0322133601083536e-05,0.013455874229342683
C,MLP,36,PRUNED,0.9423390121520461,111,True,42,8,6.265825198276142e-05,0.0070178338522328635
C,MLP,37,PRUNED,0.9412765139796313,54,True,179,17,1.4252159221280895e-06,0.00017771701844558147
C,MLP,38,PRUNED,0.8666552768374167,200,False,149,9,3.837328885803296e-06,0.05542255760546749
C,MLP,39,PRUNED,0.9357755648294613,155,True,77,54,7.260242800608469e-06,0.03216828640312775
C,MLP,40,PRUNED,0.9423315848074714,82,False,99,12,1.3787974980000848e-06,0.0001486919475023741
C,MLP,41,PRUNED,0.9423375369117641,136,False,53,8,3.1527807184239335e-05,0.0004944123088231041
C,MLP,42,PRUNED,0.9434166882604312,113,False,50,29,0.00014983881782834336,0.0017341661860083234
C,MLP,43,PRUNED,0.9434189127525316,92,False,64,13,0.00041675908438003014,0.00022971106414882285
C,MLP,44,PRUNED,0.9423124862190698,155,False,55,9,0.0021500131223888713,0.0008754963076893003
C,MLP,45,PRUNED,0.9411999112966234,130,False,136,12,0.00018357001881876792,0.0009691604128388672
C,MLP,46,PRUNED,0.9400893672390406,191,True,66,13,7.631321628457866e-06,0.003375674259015314
C,MLP,47,PRUNED,0.9378750786633852,147,True,127,42,8.322934681199786e-05,0.0029342806197329846
C,MLP,48,PRUNED,0.9356445371949424,128,False,118,19,1.2320067037426282e-06,0.04085215834573468
C,MLP,49,PRUNED,0.9289750114618696,192,True,78,42,2.350731751639409e-05,0.004002484153175842
C,MLP,50,PRUNED,0.9334538023691256,184,True,91,17,1.094199131497623e-06,0.028013641260964433
C,MLP,51,COMPLETE,0.9493947413385335,97,False,46,11,0.0009185527228037618,0.0007072368529048565
C,MLP,52,PRUNED,0.9400891320914015,89,True,96,15,1.927313888089547e-05,0.00023623672816829914
C,MLP,53,PRUNED,0.9423257472661709,96,False,61,18,0.0035441158753667474,0.0062880867656320005
C,MLP,54,PRUNED,0.9423504887698294,108,False,52,8,0.0004869201129143255,0.0018583382600389717
C,MLP,55,PRUNED,0.9400893937136772,179,False,66,20,2.4303137249007544e-06,0.00010409462213418824
C,MLP,56,PRUNED,0.9445305542018521,21,False,44,11,0.0012445473288333138,0.0007625218203893293
C,MLP,57,PRUNED,0.9267931443393405,166,False,50,17,1.0106621094887306e-05,0.0011853010072255825
C,MLP,58,PRUNED,0.9379251239448237,142,True,19,11,0.0001072501815619853,0.00042936696407748953
C,MLP,59,COMPLETE,0.9529442919070068,200,False,87,14,2.046629085438002e-06,0.004726977358028747
C,MLP,60,COMPLETE,0.947620597878192,200,False,112,10,2.0896207707229837e-06,0.0015716296911114265
C,MLP,61,PRUNED,0.94005840476355,185,False,88,17,1.1246812951467616e-06,0.001145766963430894
C,MLP,62,PRUNED,0.93791337637615,116,False,22,14,0.0005665047395479308,0.00045449223314870024
C,MLP,63,PRUNED,0.9378529505711926,185,False,131,10,5.181672595797076e-06,0.001611464691063465
C,MLP,64,PRUNED,0.9402232897536664,196,False,68,25,1.4583985629786464e-05,0.012264137116619835
C,MLP,65,PRUNED,0.9356017129985297,182,False,83,10,1.3786974962586486e-06,0.0023163471898957066
C,MLP,66,PRUNED,0.9422622968438774,193,False,133,8,1.9790600147615756e-06,0.0003879112208189833
C,MLP,67,PRUNED,0.9423393107159809,179,False,75,11,2.6028022700101833e-06,0.008148678915352588
C,MLP,68,COMPLETE,0.9476140275178006,101,True,62,13,0.0033255172830373523,0.0027452309756830482
C,MLP,69,PRUNED,0.9422873974659736,100,True,83,19,0.0016865203886282318,0.004073988266061635
C,MLP,70,PRUNED,0.9356641281059298,66,True,73,8,0.003899184322137079,0.009383008518081647
C,MLP,71,PRUNED,0.9267742496740299,44,True,78,128,0.00012221403524965543,0.003218114276611404
C,MLP,72,PRUNED,0.9423316866411637,72,True,75,11,1.2437668405978946e-06,0.0001720793202262014
C,MLP,73,PRUNED,0.9400982418219119,198,False,114,15,1.0466305717403986e-06,0.01712428866618448
C,MLP,74,PRUNED,0.9367429931372128,73,False,21,19,0.007128346724100213,0.0024357397116366963
C,MLP,75,PRUNED,0.942367084915886,120,True,113,8,0.0009327070392842368,0.0013737872287543334
C,MLP,76,PRUNED,0.9356828280467058,153,True,45,9,0.0016457904642440898,0.00499445955665771
C,MLP,77,PRUNED,0.9356960444110796,58,True,28,12,0.00019685760119205278,0.0014959078706460213
C,MLP,78,PRUNED,0.9389838227556734,96,True,47,10,0.0005170868056313113,0.0011857748918968568
C,MLP,79,PRUNED,0.9423332265635678,148,True,81,26,5.480304817380273e-06,0.002573356741346228
C,MLP,80,PRUNED,0.9357045715844414,81,False,53,21,0.02905411394496628,0.0003461994886841993
C,MLP,81,COMPLETE,0.9476494570639232,72,True,43,16,0.005409920314156882,0.0033051617088105554
C,MLP,82,PRUNED,0.9401409044378252,83,True,31,12,0.01240186528012592,0.0039171564878908716
C,MLP,83,PRUNED,0.9434464181306588,21,True,156,51,5.4314213490694235e-05,0.0002820670182551022
C,MLP,84,PRUNED,0.9434400520670476,94,True,49,37,0.009111800023809333,0.00067482073065381
C,MLP,85,PRUNED,0.9401203503219671,40,True,58,18,0.02086192641474348,0.0037517727054068046
C,MLP,86,PRUNED,0.9378529505711926,131,True,39,35,0.009412975786482118,0.025995143472353602
C,MLP,87,PRUNED,0.9311834169813196,200,True,234,9,5.644574181079881e-06,0.0005443624390079351
C,MLP,88,PRUNED,0.9357456580791275,92,True,17,119,0.014108669120487475,0.00969554018400276
C,MLP,89,PRUNED,0.9356546512701237,93,True,31,26,0.0008109127903816065,0.0014536507160613247
C,MLP,90,PRUNED,0.8952186659264771,119,False,144,117,0.03538488078600358,0.0026344433619380214
C,MLP,91,PRUNED,0.9423316866411637,140,True,153,50,2.765601952959988e-06,0.012301912976445582
C,MLP,92,PRUNED,0.942331737557875,131,False,72,13,1.5916915723628237e-05,0.00013816909820125285
C,MLP,93,PRUNED,0.9334447812900724,63,True,25,26,0.0015420333269129556,0.023210711143605584
C,MLP,94,PRUNED,0.9433667930345998,196,False,63,16,4.108692286372482e-06,0.003943807022826168
C,MLP,95,PRUNED,0.9423552566536451,154,False,174,13,0.00016849471079958436,0.012641366642181424
C,MLP,96,PRUNED,0.9423050467077148,91,True,56,10,0.06934737183951543,0.001412990033711546
C,MLP,97,PRUNED,0.942331737557875,111,False,50,11,1.0099676658336001e-05,0.0021073683000128137
C,MLP,98,PRUNED,0.9400715062562297,92,False,45,12,0.005579355633139477,0.0007495206944829961
C,MLP,99,PRUNED,0.9312085184768131,56,False,17,15,6.777123502550818e-06,0.00047190394898033477
C,MLP,100,PRUNED,0.9423346658716136,123,True,42,16,0.012891778072247829,0.001834919518273516
C,MLP,101,PRUNED,0.9313025702732802,62,True,44,19,0.002317847118636805,0.0023862501474631813
C,MLP,102,PRUNED,0.9401247831758928,34,False,64,16,0.002511072062010887,0.00195873983013434
C,MLP,103,PRUNED,0.9357122410357532,76,False,35,8,8.916471372134777e-05,0.0011029589758709715
C,MLP,104,PRUNED,0.9378898019925229,26,False,21,10,0.0010178719616784951,0.00038021542640995465
C,MLP,105,PRUNED,0.9378871181666691,21,False,41,10,0.004094528850056106,0.0007385501047753358
C,MLP,106,PRUNED,0.937913161980686,49,True,192,24,0.07363459030166528,0.0003453285007322223
C,MLP,107,COMPLETE,0.9520201112623419,199,False,124,18,4.346083848325301e-06,0.003667504259075368
C,MLP,108,PRUNED,0.9356488205293125,155,False,98,21,5.3846218864889905e-06,0.0029757590663056686
C,MLP,109,PRUNED,0.9423110983616576,195,False,129,15,1.3436383803222534e-05,0.003566422257927869
C,MLP,110,PRUNED,0.9268740401900024,192,False,25,102,0.00015009846532158954,0.001158000036832637
C,MLP,111,PRUNED,0.9434057591503417,178,False,204,16,1.4751976439267605e-06,0.0022458154486342356
C,MLP,112,PRUNED,0.9358575310001848,122,True,151,33,0.07030416358945903,0.04022082413644792
C,MLP,113,PRUNED,0.942369875963305,75,True,95,9,0.0002926517704008285,0.0001036149549849065
C,MLP,114,PRUNED,0.9422862935950891,109,True,97,11,1.2964588658752602e-05,0.00013665924193001928
C,MLP,115,PRUNED,0.9389413501840559,170,False,45,17,0.0002499655459836023,0.0001257800774360977
C,MLP,116,PRUNED,0.9379162875895439,132,False,86,10,7.613049996564925e-05,0.0015823207823754022
C,MLP,117,COMPLETE,0.9511560357591335,147,True,119,8,8.405017563010774e-06,0.0061184585364140245
C,MLP,118,COMPLETE,0.9458617320686233,142,True,124,10,6.354973323124357e-05,0.009441327328759307
C,MLP,119,COMPLETE,0.9538367103885304,111,True,226,8,1.1074509588953875e-06,0.006069926394410037
C,MLP,120,PRUNED,0.9379369605124399,119,True,142,11,8.611203961839659e-06,0.01689947910220794
C,MLP,121,PRUNED,0.9433716966526959,138,True,73,13,1.1057789664009012e-05,0.016758456371078707
C,MLP,122,PRUNED,0.9423235334127058,100,True,256,18,5.896144904711459e-06,0.0025728611649625554
C,MLP,123,PRUNED,0.940100068492455,99,True,139,9,1.3167887482852319e-06,0.0028459735263657486
C,MLP,124,COMPLETE,0.9502837352135549,127,True,253,13,2.3727924970260846e-06,0.007863966764550697
C,MLP,125,PRUNED,0.9400805426738067,133,True,237,11,2.791325885194831e-06,0.0022633192878382144
C,MLP,126,PRUNED,0.9401082966872214,61,False,192,10,9.295075993711835e-06,0.005702778487489256
C,MLP,127,PRUNED,0.943424065843414,165,True,176,9,5.513916905854344e-06,0.008670389681691924
C,MLP,128,PRUNED,0.9401202402971042,111,True,248,11,1.3567876073480568e-06,0.012913133330040297
C,MLP,129,PRUNED,0.9434152894900588,126,True,133,9,2.5282507645220693e-05,0.00279987826239442
C,MLP,130,PRUNED,0.9356589126723303,116,False,33,81,0.012068740616041976,0.0005690457737060288
C,MLP,131,PRUNED,0.9445047678511498,195,False,126,34,3.999557533305519e-06,0.0006553955728018962
C,MLP,132,PRUNED,0.935659201724198,150,True,95,8,2.238837085992152e-05,0.010439440751001172
C,MLP,133,PRUNED,0.9335068004415227,112,True,113,8,1.0889928109074552e-06,0.015488958667375924
C,MLP,134,PRUNED,0.9434098600851969,166,True,232,28,2.216205294999588e-06,0.009983427376276539
C,MLP,135,COMPLETE,0.9511505845350609,111,True,47,25,0.0004224584496116037,0.010753596627457881
C,MLP,136,COMPLETE,0.9485693512936602,22,False,197,75,7.720689374968494e-05,0.00931757683485014
C,MLP,137,PRUNED,0.9423520640111898,52,False,84,55,0.0006215597657368769,0.0004722389101971938
C,MLP,138,PRUNED,0.9378750855243867,37,False,204,99,0.00010837969114339704,0.00211815573992181
C,MLP,139,PRUNED,0.9290722759433541,54,False,253,73,6.042041352017613e-05,0.0455143363297709
C,MLP,140,PRUNED,0.9045776544381784,86,False,27,23,2.5021464929634766e-05,0.04299442579915166
C,MLP,141,PRUNED,0.9433840682707975,159,True,204,9,9.985915524937386e-05,0.010482412971123144
C,MLP,142,PRUNED,0.9333711646837821,40,False,141,56,0.00013026047028493487,0.011178805307293135
C,MLP,143,PRUNED,0.9379104514699904,25,False,251,104,2.6530411400956855e-06,0.028700023410966013
C,MLP,144,PRUNED,0.9423300463245092,50,True,201,64,5.255217171456948e-05,0.008191286925408174
C,MLP,145,PRUNED,0.9356501393053714,105,True,35,16,0.001726458663196359,0.010158169144809074
C,MLP,146,PRUNED,0.9422909248895055,165,True,23,22,0.0001892085255519554,0.005875123050815729
C,MLP,147,PRUNED,0.9423125794155018,35,False,177,49,2.013360532828944e-05,0.003492411536548827
C,MLP,148,PRUNED,0.9411905605941406,147,True,115,8,1.5443449027355363e-06,0.0036504210861960196
C,MLP,149,PRUNED,0.9290236848276401,162,False,40,68,0.0003052111643298544,0.020163660189181278
C,SVM-lineal,0,COMPLETE,0.8925891623421187,87,True,3.907967156822881
C,SVM-lineal,1,PRUNED,0.8756704734310952,48,True,157.41890047456639
C,SVM-lineal,2,PRUNED,0.8476187221769896,128,True,659.871107205407
C,SVM-lineal,3,COMPLETE,0.9069100799137976,170,True,0.012601639723276799
C,SVM-lineal,4,PRUNED,0.8825547762396204,75,True,0.055895242052179224
C,SVM-lineal,5,PRUNED,0.8958320868548787,130,False,0.1578232781079558
C,SVM-lineal,6,PRUNED,0.8804301816542496,102,True,1.2173252504194043
C,SVM-lineal,7,PRUNED,0.896859144095985,127,False,0.010547383621352036
C,SVM-lineal,8,PRUNED,0.8624371424534768,31,False,70.85721663941601
C,SVM-lineal,9,PRUNED,0.8914106395304542,75,False,0.4374364439939078
C,SVM-lineal,10,PRUNED,0.8758296982024356,189,True,0.001959351783384089
C,SVM-lineal,11,PRUNED,0.8653145756825019,199,True,3.806159867072551
C,SVM-lineal,12,COMPLETE,0.8988676151743948,166,True,0.06077202716015944
C,SVM-lineal,13,PRUNED,0.8847870960970998,151,True,0.04188561271265482
C,SVM-lineal,14,PRUNED,0.8514790073953635,101,True,0.0015958639775839815
C,SVM-lineal,15,COMPLETE,0.9042465345018833,200,False,0.04784350448440836
C,SVM-lineal,16,PRUNED,0.9002297757430586,184,False,0.05016436886026147
C,SVM-lineal,17,PRUNED,0.8476373177283657,166,False,52.05334287092526
C,SVM-lineal,18,PRUNED,0.8537686097537098,176,False,0.0011957001494686385
C,SVM-lineal,19,PRUNED,0.8694714167662893,187,False,0.28111700328225914
C,SVM-lineal,20,PRUNED,0.8675174588966937,193,False,3.273686791829499
C,SVM-lineal,21,PRUNED,0.8628653542805613,182,True,0.22426297244422155
C,SVM-lineal,22,COMPLETE,0.9059965606410181,173,True,0.027286400362977203
C,SVM-lineal,23,PRUNED,0.8968747125611194,164,True,0.004132085129865493
C,SVM-lineal,24,PRUNED,0.9035799340192425,193,False,0.04741892094423421
C,SVM-lineal,25,PRUNED,0.8991395373516555,91,False,516.5319820594617
C,SVM-lineal,26,PRUNED,0.9023988537634434,128,True,0.052348869790197386
C,SVM-lineal,27,PRUNED,0.8067802032666787,25,False,0.007896338377498757
C,SVM-lineal,28,COMPLETE,0.9024025555248816,187,True,0.011556378938975482
C,SVM-lineal,29,PRUNED,0.8310230584942738,21,True,0.07479593166172943
C,SVM-lineal,30,PRUNED,0.8736801884034701,146,True,0.0018735964425916447
C,SVM-lineal,31,PRUNED,0.8780779172626487,194,True,0.10120440918962469
C,SVM-lineal,32,COMPLETE,0.9068448246220833,186,True,0.010258307932331264
C,SVM-lineal,33,PRUNED,0.9045684664504205,199,True,0.004377582314941948
C,SVM-lineal,34,COMPLETE,0.9051246132019882,195,False,0.023151571753171566
C,SVM-lineal,35,PRUNED,0.9013341726325683,159,True,0.019073718661350356
C,SVM-lineal,36,PRUNED,0.8848929281897258,198,True,0.034947354197766664
C,SVM-lineal,37,COMPLETE,0.9060211821526704,164,False,0.011042839112765924
C,SVM-lineal,38,PRUNED,0.8538347590725518,142,False,0.0014117022039247117
C,SVM-lineal,39,PRUNED,0.9001893687508238,150,False,0.008224863414193151
C,SVM-lineal,40,PRUNED,0.8784096436305469,148,True,2.2787430577767007
C,SVM-lineal,41,PRUNED,0.8958411458742248,194,False,0.003815825051726499
C,SVM-lineal,42,PRUNED,0.9046098234490014,151,False,0.009601592047966815
C,SVM-lineal,43,PRUNED,0.9058201992659032,168,True,0.014031750874120024
C,SVM-lineal,44,COMPLETE,0.901583167259312,163,False,0.014231382470243173
C,SVM-lineal,45,PRUNED,0.8936782730793955,179,True,0.00839834723013889
C,SVM-lineal,46,PRUNED,0.8695113724917477,160,False,0.20640538867318073
C,SVM-lineal,47,PRUNED,0.8892553913351966,153,True,0.02885174980247399
C,SVM-lineal,48,PRUNED,0.8892378147465547,71,True,621.464302026965
C,SVM-lineal,49,COMPLETE,0.9086528854042364,183,False,0.013734330576112898
C,SVM-lineal,50,PRUNED,0.8450010339372426,89,False,0.001469008465425143
C,SVM-lineal,51,COMPLETE,0.9077876226800268,176,False,0.016150342079701445
C,SVM-lineal,52,PRUNED,0.8782850709135315,156,False,0.038098244688833424
C,SVM-lineal,53,PRUNED,0.9035991095188811,166,False,0.023743027750056336
C,SVM-lineal,54,PRUNED,0.8625290589775148,183,False,0.0018202983504851428
C,SVM-lineal,55,PRUNED,0.8915592565795456,120,False,2.0670510360775642
C,SVM-lineal,56,PRUNED,0.891441899826573,168,True,0.059496579571169196
C,SVM-lineal,57,COMPLETE,0.9060001735000214,184,False,0.013228709385418503
C,SVM-lineal,58,COMPLETE,0.9050834714793419,184,False,0.0198296356894811
C,SVM-lineal,59,COMPLETE,0.9095508339768914,171,False,0.020237333044532763
C,SVM-lineal,60,PRUNED,0.8826227881641024,164,False,0.05081856903993539
C,SVM-lineal,61,PRUNED,0.8693837675618344,55,True,8.79849389758539
C,SVM-lineal,62,COMPLETE,0.9068942374551401,176,False,0.01748439827178844
C,SVM-lineal,63,PRUNED,0.8914241836872323,139,False,0.08822255762688383
C,SVM-lineal,64,PRUNED,0.9047297825769651,166,False,0.01649361116813956
C,SVM-lineal,65,PRUNED,0.8652587766138224,194,True,118.97238152491438
C,SVM-lineal,66,PRUNED,0.9080051421392736,167,False,0.006950806075078265
C,SVM-lineal,67,PRUNED,0.8563259261903186,177,False,965.6482791446289
C,SVM-lineal,68,PRUNED,0.8958778907338754,192,False,0.008008635150699788
C,SVM-lineal,69,PRUNED,0.8870602425517495,196,False,0.08222605890458969
C,SVM-lineal,70,PRUNED,0.8848165495706479,164,False,0.06772942889488237
C,SVM-lineal,71,PRUNED,0.8936782730793955,170,False,0.0044528070995339605
C,SVM-lineal,72,PRUNED,0.9079742364218724,186,False,0.006509566031581445
C,SVM-lineal,73,PRUNED,0.8803922828731798,185,False,0.08218931532105161
C,SVM-lineal,74,PRUNED,0.8846221584967412,178,True,0.0022864951266768586
C,SVM-lineal,75,PRUNED,0.9069624686832065,168,False,0.014835508948822766
C,SVM-lineal,76,COMPLETE,0.9059605369967146,187,False,0.01047899596357208
C,SVM-lineal,77,PRUNED,0.8649609171195136,155,False,0.0017963032817955565
C,SVM-lineal,78,PRUNED,0.8957763029093389,126,False,0.017891038944536836
C,SVM-lineal,79,PRUNED,0.8936768149882904,169,False,0.07107820305912546
C,SVM-lineal,80,PRUNED,0.8935708843696888,200,True,0.005118775961466631
C,SVM-lineal,81,PRUNED,0.813768659336034,58,True,0.0021727870818520865
C,SVM-lineal,82,PRUNED,0.8826726457487419,161,True,0.21738462754176507
C,SVM-lineal,83,PRUNED,0.8968913095182516,151,True,0.00601451919879397
C,SVM-lineal,84,COMPLETE,0.902494983887163,192,True,0.014162471245103765
C,SVM-lineal,85,PRUNED,0.887091108233856,166,True,0.05168378513563461
C,SVM-lineal,86,PRUNED,0.8936782730793955,199,False,0.017362795426082715
C,SVM-lineal,87,PRUNED,0.8936885265341226,174,True,0.03377426777145212
C,SVM-lineal,88,PRUNED,0.8892726998056203,104,True,17.51964764675667
C,SVM-lineal,89,PRUNED,0.9080239318739872,164,False,0.012216998415176388
C,SVM-lineal,90,PRUNED,0.9001830454119426,137,True,0.015129255897615894
C,SVM-lineal,91,COMPLETE,0.9059504103527966,198,False,0.005887543768114048
C,SVM-lineal,92,PRUNED,0.9069146122741883,169,False,0.017100633549929495
C,SVM-lineal,93,PRUNED,0.8736728042740813,193,False,0.0020719322682095104
C,SVM-lineal,94,PRUNED,0.8915256211093272,198,False,0.06877893591882214
C,SVM-lineal,95,PRUNED,0.8914448164847639,167,False,0.00401282173042146
C,SVM-lineal,96,PRUNED,0.8713610964058781,57,False,0.6251571493881186
C,SVM-lineal,97,PRUNED,0.8519750483386694,164,False,0.9502940859667008
C,SVM-lineal,98,PRUNED,0.8914962057064252,162,False,0.028389971614729483
C,SVM-lineal,99,PRUNED,0.8914065764366914,163,True,0.006049288236431098
C,SVM-lineal,100,PRUNED,0.8803864168618267,197,True,0.1082200181760965
C,SVM-lineal,101,PRUNED,0.9068041556034098,200,False,0.004643472541716477
C,SVM-lineal,102,COMPLETE,0.9104403437411157,195,False,0.008642117901836232
C,SVM-lineal,103,COMPLETE,0.9095572406735727,189,False,0.017153613694426015
C,SVM-lineal,104,PRUNED,0.8803922828731798,185,False,0.08924769944504893
C,SVM-lineal,105,PRUNED,0.8492159844867303,34,False,550.9979700788599
C,SVM-lineal,106,PRUNED,0.9080121746919532,173,False,0.020425122856913502
C,SVM-lineal,107,PRUNED,0.9047037984185681,192,False,0.02756114036872917
C,SVM-lineal,108,PRUNED,0.9047056988229174,165,False,0.008875124790407404
C,SVM-lineal,109,PRUNED,0.9080020358155704,178,True,0.009133218707396765
C,SVM-lineal,110,PRUNED,0.8959117169838169,181,False,0.026377127535121773
C,SVM-lineal,111,PRUNED,0.895873502817417,200,False,0.01433689311326138
C,SVM-lineal,112,PRUNED,0.8538711548962459,199,False,0.001047366653961399
C,SVM-lineal,113,COMPLETE,0.9069050184839546,173,False,0.019087253089552975
C,SVM-lineal,114,PRUNED,0.8826387955705899,156,False,0.04210157100236437
C,SVM-lineal,115,PRUNED,0.9047027038872962,160,False,0.011448611627314137
C,SVM-lineal,116,PRUNED,0.8915285100633561,78,True,0.2578447318699073
C,SVM-lineal,117,COMPLETE,0.9077701404867351,171,False,0.024261354192931076
C,SVM-lineal,118,PRUNED,0.8629561569268698,162,False,0.25804305916825443
C,SVM-lineal,119,PRUNED,0.8979777206218903,136,False,0.01247978897949919
C,SVM-lineal,120,PRUNED,0.8892099252289011,176,False,0.06531813948361159
C,SVM-lineal,121,PRUNED,0.8936782730793955,164,False,0.00433401430670446
C,SVM-lineal,122,COMPLETE,0.9086516796969116,179,False,0.015134536079390068
C,SVM-lineal,123,COMPLETE,0.9095508339768914,171,False,0.01999988908225695
C,SVM-lineal,124,PRUNED,0.9080208848807212,171,False,0.025357497981408763
C,SVM-lineal,125,PRUNED,0.8958823015809149,159,False,0.02523356247588734
C,SVM-lineal,126,PRUNED,0.891483053581745,175,False,0.048932781708206585
C,SVM-lineal,127,PRUNED,0.8670077725266571,165,False,0.0017472723769908255
C,SVM-lineal,128,PRUNED,0.8959469667055537,178,False,0.0367991822509646
C,SVM-lineal,129,PRUNED,0.8892554522850111,150,False,0.03190957693392854
C,SVM-lineal,130,PRUNED,0.8803686622049877,193,False,0.13514650548220833
C,SVM-lineal,131,PRUNED,0.9079981930966294,186,False,0.008897422512186861
C,SVM-lineal,132,COMPLETE,0.9042515238324906,189,False,0.012459284691694293
C,SVM-lineal,133,COMPLETE,0.9077902558845607,162,False,0.010449862244411797
C,SVM-lineal,134,PRUNED,0.8825051035460643,137,False,0.004160285565400343
C,SVM-lineal,135,COMPLETE,0.9086709821965575,163,False,0.011033494412737523
C,SVM-lineal,136,PRUNED,0.8738167814341278,144,False,0.1549322221868692
C,SVM-lineal,137,PRUNED,0.8937116688697213,95,False,34.96763966349273
C,SVM-lineal,138,PRUNED,0.9057884336477237,170,False,0.007583590138300235
C,SVM-lineal,139,PRUNED,0.8991064840359289,155,False,0.005708775901832349
C,SVM-lineal,140,COMPLETE,0.9095573458300039,171,False,0.02288294847665302
C,SVM-lineal,141,PRUNED,0.8826624448317841,162,False,0.05641422318247723
C,SVM-lineal,142,PRUNED,0.9036321672203177,166,False,0.017017961193792508
C,SVM-lineal,143,PRUNED,0.9046886194511375,168,False,0.008066903840753162
C,SVM-lineal,144,PRUNED,0.9035895347877408,200,False,0.028380106268678287
C,SVM-lineal,145,PRUNED,0.9013462960041991,173,False,0.03610521905026644
C,SVM-lineal,146,PRUNED,0.8981069364814676,175,False,0.00679713772022594
C,SVM-lineal,147,PRUNED,0.9057665112525461,175,False,0.02879597879654958
C,SVM-lineal,148,PRUNED,0.8692514991168102,160,True,0.0014562967340195833
C,SVM-lineal,149,PRUNED,0.8892642101092784,150,False,0.06527737347076218
C,SVM-RBF,0,COMPLETE,0.9529543776433556,87,True,39.07967156822882,scale,
C,SVM-RBF,1,PRUNED,0.7280148627266149,176,False,0.013289448722869189,scale,
C,SVM-RBF,2,PRUNED,0.8027162337052038,52,False,14.077923139972402,value,6.870101665590028e-05
C,SVM-RBF,3,PRUNED,0.8759247620633897,72,False,514.1096648805745,value,1.8997763474111268e-05
C,SVM-RBF,4,COMPLETE,0.953821824134665,129,True,4935.296209402097,scale,
C,SVM-RBF,5,PRUNED,0.6371221968881227,37,True,0.05397956855996446,value,0.0003570095960030948
C,SVM-RBF,6,PRUNED,0.9511589994050694,139,False,19.06609163818846,auto,
C,SVM-RBF,7,COMPLETE,0.9582653700158439,190,True,3398.1724150105933,auto,
C,SVM-RBF,8,PRUNED,0.9003418496926381,78,True,938.4800715909536,value,7.007213496896404e-05
C,SVM-RBF,9,PRUNED,0.0,165,False,430.00015861626076,value,0.17423847570785803
C,SVM-RBF,10,PRUNED,0.9500747179037723,155,True,399.17949668548556,auto,
C,SVM-RBF,11,COMPLETE,0.9591515368450916,191,True,6175.664921241783,scale,
C,SVM-RBF,12,COMPLETE,0.9591505085172896,187,True,7748.677128333485,auto,
C,SVM-RBF,13,PRUNED,0.9511388541014402,181,False,616.0702485754964,scale,
C,SVM-RBF,14,COMPLETE,0.9600403675722899,194,True,38.605463533205395,scale,
C,SVM-RBF,15,PRUNED,0.9555924036561465,192,True,2.161618239979632,scale,
C,SVM-RBF,16,PRUNED,0.9556043870804228,200,True,114.96830061954618,scale,
C,SVM-RBF,17,PRUNED,0.0,162,True,12.647598951788192,value,9.46453301440364
C,SVM-RBF,18,PRUNED,0.9544904048233617,200,True,2889.0410554127257,scale,
C,SVM-RBF,19,PRUNED,0.9467028186660371,148,True,23.872802835568486,scale,
C,SVM-RBF,20,PRUNED,0.8007022547423115,103,True,0.018578373731319573,scale,
C,SVM-RBF,21,PRUNED,0.9489451792050057,124,False,9754.855294955041,auto,
C,SVM-RBF,22,PRUNED,0.9489318918224954,146,True,6646.91840027981,auto,
C,SVM-RBF,23,PRUNED,0.9511388541014402,178,True,2092.998174416551,value,0.005596124862186214
C,SVM-RBF,24,PRUNED,0.7623836924870966,169,True,0.017982987154150424,auto,
C,SVM-RBF,25,COMPLETE,0.9591505085172896,187,False,544.0665346755885,auto,
C,SVM-RBF,26,PRUNED,0.9555924036561465,190,True,2.4527856119879323,auto,
C,SVM-RBF,27,PRUNED,0.9489274830100342,161,True,4499.230286142154,scale,
C,SVM-RBF,28,PRUNED,0.8046113560641022,21,False,0.0252089361756249,scale,
C,SVM-RBF,29,PRUNED,0.9423611471052402,81,True,21.893281320518064,auto,
C,SVM-RBF,30,PRUNED,0.9544904048233617,199,True,5455.678028476556,auto,
C,SVM-RBF,31,PRUNED,0.5581737390857234,120,False,0.2990344075397404,value,0.042164921585970114
C,SVM-RBF,32,PRUNED,0.9556117802365721,191,False,173.03725325985948,auto,
C,SVM-RBF,33,COMPLETE,0.9600366753465372,186,False,886.7339841047908,auto,
C,SVM-RBF,34,PRUNED,0.9533841821334585,179,True,86.25855728837604,scale,
C,SVM-RBF,35,PRUNED,0.9511388541014402,176,False,7900.061843678362,auto,
C,SVM-RBF,36,PRUNED,0.9544904048233617,199,False,6826.119376109872,scale,
C,SVM-RBF,37,PRUNED,0.9544904048233617,198,True,6479.840701483496,scale,
C,SVM-RBF,38,PRUNED,0.9401732278740147,80,False,11.690855811795043,scale,
C,SVM-RBF,39,PRUNED,0.9555925896171086,186,False,5.664422036218222,scale,
C,SVM-RBF,40,PRUNED,0.9357343861795542,23,False,310.5760806640872,auto,
C,SVM-RBF,41,PRUNED,0.9489245400371633,171,False,249.38148788992544,auto,
C,SVM-RBF,42,PRUNED,0.9446018390549458,65,False,8276.504572289985,scale,
C,SVM-RBF,43,COMPLETE,0.9591515368450916,191,True,55.78650546382494,auto,
C,SVM-RBF,44,PRUNED,0.9544904048233617,200,True,46.9096016843791,auto,
C,SVM-RBF,45,PRUNED,0.9489245400371633,171,True,78.80328717643332,auto,
C,SVM-RBF,46,PRUNED,0.9444574571886518,40,True,2.9244792610514603,scale,
C,SVM-RBF,47,PRUNED,0.9266957171382191,195,False,0.5365668621855282,auto,
C,SVM-RBF,48,PRUNED,0.0,198,True,22.823680107893573,value,0.6056182085722401
C,SVM-RBF,49,PRUNED,0.9544904048233617,196,True,370.529681338797,auto,
C,SVM-RBF,50,PRUNED,0.9533826962868021,198,False,542.236124051269,value,0.004202985871177606
C,SVM-RBF,51,PRUNED,0.8666978529404357,75,False,0.09767539927765846,auto,
C,SVM-RBF,52,PRUNED,0.9556071649543812,188,False,384.8962546986827,auto,
C,SVM-RBF,53,PRUNED,0.955596829910455,195,False,1428.4775693400056,auto,
C,SVM-RBF,54,PRUNED,0.9555955478179221,170,True,2954.7762914809286,auto,
C,SVM-RBF,55,PRUNED,0.9490262330989696,30,True,416.6661958240511,scale,
C,SVM-RBF,56,PRUNED,0.9555984814672084,139,False,1565.6127053805312,scale,
C,SVM-RBF,57,COMPLETE,0.9582653700158439,190,True,76.15313194054676,scale,
C,SVM-RBF,58,PRUNED,0.9467028186660371,147,False,220.1579413691375,auto,
C,SVM-RBF,59,PRUNED,0.7712057564115277,182,True,0.02077160836275911,scale,
C,SVM-RBF,60,PRUNED,0.9544904048233617,198,True,9191.228998127755,auto,
C,SVM-RBF,61,PRUNED,0.9489245400371633,171,True,2575.9027891201113,auto,
C,SVM-RBF,62,PRUNED,0.0,194,True,1678.5357991772378,value,7.4682118634425345
C,SVM-RBF,63,PRUNED,0.9544904048233617,198,True,18.289013190596496,scale,
C,SVM-RBF,64,PRUNED,0.9555955478179221,182,True,1335.5385618669065,scale,
C,SVM-RBF,65,PRUNED,0.9533679395277845,176,True,308.2093989405682,auto,
C,SVM-RBF,66,PRUNED,0.9544904048233617,198,False,8340.950192222675,auto,
C,SVM-RBF,67,PRUNED,0.9489274830100342,160,True,8565.668764267388,auto,
C,SVM-RBF,68,PRUNED,0.9533679395277845,173,True,6431.74933084621,scale,
C,SVM-RBF,69,PRUNED,0.890526711140742,133,True,7428.943967665837,value,0.03017448276768041
C,SVM-RBF,70,PRUNED,0.9555925748846219,151,True,5.119461580540188,auto,
C,SVM-RBF,71,PRUNED,0.9533679395277845,164,True,35.71010496325867,scale,
C,SVM-RBF,72,PRUNED,0.9555955478179221,180,True,168.44128071027455,scale,
C,SVM-RBF,73,PRUNED,0.955596829910455,195,True,5.6514109138196655,scale,
C,SVM-RBF,74,PRUNED,0.9555955478179221,182,False,143.8206209444115,scale,
C,SVM-RBF,75,PRUNED,0.9544904048233617,197,True,5167.495134555975,auto,
C,SVM-RBF,76,PRUNED,0.953379569911338,184,True,130.4884246988822,scale,
C,SVM-RBF,77,COMPLETE,0.9600403675722899,194,False,239.26967250075938,auto,
C,SVM-RBF,78,PRUNED,0.9533885796787073,155,False,18.882505002062608,auto,
C,SVM-RBF,79,PRUNED,0.954493365962645,189,False,18.092289297369227,auto,
C,SVM-RBF,80,PRUNED,0.9555955478179221,167,False,1360.5239365436873,auto,
C,SVM-RBF,81,PRUNED,0.9544904048233617,199,False,540.8493107870515,auto,
C,SVM-RBF,82,PRUNED,0.954493365962645,189,False,48.58685888029803,auto,
C,SVM-RBF,83,PRUNED,0.9445622638550861,158,False,3912.171421379489,value,0.0016982997430235397
C,SVM-RBF,84,PRUNED,0.9555895626593652,104,True,320.6724594489306,scale,
C,SVM-RBF,85,COMPLETE,0.9582616777900912,189,True,229.06448341369085,auto,
C,SVM-RBF,86,PRUNED,0.9511388541014402,181,False,511.2218775250392,auto,
C,SVM-RBF,87,PRUNED,0.8253888719128519,86,False,31.63796944737405,value,1.0634963720334109e-05
C,SVM-RBF,88,PRUNED,0.9544904048233617,200,True,1520.5479979639224,scale,
C,SVM-RBF,89,PRUNED,0.955596829910455,195,False,356.1059077649704,auto,
C,SVM-RBF,90,PRUNED,0.015331880803015896,91,True,0.15168269100777002,value,0.11578949883169042
C,SVM-RBF,91,COMPLETE,0.9600403675722899,194,True,74.85197820051259,auto,
C,SVM-RBF,92,COMPLETE,0.9582616777900912,188,True,9.999859413248437,auto,
C,SVM-RBF,93,PRUNED,0.8488085464576667,23,True,0.09161165625881629,auto,
C,SVM-RBF,94,PRUNED,0.9489466779356783,142,True,193.23807550025123,auto,
C,SVM-RBF,95,PRUNED,0.955596829910455,195,True,631.491480320518,auto,
C,SVM-RBF,96,PRUNED,0.9423609755764772,72,True,1980.698563270921,auto,
C,SVM-RBF,97,PRUNED,0.9488934990356832,141,True,1.001892462726175,scale,
C,SVM-RBF,98,PRUNED,0.7327653340746854,158,False,0.01122902221404257,auto,
C,SVM-RBF,99,PRUNED,0.953379569911338,184,True,16.660167163085575,auto,
C,SVM-RBF,100,PRUNED,0.8341800818819851,186,True,0.40555553811572825,value,0.000674566775214243
C,SVM-RBF,101,COMPLETE,0.9582616777900912,188,True,267.35080592092845,auto,
C,SVM-RBF,102,COMPLETE,0.9582616777900912,189,True,83.64370779922633,auto,
C,SVM-RBF,103,PRUNED,0.9544904048233617,198,True,104.82192131581955,auto,
C,SVM-RBF,104,COMPLETE,0.9600360852773429,192,True,100.5261225730321,scale,
C,SVM-RBF,105,PRUNED,0.0,149,False,18.46738060388869,value,0.8047391516523631
C,SVM-RBF,106,PRUNED,0.9555955478179221,170,True,76.41987035062424,scale,
C,SVM-RBF,107,COMPLETE,0.9582653700158439,190,True,68.13295879737558,scale,
C,SVM-RBF,108,PRUNED,0.9511388541014402,166,True,92.01732188752143,value,0.008968921034352878
C,SVM-RBF,109,PRUNED,0.9544904048233617,197,True,48.32701857033399,scale,
C,SVM-RBF,110,COMPLETE,0.9591462244563249,186,True,5801.739036171128,scale,
C,SVM-RBF,111,PRUNED,0.9533708834837358,145,True,7684.16327575321,scale,
C,SVM-RBF,112,PRUNED,0.9555955478179221,180,True,2988.766409214938,scale,
C,SVM-RBF,113,PRUNED,0.9544904048233617,200,True,1901.2426375485124,scale,
C,SVM-RBF,114,PRUNED,0.9511388541014402,178,True,9596.570864833002,auto,
C,SVM-RBF,115,PRUNED,0.7919155943603853,76,False,0.019807522351297124,scale,
C,SVM-RBF,116,COMPLETE,0.9591515368450916,191,True,2891.7534034409186,scale,
C,SVM-RBF,117,COMPLETE,0.9591515368450916,191,True,6185.679780045101,scale,
C,SVM-RBF,118,PRUNED,0.953379569911338,184,True,2862.1230245518213,scale,
C,SVM-RBF,119,COMPLETE,0.9582616777900912,189,True,8572.77772542926,scale,
C,SVM-RBF,120,PRUNED,0.9511742700382924,154,True,3928.0848220356925,scale,
C,SVM-RBF,121,COMPLETE,0.9600360852773429,192,True,1176.5084671347067,scale,
C,SVM-RBF,122,COMPLETE,0.9600366753465372,187,True,9607.878255388068,scale,
C,SVM-RBF,123,PRUNED,0.9511388541014402,176,True,7279.398908892322,scale,
C,SVM-RBF,124,PRUNED,0.9544904048233617,197,True,489.87005054912146,scale,
C,SVM-RBF,125,PRUNED,0.953379569911338,183,True,3821.1980005582573,scale,
C,SVM-RBF,126,PRUNED,0.955596829910455,195,False,2119.6388575911724,scale,
C,SVM-RBF,127,PRUNED,0.9544904048233617,199,True,4171.690315022819,scale,
C,SVM-RBF,128,PRUNED,0.9555955478179221,166,False,1922.4453271715904,auto,
C,SVM-RBF,129,COMPLETE,0.9600360852773429,192,True,5961.169860684467,scale,
C,SVM-RBF,130,PRUNED,0.9533679395277845,173,True,9918.634196765366,scale,
C,SVM-RBF,131,PRUNED,0.9399830117418495,129,False,0.661715094975179,scale,
C,SVM-RBF,132,PRUNED,0.0,198,True,9011.38559178341,value,0.9570199369730343
C,SVM-RBF,133,PRUNED,0.955596829910455,195,True,827.3715540317869,scale,
C,SVM-RBF,134,PRUNED,0.951141787730138,162,False,9125.737426068712,scale,
C,SVM-RBF,135,PRUNED,0.9489230516004334,31,False,3.3943135583561217,scale,
C,SVM-RBF,136,PRUNED,0.10904988750854111,22,False,0.03638130795887234,value,0.0002774419954675788
C,SVM-RBF,137,PRUNED,0.9544904048233617,197,True,3859.3250877651535,scale,
C,SVM-RBF,138,PRUNED,0.9467028186660371,150,True,212.62218542766942,scale,
C,SVM-RBF,139,COMPLETE,0.9582653700158439,190,True,9522.418907682062,scale,
C,SVM-RBF,140,COMPLETE,0.9600403675722899,193,False,211.10788433602787,auto,
C,SVM-RBF,141,PRUNED,0.9555955478179221,168,False,89.19497082875375,auto,
C,SVM-RBF,142,COMPLETE,0.9582653700158439,191,False,204.76378283350402,auto,
C,SVM-RBF,143,PRUNED,0.9544904048233617,200,False,1065.3668197106597,auto,
C,SVM-RBF,144,PRUNED,0.9533679395277845,177,False,1413.6511552817765,auto,
C,SVM-RBF,145,PRUNED,0.9544904048233617,200,False,16.910346649368996,auto,
C,SVM-RBF,146,COMPLETE,0.9600403675722899,194,False,116.07793158721763,auto,
C,SVM-RBF,147,PRUNED,0.9556071649543812,188,False,56.97344521014728,auto,
C,SVM-RBF,148,PRUNED,0.9555955478179221,167,True,616.4339243488429,scale,
C,SVM-RBF,149,PRUNED,0.9544904048233617,199,True,608.6764975426407,scale,
C,SVM-polinomial,0,COMPLETE,0.9379330553473162,87,True,9.846738873614559,2,0.46798356100860794
C,SVM-polinomial,1,PRUNED,0.9224674291639321,30,True,34.70266988650411,2,2.909729556485983
C,SVM-polinomial,2,COMPLETE,0.9475755325384269,170,True,0.08260808399079603,3,1.5742692948967134
C,SVM-polinomial,3,PRUNED,0.937770199430096,98,False,0.04982752357076448,3,1.099085529881075
C,SVM-polinomial,4,COMPLETE,0.9520872381137664,102,True,3.725393839578884,4,0.13935123815999317
C,SVM-polinomial,5,PRUNED,0.9445622638550861,129,True,555.1721685244722,5,2.4251920443493833
C,SVM-polinomial,6,PRUNED,0.9334152800778275,75,False,1.587678152692399,2,1.4855307303338106
C,SVM-polinomial,7,PRUNED,0.9268855639370807,26,True,20.54051942538844,3,1.5602040635334324
C,SVM-polinomial,8,PRUNED,0.9423287710566239,118,False,75.10418138777538,5,2.6844820512829464
C,SVM-polinomial,9,PRUNED,0.9178369921010885,128,True,0.09548041810464164,2,0.975990992289793
C,SVM-polinomial,10,PRUNED,0.9478649149752151,118,True,1.062763553407064,5,0.44094576595462154
C,SVM-polinomial,11,COMPLETE,0.9547152139152504,190,True,0.28835825990895697,3,2.5484114509833042
C,SVM-polinomial,12,COMPLETE,0.9538874072880967,160,True,14.899494156557203,3,2.1549956026608914
C,SVM-polinomial,13,PRUNED,0.953426887755751,146,True,0.26426732961212523,3,2.9125507864261553
C,SVM-polinomial,14,PRUNED,0.9445946638065782,179,True,13.024520716862027,4,2.4422504134461374
C,SVM-polinomial,15,PRUNED,0.9446358180629767,140,True,136.789987713449,2,1.8974882354048987
C,SVM-polinomial,16,PRUNED,0.9446152545886096,187,True,13.691950941253573,2,2.900409759680219
C,SVM-polinomial,17,COMPLETE,0.9484703820340654,156,False,0.01894784206508426,4,2.5034891194146884
C,SVM-polinomial,18,PRUNED,0.9445286456410021,194,False,71.80676537980746,3,2.1980063883153216
C,SVM-polinomial,19,PRUNED,0.9156315408540522,181,False,0.08017246506680724,2,2.3311474260565594
C,SVM-polinomial,20,PRUNED,0.9467705681709686,92,True,4.875162806353978,4,2.6326878520348984
C,SVM-polinomial,21,COMPLETE,0.9529784120032879,127,True,28.651262181356678,4,0.13152934440644606
C,SVM-polinomial,22,PRUNED,0.9511551025997144,121,True,91.08496921388918,4,0.4891073023340735
C,SVM-polinomial,23,COMPLETE,0.9600441717275296,167,True,1.166999039136316,3,0.25771172211664783
C,SVM-polinomial,24,COMPLETE,0.9529504615567918,180,True,3.9197018888288837,2,0.1737206689620174
C,SVM-polinomial,25,COMPLETE,0.9547325743493253,191,False,13.166738538707113,3,0.441841988590446
C,SVM-polinomial,26,COMPLETE,0.9538536370462698,167,False,19.204012090973897,3,0.5629506995778221
C,SVM-polinomial,27,PRUNED,0.9355617756843524,187,True,0.10833991431847469,4,0.5029682365215812
C,SVM-polinomial,28,COMPLETE,0.9600610099573249,191,True,2.9979293470946367,3,0.9983842200224835
C,SVM-polinomial,29,PRUNED,0.8504726569763503,200,False,0.14012305883277956,3,0.0485498121286122
C,SVM-polinomial,30,PRUNED,0.9489777794693399,187,True,111.69657970443768,4,1.1102764703031502
C,SVM-polinomial,31,COMPLETE,0.9582813000738877,194,True,2.1591754208288774,3,0.9636152263396106
C,SVM-polinomial,32,PRUNED,0.9500948058375392,154,False,1.4296720291135934,4,1.3947562379338174
C,SVM-polinomial,33,COMPLETE,0.9600555607586374,187,True,0.8987685032275193,3,1.1425535915958756
C,SVM-polinomial,34,PRUNED,0.9556338886189479,180,True,0.6874979464827302,3,1.1579507589364881
C,SVM-polinomial,35,PRUNED,0.9445946638065782,183,True,9.452408015044051,2,1.3056929709921985
C,SVM-polinomial,36,PRUNED,0.9534460850589958,181,True,5.564584029430935,3,0.6608329707765084
C,SVM-polinomial,37,PRUNED,0.9533354204060356,138,True,0.34581550477068407,3,0.4702100369481953
C,SVM-polinomial,38,PRUNED,0.9512199886694407,188,True,3.590121696676293,3,1.1973595493961173
C,SVM-polinomial,39,PRUNED,0.9423140477274862,183,False,0.14802337863028062,3,1.1189097768727039
C,SVM-polinomial,40,PRUNED,0.9243864976809152,29,False,0.3293121594253531,3,0.313415860820647
C,SVM-polinomial,41,PRUNED,0.9490013911913603,194,False,7.902710686724791,3,0.18052541158679652
C,SVM-polinomial,42,PRUNED,0.9467853893624663,149,False,3.3612111517959393,2,1.0520591488306175
C,SVM-polinomial,43,PRUNED,0.9467146514889064,189,True,0.5750392345835088,3,0.322778665591822
C,SVM-polinomial,44,PRUNED,0.9511481799353638,93,False,0.044831982085753445,5,1.1931840006358896
C,SVM-polinomial,45,PRUNED,0.9467883817648575,194,True,7.0359850555806,4,0.27841691109032807
C,SVM-polinomial,46,PRUNED,0.9512037779335865,184,False,74.71010117798056,4,0.8037275065922006
C,SVM-polinomial,47,PRUNED,0.9423609755764772,68,False,660.8028241870101,4,1.8095948133957473
C,SVM-polinomial,48,PRUNED,0.9500857554543373,177,False,971.2905031234804,3,0.17725518918028826
C,SVM-polinomial,49,PRUNED,0.9401070869809214,187,True,0.5362486816333905,2,1.2062510519070326
C,SVM-polinomial,50,PRUNED,0.9556250169823701,156,True,0.8847986840322704,4,1.1410679065786975
C,SVM-polinomial,51,PRUNED,0.8537934679509518,190,True,0.02175592113316857,2,2.5880092085591673
C,SVM-polinomial,52,PRUNED,0.9534121800543001,196,True,1.1183469312714396,3,1.0600832810715768
C,SVM-polinomial,53,PRUNED,0.9445832743878354,158,True,0.8873760691509842,3,2.292710760753175
C,SVM-polinomial,54,PRUNED,0.9533989382783609,185,True,0.23538252325930656,3,1.7499863383168188
C,SVM-polinomial,55,PRUNED,0.9467662840424713,196,False,0.8845208633631018,4,2.5076617773834324
C,SVM-polinomial,56,COMPLETE,0.9565026808547907,169,True,0.03512566742276476,5,1.9995174720474762
C,SVM-polinomial,57,PRUNED,0.9512199671492244,142,True,0.09467272655041051,5,2.1330534452121444
C,SVM-polinomial,58,PRUNED,0.9512008143698365,113,True,4.64669477697561,3,1.3843148693205307
C,SVM-polinomial,59,COMPLETE,0.9600561533717139,193,True,0.17740104561411363,5,2.084756129683053
C,SVM-polinomial,60,PRUNED,0.9511388486944977,68,True,0.02970534617867898,4,2.018726157905545
C,SVM-polinomial,61,PRUNED,0.9534298958433578,173,True,0.08742333098740081,5,1.9926252396924948
C,SVM-polinomial,62,PRUNED,0.9467146514889064,179,True,0.010186914677048162,5,1.6467905558585274
C,SVM-polinomial,63,COMPLETE,0.9582817454924047,189,False,0.0352403200489129,5,2.2619893031525677
C,SVM-polinomial,64,PRUNED,0.9533989382783609,193,False,0.010611726762778995,5,2.7338365352261285
C,SVM-polinomial,65,PRUNED,0.9534121800543001,197,False,0.15706807210953,5,1.8813689374034293
C,SVM-polinomial,66,PRUNED,0.953446095324648,166,True,4.032036220723616,5,1.9915066209162897
C,SVM-polinomial,67,PRUNED,0.953450481237054,159,True,0.02700091862285986,5,2.422845095823728
C,SVM-polinomial,68,PRUNED,0.9533664520741352,176,False,0.016943042112974555,5,1.669238177440908
C,SVM-polinomial,69,PRUNED,0.9534107264347103,196,True,0.17937505685263122,5,2.5897022589094543
C,SVM-polinomial,70,PRUNED,0.9511935829216315,185,True,0.1599059806862167,5,1.3776111738899735
C,SVM-polinomial,71,COMPLETE,0.95827779786409,163,True,1.2103506026836397,3,0.7856597917161142
C,SVM-polinomial,72,PRUNED,0.9533974528084947,158,True,6.171910969788259,3,0.602330871111275
C,SVM-polinomial,73,PRUNED,0.9489920510769078,157,False,0.263481281929968,5,2.6058391324166617
C,SVM-polinomial,74,PRUNED,0.9467175871023915,195,True,0.017429126858942517,4,2.392281165828837
C,SVM-polinomial,75,PRUNED,0.9500827355017768,190,True,6.463607521452496,4,1.2004210124497017
C,SVM-polinomial,76,COMPLETE,0.9564956989155453,121,True,1.1670710353136131,3,0.38610927709534304
C,SVM-polinomial,77,COMPLETE,0.9591705649475827,192,True,9.479761095264712,3,0.7746997243720468
C,SVM-polinomial,78,PRUNED,0.9224351605015404,42,False,335.42234435427605,2,2.411870549658375
C,SVM-polinomial,79,PRUNED,0.9512351444349281,168,True,82.1406566371935,3,0.9933426087101866
C,SVM-polinomial,80,PRUNED,0.9266483700545762,159,True,0.06165178831391376,3,0.806924328681544
C,SVM-polinomial,81,PRUNED,0.9523037653034735,193,True,11.303111973746267,3,0.6577328636129542
C,SVM-polinomial,82,PRUNED,0.9356828564308519,120,False,713.5838097005657,2,1.0971903103804272
C,SVM-polinomial,83,PRUNED,0.9511987958143157,155,True,2.1736218763510355,3,0.8262583771959829
C,SVM-polinomial,84,PRUNED,0.9511860871240312,22,False,0.15286719411845087,5,1.7524361934683688
C,SVM-polinomial,85,PRUNED,0.948976179950114,198,True,3.1896288485303295,3,1.4752006929361028
C,SVM-polinomial,86,COMPLETE,0.9573856686432005,182,True,1.4472422556859033,3,0.08657190468428044
C,SVM-polinomial,87,PRUNED,0.9512185105648079,192,True,3.6179664098910127,3,0.22323343066484203
C,SVM-polinomial,88,PRUNED,0.9400893937136772,57,False,0.3992566474532999,3,2.5663755413231133
C,SVM-polinomial,89,COMPLETE,0.958273580542605,191,True,1.4014631511321023,3,0.8926187070883225
C,SVM-polinomial,90,PRUNED,0.9533974528084947,191,True,0.3250208289356721,4,1.0421730364795803
C,SVM-polinomial,91,PRUNED,0.9489422494723789,173,True,0.535013005449634,3,0.6068497091159623
C,SVM-polinomial,92,PRUNED,0.9423228444137999,197,True,6.051611468496453,2,0.894338762615018
C,SVM-polinomial,93,PRUNED,0.9534121800543001,200,True,1.715140260006668,3,0.8371351958803929
C,SVM-polinomial,94,PRUNED,0.9555955429074221,178,True,1.3599076992236243,3,0.08768194776374355
C,SVM-polinomial,95,PRUNED,0.9489097632681534,144,False,0.2656466735935564,3,0.6163210338536976
C,SVM-polinomial,96,PRUNED,0.8753696722919093,23,True,0.12671696840163849,2,2.396361110871458
C,SVM-polinomial,97,COMPLETE,0.9582864705648367,162,True,0.727502907897695,3,1.2401070359076307
C,SVM-polinomial,98,PRUNED,0.9312555991928717,52,True,217.90836180923435,5,2.673227727822229
C,SVM-polinomial,99,PRUNED,0.9534622835630686,171,True,2.7401490595229414,3,1.1608914632947298
C,SVM-polinomial,100,COMPLETE,0.9591667727134698,159,True,0.9295752143604099,3,1.053736965907766
C,SVM-polinomial,101,PRUNED,0.9533989382783609,154,True,0.11258509151527685,3,1.6032586543180376
C,SVM-polinomial,102,PRUNED,0.9511713348987234,134,True,0.38291957781733926,3,1.1578632962751398
C,SVM-polinomial,103,PRUNED,0.9289292423293676,195,True,0.09074332455174211,3,0.8044222750542942
C,SVM-polinomial,104,PRUNED,0.9400509577183115,136,True,0.6041067963026361,2,1.2647586090324188
C,SVM-polinomial,105,PRUNED,0.9402042282315333,150,False,63.38012302854167,2,2.8864680960995424
C,SVM-polinomial,106,PRUNED,0.9423609755764772,67,True,175.3389411315477,2,0.22499368991610158
C,SVM-polinomial,107,COMPLETE,0.9565199836399703,168,True,0.7743114329732012,3,1.203290425368721
C,SVM-polinomial,108,PRUNED,0.9489924734741496,152,True,2.846720474305074,3,1.6329969613132564
C,SVM-polinomial,109,PRUNED,0.9511536205530076,195,False,0.03766103254972585,4,2.256030635845582
C,SVM-polinomial,110,PRUNED,0.9445857141434628,77,True,206.55738672731567,5,1.1947324075240688
C,SVM-polinomial,111,PRUNED,0.9534298958433578,185,False,1.742221882015675,3,1.0999365026715133
C,SVM-polinomial,112,PRUNED,0.9312954259191828,32,False,6.90715939720075,4,1.3404137475105151
C,SVM-polinomial,113,PRUNED,0.9511713348987234,158,True,0.7261212257356224,2,0.7412573682136264
C,SVM-polinomial,114,PRUNED,0.9534121800543001,198,True,0.5979626197202066,5,1.9507325673458935
C,SVM-polinomial,115,PRUNED,0.9489437369152508,151,True,5.49030570227161,4,0.6977535994076459
C,SVM-polinomial,116,PRUNED,0.9534298958433578,162,True,1.8725787219282577,4,0.10305196474135647
C,SVM-polinomial,117,PRUNED,0.9246051382532618,54,True,469.14947208239755,3,2.108351605035973
C,SVM-polinomial,118,COMPLETE,0.9600464799570811,169,True,0.8052267544683805,3,0.7603294518111503
C,SVM-polinomial,119,PRUNED,0.9522927169318637,186,True,0.9963411696671115,3,0.7290334649248064
C,SVM-polinomial,120,PRUNED,0.9512024619729694,152,False,0.03795016824989115,5,2.0268859600163314
C,SVM-polinomial,121,PRUNED,0.8051763298409871,180,True,0.09366643754456913,3,0.01632680608016643
C,SVM-polinomial,122,COMPLETE,0.9591705649475827,190,True,10.127380260025374,3,0.9941521067270543
C,SVM-polinomial,123,PRUNED,0.9534121800543001,199,True,8.056314522735075,3,0.9241069604585335
C,SVM-polinomial,124,PRUNED,0.9511655737335316,144,True,0.5757983956814077,3,0.8955749463045185
C,SVM-polinomial,125,PRUNED,0.9523227072204041,169,True,6.974793613682414,3,1.0687541277027517
C,SVM-polinomial,126,PRUNED,0.9490115488400517,186,True,6.983952955150951,3,1.425529285863687
C,SVM-polinomial,127,PRUNED,0.9534121800543001,198,False,0.025169709865967452,5,2.3495133273665414
C,SVM-polinomial,128,COMPLETE,0.958314312009886,166,True,1.3515446767501378,3,1.0771607151945521
C,SVM-polinomial,129,PRUNED,0.9534011381693582,150,True,107.92042295991166,3,0.04260762607288304
C,SVM-polinomial,130,PRUNED,0.953450481237054,152,True,21.232312879585272,2,0.9536425604939508
C,SVM-polinomial,131,PRUNED,0.9512214560139689,190,True,1.1390062570891732,3,1.5203789327628552
C,SVM-polinomial,132,PRUNED,0.9534121800543001,157,True,2.4116943643167557,3,0.8027076489678817
C,SVM-polinomial,133,PRUNED,0.9534121800543001,199,True,0.9629035155695606,3,1.1751993791209228
C,SVM-polinomial,134,PRUNED,0.9200926188696747,30,True,0.9807668225025942,2,1.29783431020366
C,SVM-polinomial,135,PRUNED,0.9533951488421519,154,True,1.6536364650449946,3,0.7013527055565649
C,SVM-polinomial,136,PRUNED,0.9489422494723789,176,True,0.42028028938384926,3,0.8354902218884246
C,SVM-polinomial,137,PRUNED,0.9500857456626685,182,True,2.1006983211167816,4,0.898209732808634
C,SVM-polinomial,138,COMPLETE,0.9582753077724433,157,True,0.5019876835684266,3,1.0467679494611242
C,SVM-polinomial,139,PRUNED,0.9512185105648079,185,True,34.02034630377957,3,0.5938922425012556
C,SVM-polinomial,140,PRUNED,0.9467854363156964,189,True,94.23664764191811,3,1.571663996316393
C,SVM-polinomial,141,PRUNED,0.9523467208876959,168,True,2.8447955193583243,3,1.0498826942512156
C,SVM-polinomial,142,PRUNED,0.9467824908665354,198,False,24.768007535679452,2,1.3896874443284322
C,SVM-polinomial,143,PRUNED,0.9533966156760963,152,True,0.4487860449678072,3,1.5312499953482908
C,SVM-polinomial,144,PRUNED,0.9533941509540379,175,True,0.961590071991194,3,0.8809538104374076
C,SVM-polinomial,145,PRUNED,0.9310473530712209,148,True,0.02597161707709202,4,0.884623021525905
C,SVM-polinomial,146,COMPLETE,0.9556098668659523,153,True,0.8745844681584781,3,1.0044889897232658
C,SVM-polinomial,147,COMPLETE,0.9600577489212017,188,True,10.483400193519156,3,0.8187354895701019
C,SVM-polinomial,148,PRUNED,0.9512008143698365,198,True,10.339311657062202,3,1.1070577414876586
C,SVM-polinomial,149,PRUNED,0.9501169436495542,164,True,22.61224541772338,3,0.7891672271247078
C,kNN,0,COMPLETE,0.9211299289254757,87,True,13,uniform,2
C,kNN,1,PRUNED,0.9006684096799347,128,True,20,uniform,2
C,kNN,2,COMPLETE,0.9239360016558413,75,True,8,uniform,2
C,kNN,3,COMPLETE,0.9397411280675104,102,True,12,uniform,1
C,kNN,4,PRUNED,0.9288816430730572,31,False,17,uniform,1
C,kNN,5,PRUNED,0.926745939286532,42,True,19,distance,2
C,kNN,6,PRUNED,0.9070934338032051,118,False,16,uniform,2
C,kNN,7,PRUNED,0.9303896105998265,36,True,8,uniform,1
C,kNN,8,PRUNED,0.9346103505379191,70,True,17,distance,1
C,kNN,9,PRUNED,0.9312938832957105,20,True,16,uniform,1
C,kNN,10,PRUNED,0.9324681449157053,122,True,10,uniform,1
C,kNN,11,PRUNED,0.9159668777398928,143,True,7,distance,2
C,kNN,12,PRUNED,0.935818144042871,59,True,7,uniform,2
C,kNN,13,COMPLETE,0.9503238292500844,66,False,6,distance,1
C,kNN,14,PRUNED,0.9291105198847429,112,False,3,distance,1
C,kNN,15,PRUNED,0.931304253470733,88,False,11,distance,1
C,kNN,16,COMPLETE,0.9424690360418874,47,False,4,uniform,1
C,kNN,17,COMPLETE,0.9450916735332358,66,False,6,uniform,1
C,kNN,18,PRUNED,0.9279789831652313,36,False,5,distance,2
C,kNN,19,COMPLETE,0.9565743597295148,42,True,3,distance,1
C,kNN,20,PRUNED,0.9380075184684558,62,True,4,distance,1
C,kNN,21,COMPLETE,0.9476745113791993,24,False,4,distance,1
C,kNN,22,PRUNED,0.9467633366359524,47,False,7,distance,1
C,kNN,23,PRUNED,0.922468833704075,26,True,3,distance,2
C,kNN,24,COMPLETE,0.953011162487608,28,False,3,distance,1
C,kNN,25,PRUNED,0.9390985917896322,35,True,3,uniform,1
C,kNN,26,PRUNED,0.9445914681282493,25,True,9,distance,1
C,kNN,27,PRUNED,0.9391554192569849,23,True,3,distance,1
C,kNN,28,COMPLETE,0.9494470767686589,68,False,4,distance,1
C,kNN,29,PRUNED,0.9314349400966384,123,False,8,uniform,2
C,kNN,30,PRUNED,0.9356872902639441,163,False,9,distance,1
C,kNN,31,PRUNED,0.9468207641098725,61,False,3,distance,1
C,kNN,32,PRUNED,0.93348032267004,95,False,9,distance,2
C,kNN,33,PRUNED,0.9247126890384529,156,True,17,distance,1
C,kNN,34,PRUNED,0.9457098500234632,71,False,5,distance,1
C,kNN,35,PRUNED,0.9424552458657325,190,False,6,uniform,1
C,kNN,36,PRUNED,0.9424229473769209,94,True,8,distance,1
C,kNN,37,PRUNED,0.9291355024940321,82,False,3,distance,2
C,kNN,38,PRUNED,0.8897001524982688,185,True,8,uniform,2
C,kNN,39,COMPLETE,0.9450379961268354,27,False,3,distance,1
C,kNN,40,PRUNED,0.9115440818314662,199,True,20,uniform,1
C,kNN,41,PRUNED,0.9113385150177713,181,False,15,distance,2
C,kNN,42,PRUNED,0.936878352785159,38,False,3,distance,1
C,kNN,43,PRUNED,0.9457166848171652,26,False,4,distance,1
C,kNN,44,PRUNED,0.9467588684841473,29,False,9,distance,1
C,kNN,45,COMPLETE,0.9521103303155506,78,False,6,distance,1
C,kNN,46,PRUNED,0.9244042732288333,29,False,15,distance,2
C,kNN,47,PRUNED,0.9401070649642926,98,False,5,distance,1
C,kNN,48,PRUNED,0.9445872957847363,90,False,8,distance,1
C,kNN,49,PRUNED,0.9358004899693528,102,True,14,distance,2
C,kNN,50,PRUNED,0.9434987661090548,74,True,5,distance,1
C,kNN,51,PRUNED,0.9201781544735447,196,False,15,uniform,1
C,kNN,52,PRUNED,0.9313997380509027,102,True,3,uniform,1
C,kNN,53,PRUNED,0.9423739640225401,65,False,7,distance,1
C,kNN,54,PRUNED,0.9379987123709932,60,True,3,distance,1
C,kNN,55,PRUNED,0.9423670658591652,23,False,5,distance,1
C,kNN,56,PRUNED,0.9424845964768822,21,False,4,uniform,1
C,kNN,57,COMPLETE,0.9485220718881049,116,False,5,uniform,1
C,kNN,58,PRUNED,0.9423287901513561,131,False,7,uniform,1
C,kNN,59,PRUNED,0.9311937196364863,36,False,9,uniform,2
C,kNN,60,PRUNED,0.9445990775813806,81,False,5,uniform,1
C,kNN,61,PRUNED,0.935725558628004,128,False,3,uniform,1
C,kNN,62,COMPLETE,0.953023638392527,72,False,4,distance,1
C,kNN,63,PRUNED,0.9402056975382826,87,False,3,distance,1
C,kNN,64,PRUNED,0.9291413855668493,86,False,3,uniform,2
C,kNN,65,PRUNED,0.9311479405976933,83,False,20,distance,1
C,kNN,66,PRUNED,0.9390987333433269,193,True,8,distance,1
C,kNN,67,PRUNED,0.9456871036583048,79,False,6,distance,1
C,kNN,68,PRUNED,0.9246171196209783,155,False,5,distance,2
C,kNN,69,PRUNED,0.9291222782398312,93,True,20,uniform,1
C,kNN,70,COMPLETE,0.9512131849935453,69,False,6,distance,1
C,kNN,71,PRUNED,0.9468075183879869,91,False,6,distance,1
C,kNN,72,COMPLETE,0.9494470767686589,68,False,4,distance,1
C,kNN,73,PRUNED,0.942358252964907,54,False,6,distance,1
C,kNN,74,COMPLETE,0.9530184062427958,73,False,4,distance,1
C,kNN,75,PRUNED,0.9269519673218125,97,True,3,distance,2
C,kNN,76,PRUNED,0.9390985917896322,35,True,3,distance,1
C,kNN,77,PRUNED,0.9468383606499026,78,False,4,distance,1
C,kNN,78,COMPLETE,0.9512239304365477,65,False,3,distance,1
C,kNN,79,PRUNED,0.9377894085908065,41,False,9,distance,2
C,kNN,80,PRUNED,0.9468075183879869,64,False,8,distance,1
C,kNN,81,COMPLETE,0.9503368880675479,66,False,3,distance,1
C,kNN,82,PRUNED,0.9468031090106628,63,False,3,distance,1
C,kNN,83,COMPLETE,0.9494470767686589,68,False,4,distance,1
C,kNN,84,PRUNED,0.9290443029717675,20,False,3,distance,2
C,kNN,85,COMPLETE,0.9547877973710206,81,False,4,distance,1
C,kNN,86,PRUNED,0.9446343609403545,138,False,3,distance,1
C,kNN,87,PRUNED,0.9402086229933508,83,False,3,distance,1
C,kNN,88,PRUNED,0.9090490655462505,20,True,11,uniform,2
C,kNN,89,PRUNED,0.9402056975382826,87,False,3,distance,1
C,kNN,90,COMPLETE,0.9591991581441155,43,False,3,distance,1
C,kNN,91,PRUNED,0.9401645320740017,25,False,3,distance,1
C,kNN,92,COMPLETE,0.9512154563499189,57,False,3,distance,1
C,kNN,93,PRUNED,0.9468031090106628,55,False,3,distance,1
C,kNN,94,PRUNED,0.9457460442197907,94,True,3,distance,1
C,kNN,95,PRUNED,0.9401601182991992,76,False,5,distance,2
C,kNN,96,PRUNED,0.942408274785324,60,False,3,distance,1
C,kNN,97,PRUNED,0.9413404647036973,34,True,6,distance,1
C,kNN,98,PRUNED,0.9445431199038015,49,False,7,distance,1
C,kNN,99,PRUNED,0.9335244770453599,116,False,20,uniform,1
C,kNN,100,PRUNED,0.9048072092391775,190,False,16,uniform,2
C,kNN,101,PRUNED,0.9468031090106628,55,False,3,distance,1
C,kNN,102,PRUNED,0.9401571757826643,52,False,3,distance,1
C,kNN,103,PRUNED,0.9468134053754917,62,False,4,distance,1
C,kNN,104,PRUNED,0.9401865921618111,80,False,8,distance,1
C,kNN,105,PRUNED,0.9445563832331367,110,False,7,distance,1
C,kNN,106,PRUNED,0.9093780714899278,126,True,17,uniform,2
C,kNN,107,PRUNED,0.9479253846704044,40,False,3,distance,1
C,kNN,108,PRUNED,0.9402137153701405,50,True,3,distance,1
C,kNN,109,PRUNED,0.9446402259841947,92,False,3,distance,1
C,kNN,110,PRUNED,0.9423700347615513,88,False,6,distance,1
C,kNN,111,PRUNED,0.9424111655802767,63,False,6,distance,1
C,kNN,112,PRUNED,0.94458141906191,56,False,6,distance,1
C,kNN,113,PRUNED,0.9333887782763282,23,False,13,uniform,1
C,kNN,114,PRUNED,0.942408274785324,60,False,3,uniform,1
C,kNN,115,COMPLETE,0.9538783287888387,73,False,6,distance,1
C,kNN,116,PRUNED,0.9357387999553293,81,False,7,distance,1
C,kNN,117,PRUNED,0.9334374740159074,21,True,16,distance,1
C,kNN,118,COMPLETE,0.9591991581441155,43,False,3,distance,1
C,kNN,119,PRUNED,0.9479094971702602,30,False,3,distance,1
C,kNN,120,PRUNED,0.9445666834970899,59,False,9,uniform,1
C,kNN,121,PRUNED,0.9357961273295251,55,True,7,distance,2
C,kNN,122,PRUNED,0.9479046544998209,66,False,3,distance,1
C,kNN,123,PRUNED,0.9467928009192252,44,False,3,distance,1
C,kNN,124,PRUNED,0.9424170681974353,84,False,3,distance,1
C,kNN,125,PRUNED,0.9445812357551684,25,False,7,distance,1
C,kNN,126,COMPLETE,0.9538982741641412,64,False,6,distance,1
C,kNN,127,PRUNED,0.9379573087600739,72,True,9,distance,1
C,kNN,128,PRUNED,0.9379663554171092,82,False,7,distance,1
C,kNN,129,PRUNED,0.9479006403522173,67,False,6,distance,1
C,kNN,130,COMPLETE,0.9538982741641412,64,False,6,distance,1
C,kNN,131,PRUNED,0.9202031829741615,54,True,18,uniform,2
C,kNN,132,PRUNED,0.9269798758989671,115,True,8,uniform,2
C,kNN,133,PRUNED,0.9401454003418288,64,False,9,distance,1
C,kNN,134,PRUNED,0.9223054940683243,93,False,18,distance,2
C,kNN,135,PRUNED,0.9423626520678078,60,False,6,distance,1
C,kNN,136,PRUNED,0.9490032347018987,38,False,6,distance,1
C,kNN,137,PRUNED,0.9456981245853533,80,False,6,distance,1
C,kNN,138,PRUNED,0.9357005349988671,49,False,5,distance,1
C,kNN,139,PRUNED,0.9445857783406713,31,False,3,distance,1
C,kNN,140,PRUNED,0.9379869549940887,52,True,3,distance,1
C,kNN,141,PRUNED,0.944624064085943,81,False,3,distance,1
C,kNN,142,COMPLETE,0.9512239304365477,65,False,3,distance,1
C,kNN,143,PRUNED,0.9379384254187944,63,False,5,distance,2
C,kNN,144,PRUNED,0.9445902158194115,63,False,5,distance,1
C,kNN,145,PRUNED,0.9379457851333105,53,False,3,distance,1
C,kNN,146,PRUNED,0.9467559504907458,104,False,6,distance,1
C,kNN,147,PRUNED,0.942414147623591,65,True,7,uniform,1
C,kNN,148,PRUNED,0.8917307843750493,172,True,20,distance,2
C,kNN,149,COMPLETE,0.9538982741641412,64,False,6,distance,1
C,RandomForest,0,COMPLETE,0.9245394995537703,87,True,198,7,4,1,0.7
C,RandomForest,1,PRUNED,0.90438843523869,170,True,76,11,11,5,log2
C,RandomForest,2,PRUNED,0.9177482483086683,102,True,163,19,2,7,0.5
C,RandomForest,3,PRUNED,0.9223054940683243,75,False,137,6,11,1,sqrt
C,RandomForest,4,PRUNED,0.9222135038784128,118,False,297,29,19,6,sqrt
C,RandomForest,5,COMPLETE,0.9369135120211816,90,False,113,10,12,2,0.3
C,RandomForest,6,PRUNED,0.9201102208924767,20,True,267,24,3,4,log2
C,RandomForest,7,COMPLETE,0.9396215407985441,76,False,216,27,10,2,0.5
C,RandomForest,8,PRUNED,0.8342271444135845,114,True,64,3,14,4,log2
C,RandomForest,9,PRUNED,0.9112206187179788,61,False,72,29,17,7,0.5
C,RandomForest,10,PRUNED,0.9289702996745995,106,False,372,15,14,2,0.5
C,RandomForest,11,COMPLETE,0.9378162144118839,129,False,129,28,9,3,0.3
C,RandomForest,12,PRUNED,0.9333681799348837,102,False,76,24,9,1,0.3
C,RandomForest,13,PRUNED,0.9334219096799345,67,False,242,30,12,2,0.5
C,RandomForest,14,COMPLETE,0.9395878282783329,175,False,152,27,2,1,0.3
C,RandomForest,15,PRUNED,0.9289557983727575,195,False,269,23,6,1,0.5
C,RandomForest,16,COMPLETE,0.9404435569507517,181,False,71,23,5,2,sqrt
C,RandomForest,17,PRUNED,0.9333489633725988,195,False,50,21,5,2,sqrt
C,RandomForest,18,PRUNED,0.9310458710097815,174,True,83,27,9,5,sqrt
C,RandomForest,19,PRUNED,0.9311627591643321,95,True,192,23,5,1,0.5
C,RandomForest,20,COMPLETE,0.9422307307955208,181,True,125,9,4,3,sqrt
C,RandomForest,21,PRUNED,0.9177230374660259,195,True,137,7,5,5,sqrt
C,RandomForest,22,PRUNED,0.8759151162563692,135,True,110,3,3,3,0.3
C,RandomForest,23,PRUNED,0.9333268063442334,187,True,100,17,4,3,sqrt
C,RandomForest,24,PRUNED,0.9268033020678459,190,False,61,30,11,1,0.7
C,RandomForest,25,PRUNED,0.9310473530712209,199,True,269,10,4,2,log2
C,RandomForest,26,PRUNED,0.9200439111450675,149,False,75,26,3,6,0.7
C,RandomForest,27,PRUNED,0.9300529008489568,188,False,155,12,7,4,0.3
C,RandomForest,28,PRUNED,0.9023750373612145,150,False,50,5,3,4,sqrt
C,RandomForest,29,PRUNED,0.9245309804920485,32,False,262,24,11,1,sqrt
C,RandomForest,30,PRUNED,0.9267916216523424,153,True,96,14,5,1,0.7
C,RandomForest,31,COMPLETE,0.9413586481729294,168,True,152,27,5,1,0.3
C,RandomForest,32,PRUNED,0.9245875902230603,132,True,77,30,3,1,0.7
C,RandomForest,33,PRUNED,0.9344878373163407,194,True,254,23,4,3,0.3
C,RandomForest,34,PRUNED,0.9333665977217135,163,True,127,30,13,1,0.3
C,RandomForest,35,PRUNED,0.9333348874816633,150,True,180,29,3,2,sqrt
C,RandomForest,36,PRUNED,0.931069576590198,108,False,222,24,12,3,log2
C,RandomForest,37,PRUNED,0.9333238397646502,156,False,102,22,11,2,sqrt
C,RandomForest,38,PRUNED,0.9244961105435623,181,True,118,21,6,1,0.3
C,RandomForest,39,PRUNED,0.9267133883830428,97,False,471,23,7,2,0.5
C,RandomForest,40,PRUNED,0.9223305803486109,88,True,273,25,15,5,0.5
C,RandomForest,41,PRUNED,0.9311878454446187,181,False,213,26,3,1,0.3
C,RandomForest,42,COMPLETE,0.9386790320257186,158,False,119,20,4,2,log2
C,RandomForest,43,PRUNED,0.9322974663559794,73,False,159,19,9,3,0.5
C,RandomForest,44,PRUNED,0.9245345662436618,181,False,114,25,3,3,0.3
C,RandomForest,45,COMPLETE,0.9422326944001463,156,False,124,25,3,1,sqrt
C,RandomForest,46,COMPLETE,0.9431510352196956,100,False,184,25,5,1,sqrt
C,RandomForest,47,COMPLETE,0.9440323533654954,124,False,242,21,4,1,sqrt
C,RandomForest,48,PRUNED,0.9322478595956938,94,False,221,28,5,1,sqrt
C,RandomForest,49,PRUNED,0.9344523999899308,144,False,203,10,6,2,sqrt
C,RandomForest,50,COMPLETE,0.9484920647290606,115,False,103,23,5,1,sqrt
C,RandomForest,51,COMPLETE,0.9413579166018632,101,False,113,21,5,1,sqrt
C,RandomForest,52,COMPLETE,0.945817991257328,115,False,268,16,5,1,0.3
C,RandomForest,53,COMPLETE,0.9440268348489095,124,False,480,14,6,2,0.3
C,RandomForest,54,PRUNED,0.9378366927375745,110,False,302,19,4,1,0.3
C,RandomForest,55,COMPLETE,0.9395917202807131,133,False,489,10,6,2,0.3
C,RandomForest,56,PRUNED,0.9333878871330248,100,True,397,20,8,2,0.3
C,RandomForest,57,PRUNED,0.9334419495262068,132,False,278,17,3,2,0.7
C,RandomForest,58,COMPLETE,0.9440199102472496,142,False,114,27,3,1,sqrt
C,RandomForest,59,PRUNED,0.9289809141160547,145,False,88,29,4,1,0.5
C,RandomForest,60,PRUNED,0.9333267989563943,152,False,266,20,3,3,sqrt
C,RandomForest,61,COMPLETE,0.9475834026628197,167,False,136,20,4,1,sqrt
C,RandomForest,62,PRUNED,0.9377671850718295,179,False,123,15,5,1,sqrt
C,RandomForest,63,PRUNED,0.9378750855243867,53,False,246,10,4,1,0.3
C,RandomForest,64,PRUNED,0.9378366927375745,164,False,493,21,6,3,0.3
C,RandomForest,65,PRUNED,0.9322565941820253,91,False,73,25,4,4,sqrt
C,RandomForest,66,PRUNED,0.9311154598308282,95,False,386,11,5,1,log2
C,RandomForest,67,PRUNED,0.9355396112681478,104,False,283,15,6,2,sqrt
C,RandomForest,68,PRUNED,0.9379001384797976,122,False,159,24,2,1,0.7
C,RandomForest,69,PRUNED,0.9367197573746662,115,False,109,30,6,2,log2
C,RandomForest,70,PRUNED,0.9378780280292136,163,False,487,12,6,2,0.5
C,RandomForest,71,PRUNED,0.9344651919097504,134,False,128,30,8,2,sqrt
C,RandomForest,72,PRUNED,0.9366984482143199,179,False,221,20,2,1,sqrt
C,RandomForest,73,PRUNED,0.9288582374646319,131,True,61,24,7,1,sqrt
C,RandomForest,74,COMPLETE,0.9467129573658898,140,False,70,23,2,1,sqrt
C,RandomForest,75,PRUNED,0.9399962646055737,129,False,71,26,3,1,sqrt
C,RandomForest,76,COMPLETE,0.943148812706031,127,False,198,19,8,2,0.3
C,RandomForest,77,PRUNED,0.9288582453528685,103,True,155,19,10,4,sqrt
C,RandomForest,78,PRUNED,0.9090475913534077,200,False,135,7,17,2,0.7
C,RandomForest,79,COMPLETE,0.946686777120066,99,False,126,20,2,2,0.3
C,RandomForest,80,PRUNED,0.9333348906830603,92,False,80,16,7,5,0.3
C,RandomForest,81,PRUNED,0.924472842903295,79,False,123,18,5,3,log2
C,RandomForest,82,PRUNED,0.9377716859212845,130,False,239,23,10,1,sqrt
C,RandomForest,83,COMPLETE,0.9440290941026983,93,False,103,18,4,2,0.3
C,RandomForest,84,COMPLETE,0.946729353989042,76,False,111,15,2,2,0.3
C,RandomForest,85,COMPLETE,0.947598590169281,86,False,110,17,2,1,0.3
C,RandomForest,86,COMPLETE,0.9520378337495273,90,False,101,13,3,1,0.3
C,RandomForest,87,PRUNED,0.9356224012606275,100,False,94,13,3,3,0.7
C,RandomForest,88,PRUNED,0.9344969631368764,34,False,106,14,3,1,0.3
C,RandomForest,89,PRUNED,0.9378116025288865,138,False,123,14,3,2,0.5
C,RandomForest,90,PRUNED,0.9333711646837821,115,False,169,9,4,3,0.3
C,RandomForest,91,PRUNED,0.9378130870381967,120,False,66,14,4,3,0.3
C,RandomForest,92,COMPLETE,0.9493640719160718,96,False,136,16,4,1,0.3
C,RandomForest,93,PRUNED,0.9333933217268833,110,True,91,13,7,1,0.3
C,RandomForest,94,COMPLETE,0.9449321161389092,111,False,111,13,2,2,0.3
C,RandomForest,95,PRUNED,0.9378544331025852,52,True,101,19,3,3,0.3
C,RandomForest,96,PRUNED,0.9089871107219145,86,False,89,4,4,1,0.3
C,RandomForest,97,PRUNED,0.9356460123679283,49,False,134,10,3,4,0.5
C,RandomForest,98,PRUNED,0.931158312524828,61,False,182,19,2,4,0.3
C,RandomForest,99,COMPLETE,0.9449323625487084,122,False,143,13,3,1,0.3
C,RandomForest,100,COMPLETE,0.9440357342648656,140,False,73,21,2,1,0.3
C,RandomForest,101,PRUNED,0.9389221916627044,111,False,152,13,5,1,0.3
C,RandomForest,102,PRUNED,0.9378563891066292,80,False,63,13,2,1,0.5
C,RandomForest,103,PRUNED,0.9378226502458995,90,False,154,24,5,1,0.3
C,RandomForest,104,COMPLETE,0.9431611727374865,79,False,85,15,2,1,0.3
C,RandomForest,105,COMPLETE,0.9458129308673098,94,True,198,16,4,1,0.3
C,RandomForest,106,COMPLETE,0.9458159235840793,73,True,187,21,6,1,0.3
C,RandomForest,107,PRUNED,0.9356251384027561,62,True,285,13,5,1,0.3
C,RandomForest,108,PRUNED,0.9334626225584011,70,True,137,22,8,2,0.7
C,RandomForest,109,COMPLETE,0.9431632514297844,79,False,168,23,3,1,0.5
C,RandomForest,110,COMPLETE,0.944916309218111,107,True,282,17,2,2,0.3
C,RandomForest,111,PRUNED,0.9345020639642736,77,False,101,12,5,2,sqrt
C,RandomForest,112,PRUNED,0.9268033020678459,25,True,229,19,12,1,0.3
C,RandomForest,113,PRUNED,0.93560320438254,98,False,132,14,5,1,0.3
C,RandomForest,114,PRUNED,0.940003739881581,105,True,132,22,6,2,0.3
C,RandomForest,115,PRUNED,0.9310932658927482,99,True,283,22,7,2,log2
C,RandomForest,116,PRUNED,0.9322893521701855,31,True,243,28,5,3,0.3
C,RandomForest,117,PRUNED,0.9378221626508497,142,False,207,12,4,1,0.3
C,RandomForest,118,PRUNED,0.9333430489253609,118,False,134,23,2,4,0.3
C,RandomForest,119,PRUNED,0.9312055225302116,49,False,116,14,2,1,0.7
C,RandomForest,120,PRUNED,0.9378318037408682,69,True,165,21,6,1,0.3
C,RandomForest,121,PRUNED,0.9377953230380445,141,False,118,19,4,3,sqrt
C,RandomForest,122,PRUNED,0.9378278167862535,126,False,111,10,3,1,0.3
C,RandomForest,123,PRUNED,0.9401262563895689,113,True,251,15,5,1,0.7
C,RandomForest,124,COMPLETE,0.9422786805436022,84,True,155,24,4,2,sqrt
C,RandomForest,125,PRUNED,0.9378145577843804,101,False,164,16,2,1,0.3
C,RandomForest,126,PRUNED,0.9389362392077838,100,True,159,12,2,1,0.3
C,RandomForest,127,PRUNED,0.9067816496538778,99,False,265,5,18,9,0.3
C,RandomForest,128,PRUNED,0.9312320668705502,161,False,105,19,6,1,0.7
C,RandomForest,129,COMPLETE,0.9440248477462415,139,False,96,21,2,1,sqrt
C,RandomForest,130,PRUNED,0.9177571288410045,175,False,154,8,3,10,sqrt
C,RandomForest,131,PRUNED,0.9378130870381967,118,True,417,18,3,3,0.3
C,RandomForest,132,PRUNED,0.9333489928944741,125,True,206,18,7,4,0.3
C,RandomForest,133,PRUNED,0.9400244404400371,149,True,204,13,6,1,0.3
C,RandomForest,134,PRUNED,0.902401628739673,187,False,120,12,14,10,0.7
C,RandomForest,135,PRUNED,0.9333665609090758,73,False,128,16,2,4,0.3
C,RandomForest,136,PRUNED,0.9067638489596599,29,False,254,23,10,7,0.7
C,RandomForest,137,PRUNED,0.9155560813976891,165,True,138,27,2,7,log2
C,RandomForest,138,PRUNED,0.9300088810400097,81,False,125,11,3,1,log2
C,RandomForest,139,PRUNED,0.9289292108707827,65,True,366,11,3,6,0.3
C,RandomForest,140,PRUNED,0.9400451267369545,110,False,109,17,2,2,0.3
C,RandomForest,141,COMPLETE,0.9458723440492627,149,False,62,21,3,1,0.3
C,RandomForest,142,COMPLETE,0.9458136983703073,72,True,177,19,2,1,0.3
C,RandomForest,143,PRUNED,0.9378130595119348,45,True,130,19,4,2,log2
C,RandomForest,144,PRUNED,0.93555886030453,178,False,89,14,2,3,0.3
C,RandomForest,145,PRUNED,0.9355632833392866,102,False,65,23,8,1,sqrt
C,RandomForest,146,PRUNED,0.9378354990366352,157,False,67,23,6,4,0.3
C,RandomForest,147,PRUNED,0.9290000977421562,136,False,53,18,3,4,0.5
C,RandomForest,148,PRUNED,0.9244621919470707,180,False,218,9,18,6,sqrt
C,RandomForest,149,PRUNED,0.9400229623207499,88,False,70,30,4,1,0.3
D,MLP,0,COMPLETE,0.9360931302143036,False,121,41,6.026889128682509e-06,0.00029375384576328325
D,MLP,1,PRUNED,0.9199787714496939,False,84,56,1.2674255898937221e-06,0.0812324508558869
D,MLP,2,COMPLETE,0.9378631387123824,True,26,13,3.320559103751961e-05,0.0037520558551242854
D,MLP,3,PRUNED,0.9290410873340089,True,86,11,2.8888383623653218e-05,0.001256277350380704
D,MLP,4,PRUNED,0.9312085032772617,False,27,32,0.0009163741808778788,0.000137832374550072
D,MLP,5,PRUNED,0.9311123490106281,True,19,111,0.0673224892077534,0.026619018884890575
D,MLP,6,PRUNED,0.9313376656203853,True,106,26,4.075596440072871e-06,0.0030586566669785274
D,MLP,7,PRUNED,0.9268944822655647,False,32,49,3.618723330959624e-05,0.0036324869566766076
D,MLP,8,PRUNED,0.9313172781739913,True,236,68,0.04983043837494914,0.04835952776465952
D,MLP,9,PRUNED,0.9312129287971971,False,20,13,1.6832027985721922e-06,0.0009462175356461491
D,MLP,10,PRUNED,0.9290381381446764,True,29,13,0.0001608945856283856,0.019886002590634447
D,MLP,11,COMPLETE,0.9422979708984747,False,156,103,3.533983054113127e-05,0.0013338946960907469
D,MLP,12,COMPLETE,0.9422934942045099,False,162,66,0.0001198919718742634,0.005662789401993347
D,MLP,13,PRUNED,0.9356655125531301,False,112,121,1.2366686047811754e-05,0.0024980739954257613
D,MLP,14,PRUNED,0.9345808751998033,False,90,49,0.0014076454435794899,0.02819719840475325
D,MLP,15,COMPLETE,0.9414241420708599,False,226,60,0.004047730183253857,0.0012608121970015451
D,MLP,16,PRUNED,0.9356501393053714,True,219,120,0.0004878378236855165,0.00022552246802434706
D,MLP,17,PRUNED,0.934548871119816,False,253,48,3.114464686850126e-05,0.008347097654392864
D,MLP,18,PRUNED,0.934555997471615,True,184,48,0.0004080739995695661,0.00339702598733806
D,MLP,19,PRUNED,0.935682473242766,False,51,119,0.001876525480328516,0.0031569098389684917
D,MLP,20,PRUNED,0.9357003363639314,False,224,13,9.207424743031739e-05,0.0011926612741845748
D,MLP,21,PRUNED,0.9067554010444565,False,150,68,0.04459307327890326,0.0021654879436066267
D,MLP,22,PRUNED,0.9334342874257697,False,206,59,0.0022841099196691628,0.002204925625989302
D,MLP,23,PRUNED,0.9290560612947334,False,203,99,4.169146990048895e-05,0.00016099543892089818
D,MLP,24,PRUNED,0.9378954774732606,False,228,33,0.0026348746291392417,0.0002668367039836007
D,MLP,25,PRUNED,0.9378836866590636,False,214,91,0.00017785002261115653,0.0014648294785948915
D,MLP,26,PRUNED,0.9278873143061093,False,234,20,0.007208906867418678,0.003487048757283763
D,MLP,27,PRUNED,0.9311744230999314,True,203,116,8.921674190692773e-05,0.00916350073036012
D,MLP,28,PRUNED,0.9268561445333054,False,165,118,0.006084709368514521,0.02131960415870704
D,MLP,29,PRUNED,0.933515191252489,False,206,38,2.455466472510787e-06,0.0007397173901462643
D,MLP,30,PRUNED,0.9357048269559016,True,170,15,0.0005171506753469435,0.029875404933980918
D,MLP,31,PRUNED,0.9290819683365577,True,21,14,2.8781510754340525e-05,0.002022986067907965
D,MLP,32,COMPLETE,0.9449911496649201,True,69,79,1.7642676440544327e-05,0.0013821277259636843
D,MLP,33,PRUNED,0.93569756019322,True,56,81,5.604193927524164e-05,0.0023970815411997314
D,MLP,34,PRUNED,0.9311877085162656,True,57,85,5.211842399561129e-06,0.0004810546895221496
D,MLP,35,PRUNED,0.933515191252489,False,114,47,7.358821134474256e-05,0.001954849695689388
D,MLP,36,PRUNED,0.9256710615447787,False,43,48,3.5274225095894935e-06,0.00016777020928783102
D,MLP,37,PRUNED,0.9312582119189957,True,71,27,0.0009828241671981624,0.0005171169248601112
D,MLP,38,PRUNED,0.9334684806594757,True,76,82,1.8834699312132432e-06,0.004789621072411184
D,MLP,39,PRUNED,0.9290177233823984,True,200,48,0.00823281123544634,0.00034794945184815916
D,MLP,40,PRUNED,0.9300941443908674,True,148,60,4.969888064784518e-06,0.0005872597469417926
D,MLP,41,PRUNED,0.9268549142316094,False,26,15,0.0004004985214969823,0.009924405835464877
D,MLP,42,PRUNED,0.9202043558956181,True,34,26,8.63676492833725e-05,0.00233742824728142
D,MLP,43,PRUNED,0.9268342411994152,True,17,9,0.006425188608675411,0.0011116823746487366
D,MLP,44,PRUNED,0.9136321907975946,True,16,83,0.00018265380114613474,0.00063013999434184
D,MLP,45,PRUNED,0.931219988203061,False,145,80,0.0027027010895499942,0.000366856535822244
D,MLP,46,PRUNED,0.934544813326104,False,217,102,1.7210111353302784e-06,0.004061978043110914
D,MLP,47,PRUNED,0.93128062812059,True,54,10,1.1202031740170924e-06,0.00047440841935219105
D,MLP,48,PRUNED,0.9378601671306637,False,60,95,7.851658851553438e-05,0.0006209595371945667
D,MLP,49,PRUNED,0.9378780074471772,True,34,10,2.4740401345726972e-06,0.015388531868185977
D,MLP,50,PRUNED,0.9290468727934298,False,151,67,0.0006233755164068827,0.006198878552954344
D,MLP,51,COMPLETE,0.9422862232435307,False,112,24,0.00012799843880581988,0.00047282573041087237
D,MLP,52,PRUNED,0.9334240531503408,False,95,16,0.00012530002827195561,0.00023294083995612538
D,MLP,53,PRUNED,0.9335124529289369,False,102,25,0.005116457633246744,0.0010770921160038228
D,MLP,54,PRUNED,0.9345684047585129,True,26,8,8.657009954842043e-05,0.005743237024811834
D,MLP,55,PRUNED,0.9202265199030393,False,46,11,2.744053123323635e-05,0.0028664149544480773
D,MLP,56,PRUNED,0.9180630519948807,True,30,38,0.000626812895046053,0.08303218704516198
D,MLP,57,PRUNED,0.9290186683704321,False,127,34,0.00013669388588285865,0.00028304707133382294
D,MLP,58,PRUNED,0.9357191903391537,False,126,55,2.42659588672923e-05,0.028819886776424743
D,MLP,59,PRUNED,0.9312112408385873,False,104,117,0.0003338382707864348,0.0015237862797504017
D,MLP,60,COMPLETE,0.94142138615411,False,163,70,2.9353095431608838e-05,0.004604625147983829
D,MLP,61,PRUNED,0.9334384384171633,False,115,115,8.354773001209466e-05,0.004742008337747988
D,MLP,62,PRUNED,0.9290648585271812,False,22,44,0.010314859271766319,0.006276556008754033
D,MLP,63,PRUNED,0.9312383586163823,True,87,43,6.209701044552572e-05,0.0028521643594219995
D,MLP,64,PRUNED,0.9345574536294313,False,222,69,0.0048131984749117136,0.0015866299287782294
D,MLP,65,PRUNED,0.9313525119812718,False,226,92,3.41958071207086e-05,0.008403757273827146
D,MLP,66,PRUNED,0.9357120369983201,True,211,22,4.663311013327955e-05,0.00034560854286091043
D,MLP,67,PRUNED,0.9357045715844414,False,178,55,2.36763262614694e-05,0.003886241149948844
D,MLP,68,PRUNED,0.9223290536912008,True,21,28,1.0997849201830256e-06,0.005810110507217786
D,MLP,69,PRUNED,0.9334815386183781,False,19,47,3.047614767829502e-06,0.03332405842638947
D,MLP,70,PRUNED,0.9323869255834026,False,114,60,3.841659438482998e-05,0.000604052496893521
D,MLP,71,PRUNED,0.9357387291507435,False,126,20,5.850406491899886e-06,0.0007383215271400285
D,MLP,72,PRUNED,0.931242204043031,False,113,83,6.9462189078198455e-06,0.00019385114137979105
D,MLP,73,COMPLETE,0.9449723579079754,False,232,98,0.0551447138139138,0.00016949749391256022
D,MLP,74,COMPLETE,0.9431885609198247,False,184,88,0.010792898179320155,0.00018301220578869484
D,MLP,75,COMPLETE,0.9431879588068875,False,157,115,0.08585767760169427,0.0002620059915144798
D,MLP,76,PRUNED,0.9312163313100716,False,168,121,0.05979099500795305,0.00026508818548319615
D,MLP,77,PRUNED,0.9334889829620909,False,67,69,0.01241191047982856,0.00010659993731082614
D,MLP,78,PRUNED,0.931287857979725,False,196,52,0.04083695645444871,0.00024604503426837397
D,MLP,79,PRUNED,0.9345264115544678,False,185,115,0.007583666525249398,0.000152730520351196
D,MLP,80,COMPLETE,0.9432124715606729,False,224,93,0.09805231988714017,0.00018123631581407605
D,MLP,81,COMPLETE,0.9485178927977825,False,223,106,0.0835368559372103,0.0002928240893059221
D,MLP,82,COMPLETE,0.942303930247107,False,248,77,0.06906523872120357,0.00010799750507789435
D,MLP,83,COMPLETE,0.9414261829824356,False,241,89,0.06496786896670965,0.0009190886585338676
D,MLP,84,PRUNED,0.9379249390920799,False,234,102,0.0760256343571966,0.00025323321249977765
D,MLP,85,PRUNED,0.9356928851317834,False,108,118,0.09281120305177491,0.0001801376247799445
D,MLP,86,PRUNED,0.9356579459700024,True,247,101,0.03924948405384075,0.0003373153423890032
D,MLP,87,PRUNED,0.931242204043031,False,214,60,0.0680039410716819,0.00018121782192609973
D,MLP,88,PRUNED,0.9334595209316978,False,179,119,0.07478492908965868,0.0001379283160565769
D,MLP,89,COMPLETE,0.9476574066126316,False,238,77,0.026153405673994434,0.00012591948465432657
D,MLP,90,COMPLETE,0.9431881970220946,False,240,68,0.02273703333499826,0.000210426894758712
D,MLP,91,PRUNED,0.9300876830397324,False,230,86,0.027788129895545712,0.00012734685584138886
D,MLP,92,PRUNED,0.9356552030518501,False,214,79,0.07703680140385638,0.0001169403923359784
D,MLP,93,COMPLETE,0.9449734842634501,False,220,51,0.004851635425336822,0.00024023665740144747
D,MLP,94,PRUNED,0.9334917523704809,False,253,54,0.0028073463134528553,0.00011717904656444463
D,MLP,95,COMPLETE,0.9440772702419092,False,143,60,0.011688977779662069,0.00032601280261402
D,MLP,96,PRUNED,0.9335037102468795,True,96,91,0.0014958189714071113,0.0001002704639457299
D,MLP,97,PRUNED,0.9356798404513391,True,103,79,8.582474766899303e-05,0.0007649588140989039
D,MLP,98,PRUNED,0.9356635674854885,False,88,49,0.018663086764385786,0.0004801028968417205
D,MLP,99,PRUNED,0.9204210585808974,True,138,34,4.005173259860084e-06,0.08191570749095617
D,MLP,100,COMPLETE,0.9431912444134858,False,245,123,0.001687240861730818,0.00018776746538483866
D,MLP,101,COMPLETE,0.9449474804699017,False,250,114,0.0011874562125806776,0.0003323351419430529
D,MLP,102,PRUNED,0.9379161780317168,False,118,51,0.0011189270934052855,0.00018306946963820517
D,MLP,103,PRUNED,0.9379013829224374,False,201,87,0.0037606460198343302,0.0007142096760787887
D,MLP,104,COMPLETE,0.9449716813862897,False,182,96,0.00034653832279243473,0.00012169652318070427
D,MLP,105,PRUNED,0.935674668831532,False,228,108,0.0004042226764568323,0.0002546412479982618
D,MLP,106,PRUNED,0.9290086635915459,True,42,48,2.123458708848396e-06,0.0011503316815628679
D,MLP,107,PRUNED,0.9357505783248989,False,62,13,0.025603366583617903,0.021142490743380114
D,MLP,108,PRUNED,0.9357505358781462,False,172,118,0.0010820336575717356,0.00015213925575460117
D,MLP,109,PRUNED,0.9378808744896091,False,253,123,0.0015168712999164356,0.00012053891881587433
D,MLP,110,PRUNED,0.9356704905818883,False,241,67,0.003935802005707275,0.0003130413254536593
D,MLP,111,PRUNED,0.9335035271340368,False,158,62,0.0050624370418540085,0.00014174376591535664
D,MLP,112,PRUNED,0.9356635674854885,False,246,57,0.009763666274995496,0.0003935471368183218
D,MLP,113,PRUNED,0.9290146485812512,False,242,128,0.003495890048893644,0.00027024909579217077
D,MLP,114,PRUNED,0.9334536922029352,True,58,9,0.0015859696520948287,0.0003827385548499747
D,MLP,115,PRUNED,0.9334242518018703,False,161,110,4.370060385696252e-05,0.00013472944101629118
D,MLP,116,PRUNED,0.9312584202180102,True,53,106,6.395514677796365e-05,0.00047641551517366355
D,MLP,117,PRUNED,0.9279138447229798,True,226,59,0.06660567089340504,0.00012166822694134937
D,MLP,118,COMPLETE,0.9467792191722252,False,191,68,0.014412959371621698,0.0004917218642154884
D,MLP,119,COMPLETE,0.9432014429852116,True,240,115,0.0017433750795546265,0.0006847516881249771
D,MLP,120,PRUNED,0.935719545524642,True,239,111,0.00048063383733106175,0.0007365787959907216
D,MLP,121,PRUNED,0.9346029589758555,False,118,62,0.04257964671612734,0.0008018161081817702
D,MLP,122,PRUNED,0.9301453030504898,True,164,89,0.002205349595818661,0.003076327551111731
D,MLP,123,PRUNED,0.9334682824036348,True,167,87,0.012810915324511044,0.0009642878206975485
D,MLP,124,PRUNED,0.9357135856902394,False,131,92,0.008340232349939039,0.0008291680596596288
D,MLP,125,PRUNED,0.9312510092226847,False,148,63,0.000174716183600112,0.00011352130359711084
D,MLP,126,PRUNED,0.9334815386183781,True,203,105,0.0019284685083495292,0.00024265515540625144
D,MLP,127,PRUNED,0.9379029214053995,False,136,45,0.009663607778292152,0.00021108823214150256
D,MLP,128,PRUNED,0.9312582119189957,False,194,124,0.02598279802902877,0.0007980186954719257
D,MLP,129,PRUNED,0.9334654818485284,False,215,113,0.00036115628805495474,0.0004844913084792084
D,MLP,130,PRUNED,0.935628092389581,False,255,119,0.0005372541150772907,0.0009586387046425424
D,MLP,131,PRUNED,0.9312259878680518,True,77,81,1.2331897902437843e-05,0.0024853500486518546
D,MLP,132,COMPLETE,0.9440923998166075,False,118,28,0.07852854885367277,0.0001166026652680439
D,MLP,133,PRUNED,0.9356635674854885,False,130,21,0.008941975311263327,0.00014433815515877636
D,MLP,134,PRUNED,0.9379249390920799,False,155,62,0.0871088110572514,0.0003934427512410024
D,MLP,135,PRUNED,0.9334492714987652,False,87,16,0.09949602790029917,0.00035412990808103356
D,MLP,136,PRUNED,0.9356811016175954,False,175,30,0.02461806358763191,0.00018478275419200145
D,MLP,137,COMPLETE,0.9458671234736427,False,243,11,0.07660014575883403,0.00030511444991606745
D,MLP,138,PRUNED,0.9313038447390839,False,150,19,0.0522551911869044,0.00016601172461837554
D,MLP,139,COMPLETE,0.9458661315474444,False,256,15,0.019664348015284824,0.0006179279228171995
D,MLP,140,PRUNED,0.9378836866590636,False,200,8,0.05926358201316822,0.0004231651839924505
D,MLP,141,PRUNED,0.9379955339072404,False,221,12,0.000969850105714584,0.00016189087697493813
D,MLP,142,COMPLETE,0.9449494687345077,False,154,11,0.0021731615034827063,0.0011461956717845735
D,MLP,143,PRUNED,0.9278304192502544,False,164,16,0.0003902160531341392,0.01821053611238768
D,MLP,144,COMPLETE,0.9432041520907761,True,224,17,0.01837848147440604,0.0010358698604749788
D,MLP,145,PRUNED,0.9356633572064492,True,143,11,0.009052349413642299,0.0007483966242652725
D,MLP,146,PRUNED,0.9289881747186393,False,238,15,0.005651603422585595,0.0013570319887917346
D,MLP,147,PRUNED,0.9400995308471748,True,249,15,0.009002557049742836,0.0001114471895925164
D,MLP,148,PRUNED,0.9290363137685532,False,158,16,0.0652791180184748,0.0012283948000913888
D,MLP,149,PRUNED,0.9379543752833515,False,190,12,0.08241252504402609,0.00020846717460680953
D,SVM-lineal,0,COMPLETE,0.8801730772267856,False,24.658329458549105
D,SVM-lineal,1,PRUNED,0.8402620886521145,True,0.008629132190071854
D,SVM-lineal,2,COMPLETE,0.8837438296401967,False,4.0428727350273315
D,SVM-lineal,3,PRUNED,0.8691587804992662,True,659.871107205407
D,SVM-lineal,4,PRUNED,0.8401369471420497,True,0.012329623163659839
D,SVM-lineal,5,COMPLETE,0.8846271564336403,False,1.40779231399724
D,SVM-lineal,6,PRUNED,0.8835437527607257,True,4.689400963537685
D,SVM-lineal,7,PRUNED,0.8536201275544784,False,0.1578232781079558
D,SVM-lineal,8,PRUNED,0.844678636166841,False,0.01577766363058246
D,SVM-lineal,9,PRUNED,0.8072067226176944,False,0.0018997763474111276
D,SVM-lineal,10,PRUNED,0.8823949411106323,False,709.3901230048685
D,SVM-lineal,11,PRUNED,0.8802349109250016,False,1.8119776463376092
D,SVM-lineal,12,PRUNED,0.8813489867550658,False,2.0105578623889055
D,SVM-lineal,13,PRUNED,0.8714408467757685,False,19.494858704971463
D,SVM-lineal,14,COMPLETE,0.8854487254027097,True,0.894776239795773
D,SVM-lineal,15,PRUNED,0.8780070853889443,True,0.5046278231332566
D,SVM-lineal,16,PRUNED,0.8714437335918666,True,16.622659893696586
D,SVM-lineal,17,PRUNED,0.8668926442561015,True,0.25213998534278015
D,SVM-lineal,18,COMPLETE,0.885466421597681,True,1.0003796080121385
D,SVM-lineal,19,COMPLETE,0.8854026804481308,True,0.7181097223202354
D,SVM-lineal,20,PRUNED,0.8714437335918666,True,13.738416316058592
D,SVM-lineal,21,PRUNED,0.8736123114312631,True,0.40491325831053515
D,SVM-lineal,22,COMPLETE,0.8854470831632314,True,1.0720242184146618
D,SVM-lineal,23,COMPLETE,0.8845985911633985,True,1.743319340312663
D,SVM-lineal,24,PRUNED,0.8535314698602277,True,0.06596935768718545
D,SVM-lineal,25,PRUNED,0.878071974546447,True,3.1712581243853193
D,SVM-lineal,26,PRUNED,0.8625009372144257,True,0.13149615448710425
D,SVM-lineal,27,PRUNED,0.8780735005552203,True,4.11063025197765
D,SVM-lineal,28,PRUNED,0.8692014611586751,True,41.275424460709374
D,SVM-lineal,29,PRUNED,0.8758045884143214,True,0.530411143266218
D,SVM-lineal,30,PRUNED,0.8580706982794144,True,0.12082666967718286
D,SVM-lineal,31,COMPLETE,0.886356854921235,True,1.2480438607743267
D,SVM-lineal,32,COMPLETE,0.8845782773816453,True,1.4046097060928848
D,SVM-lineal,33,PRUNED,0.8835379681281668,True,2.289888646678509
D,SVM-lineal,34,COMPLETE,0.8854620961023576,True,1.149280334618209
D,SVM-lineal,35,PRUNED,0.884659077485856,True,1.8171694560145586
D,SVM-lineal,36,PRUNED,0.7854541258684584,True,0.0010495033050674095
D,SVM-lineal,37,PRUNED,0.8646916376892713,True,0.23864249716499403
D,SVM-lineal,38,PRUNED,0.8846360353261707,True,6.8826519963212185
D,SVM-lineal,39,PRUNED,0.8492517789261604,False,0.13217411872179638
D,SVM-lineal,40,PRUNED,0.8846528197609194,True,0.9585128455485405
D,SVM-lineal,41,PRUNED,0.8846334253602023,True,1.0443751357483322
D,SVM-lineal,42,COMPLETE,0.883726686604337,True,1.4631620748106182
D,SVM-lineal,43,PRUNED,0.8824356361552312,True,0.6894211285239386
D,SVM-lineal,44,PRUNED,0.8803098859989604,True,2.810281071432515
D,SVM-lineal,45,PRUNED,0.8580706982794144,True,0.08650309554698808
D,SVM-lineal,46,PRUNED,0.8803098859989604,True,2.1058227333178428
D,SVM-lineal,47,PRUNED,0.8780070853889443,False,0.809645003220109
D,SVM-lineal,48,PRUNED,0.8691587804992662,True,434.4053589868339
D,SVM-lineal,49,PRUNED,0.8758045884143214,True,0.34326502066513137
D,SVM-lineal,50,PRUNED,0.8736787171452025,False,26.963430748160512
D,SVM-lineal,51,PRUNED,0.8735652467866198,True,0.575756922066075
D,SVM-lineal,52,PRUNED,0.8834556298982386,True,0.6929068720218295
D,SVM-lineal,53,PRUNED,0.8803157070310168,True,4.582532579757415
D,SVM-lineal,54,PRUNED,0.8712873775125527,True,0.2731302308221013
D,SVM-lineal,55,PRUNED,0.8846377654672588,True,2.4120740547838833
D,SVM-lineal,56,PRUNED,0.8736123114312631,True,0.3067670514688933
D,SVM-lineal,57,PRUNED,0.8714437335918666,True,14.357437678723723
D,SVM-lineal,58,PRUNED,0.8447829049517148,True,0.04326085998042179
D,SVM-lineal,59,PRUNED,0.883569901673362,False,1.4056103891565814
D,SVM-lineal,60,COMPLETE,0.8854620961023576,True,1.1506327092661701
D,SVM-lineal,61,COMPLETE,0.8846106752490535,True,1.6185426758902222
D,SVM-lineal,62,COMPLETE,0.888983635408853,True,0.7584175193820265
D,SVM-lineal,63,PRUNED,0.8857312069973089,True,0.8300401447883149
D,SVM-lineal,64,PRUNED,0.8781234003166706,True,4.630013597786194
D,SVM-lineal,65,PRUNED,0.8758148084058859,True,0.3719931810790605
D,SVM-lineal,66,PRUNED,0.8803098859989604,True,4.346996552329581
D,SVM-lineal,67,PRUNED,0.8758045884143214,True,0.5521323702836817
D,SVM-lineal,68,PRUNED,0.8758045884143214,True,0.5375829317976976
D,SVM-lineal,69,PRUNED,0.8050175198689322,False,0.0018202983504851428
D,SVM-lineal,70,PRUNED,0.8758753790907126,True,11.75379548804743
D,SVM-lineal,71,PRUNED,0.8736123114312631,True,0.43335324947611387
D,SVM-lineal,72,PRUNED,0.884634149953688,True,1.1732814985735442
D,SVM-lineal,73,PRUNED,0.8558284317075834,True,0.09990816741460641
D,SVM-lineal,74,PRUNED,0.884659077485856,True,1.8015323754214685
D,SVM-lineal,75,COMPLETE,0.8872526091793773,True,1.3255338054212704
D,SVM-lineal,76,PRUNED,0.8803598375763411,True,5.3974473782993115
D,SVM-lineal,77,COMPLETE,0.8845985911633985,True,1.724493983488203
D,SVM-lineal,78,PRUNED,0.8757589642611601,True,0.5948453951180586
D,SVM-lineal,79,PRUNED,0.878071974546447,True,3.570346647534269
D,SVM-lineal,80,PRUNED,0.8758296982024356,False,605.1387812751726
D,SVM-lineal,81,PRUNED,0.8668926442561015,True,0.2190824673587017
D,SVM-lineal,82,PRUNED,0.8846329049256108,True,0.8711587914126152
D,SVM-lineal,83,COMPLETE,0.8880864046654864,True,0.7871119438477048
D,SVM-lineal,84,PRUNED,0.8514508436997148,False,0.04077391599196545
D,SVM-lineal,85,COMPLETE,0.886356854921235,True,1.2836197478885072
D,SVM-lineal,86,PRUNED,0.8781117645344527,True,2.603502543509699
D,SVM-lineal,87,PRUNED,0.8646916376892713,True,0.23809448946589554
D,SVM-lineal,88,PRUNED,0.8803099255753088,True,2.3008436610387886
D,SVM-lineal,89,PRUNED,0.8780793357287411,False,5.498165276363654
D,SVM-lineal,90,PRUNED,0.8692029622366821,True,21.937395492022514
D,SVM-lineal,91,COMPLETE,0.8872065932864693,True,0.7939413999987869
D,SVM-lineal,92,PRUNED,0.8758045884143214,True,0.45078314065200525
D,SVM-lineal,93,PRUNED,0.8802361914051653,True,0.6345953798470408
D,SVM-lineal,94,COMPLETE,0.8846106752490535,True,1.5860956432070534
D,SVM-lineal,95,PRUNED,0.8357383124660952,True,0.02602286104245977
D,SVM-lineal,96,PRUNED,0.8802361914051653,True,0.6187783815272512
D,SVM-lineal,97,PRUNED,0.8803099255753088,True,2.3456224219196944
D,SVM-lineal,98,PRUNED,0.8558284317075834,True,0.10260302907402505
D,SVM-lineal,99,PRUNED,0.8758132113466137,False,0.28592777277779935
D,SVM-lineal,100,PRUNED,0.8781117645344527,True,2.6234075861228967
D,SVM-lineal,101,PRUNED,0.885696545685823,True,0.6805718467490645
D,SVM-lineal,102,COMPLETE,0.8863448960085254,True,1.0596738147524891
D,SVM-lineal,103,PRUNED,0.8845753487323872,True,0.7078726567189919
D,SVM-lineal,104,PRUNED,0.8758738663006879,True,3.8866251650300097
D,SVM-lineal,105,PRUNED,0.8712873775125527,True,0.27123489985850036
D,SVM-lineal,106,PRUNED,0.8802730829938221,True,2.135944953210815
D,SVM-lineal,107,PRUNED,0.8736123114312631,True,0.31250702793616486
D,SVM-lineal,108,PRUNED,0.8803098859989604,True,8.89591954911765
D,SVM-lineal,109,COMPLETE,0.888983635408853,True,0.7637229804606189
D,SVM-lineal,110,PRUNED,0.8758045884143214,True,0.5265870110543373
D,SVM-lineal,111,PRUNED,0.8857346797401139,True,1.0365700330264283
D,SVM-lineal,112,COMPLETE,0.8854602215939676,True,1.188461390468607
D,SVM-lineal,113,PRUNED,0.884634763728616,True,2.1497081741749944
D,SVM-lineal,114,PRUNED,0.8690951161494103,True,0.25598763145608844
D,SVM-lineal,115,PRUNED,0.8803098859989604,True,2.8507067307344083
D,SVM-lineal,116,PRUNED,0.8846329049256108,True,0.9230338728706304
D,SVM-lineal,117,PRUNED,0.869131970263887,True,0.19766082805876906
D,SVM-lineal,118,PRUNED,0.8835607604593978,True,6.520835941608514
D,SVM-lineal,119,COMPLETE,0.8854620961023576,True,1.1089341328023552
D,SVM-lineal,120,PRUNED,0.8846682311958431,False,1.1944671317246347
D,SVM-lineal,121,COMPLETE,0.8863448960085254,True,1.0888419185491534
D,SVM-lineal,122,PRUNED,0.8735652467866198,True,0.5928583953858546
D,SVM-lineal,123,PRUNED,0.884659077485856,True,1.8227771433456774
D,SVM-lineal,124,PRUNED,0.8736123114312631,True,0.41036651880047775
D,SVM-lineal,125,PRUNED,0.878071974546447,True,3.6900218379455043
D,SVM-lineal,126,PRUNED,0.8668926442561015,True,0.20738142959717704
D,SVM-lineal,127,COMPLETE,0.8854722626083763,True,1.4110029773646533
D,SVM-lineal,128,PRUNED,0.8736374808569477,True,13.56193919039599
D,SVM-lineal,129,COMPLETE,0.8845985911633985,True,1.7717170246823641
D,SVM-lineal,130,COMPLETE,0.8863450752188475,True,1.0087795359373752
D,SVM-lineal,131,COMPLETE,0.8854620961023576,True,1.118625040440161
D,SVM-lineal,132,PRUNED,0.8856927997301504,True,0.7259316098301531
D,SVM-lineal,133,PRUNED,0.882546311019049,True,2.020072905579595
D,SVM-lineal,134,PRUNED,0.8580706982794144,True,0.08386957295004009
D,SVM-lineal,135,COMPLETE,0.886361001206236,True,0.9718717825758361
D,SVM-lineal,136,PRUNED,0.8758045884143214,True,0.33713227990434347
D,SVM-lineal,137,PRUNED,0.8835607604593978,True,6.11254109867979
D,SVM-lineal,138,PRUNED,0.8735652467866198,True,0.567215645855116
D,SVM-lineal,139,PRUNED,0.8803099255753088,True,2.3460495811813025
D,SVM-lineal,140,PRUNED,0.8625008309882356,True,0.16384037403876425
D,SVM-lineal,141,COMPLETE,0.886356854921235,True,1.2982686063904874
D,SVM-lineal,142,PRUNED,0.884659077485856,True,1.8206945515609705
D,SVM-lineal,143,COMPLETE,0.886356854921235,True,1.2894104115201321
D,SVM-lineal,144,PRUNED,0.8803098859989604,True,2.0818351466033005
D,SVM-lineal,145,PRUNED,0.8757589642611601,True,0.5780433009436811
D,SVM-lineal,146,PRUNED,0.8846360353261707,True,6.912921563345285
D,SVM-lineal,147,PRUNED,0.8757589642611601,True,0.570009591159889
D,SVM-lineal,148,PRUNED,0.884659077485856,True,1.8254751434298595
D,SVM-lineal,149,PRUNED,0.8712873775125527,True,0.2726169484700451
D,SVM-RBF,0,COMPLETE,0.9449731158982184,False,246.5832945854911,scale,
D,SVM-RBF,1,PRUNED,0.0,False,40.42872735027332,value,0.9877700294007907
D,SVM-RBF,2,PRUNED,0.8775796732399289,True,0.12601639723276803,auto,
D,SVM-RBF,3,PRUNED,0.0,False,0.06870101665590027,value,0.5141096648805742
D,SVM-RBF,4,COMPLETE,0.9449731158982184,False,35.84985580340473,auto,
D,SVM-RBF,5,COMPLETE,0.9449731158982184,False,6220.0259768191545,scale,
D,SVM-RBF,6,PRUNED,0.6467842323651452,True,0.05397956855996446,value,0.0003570095960030948
D,SVM-RBF,7,PRUNED,0.01533733934710585,True,13.194961490425664,value,0.44750401913509
D,SVM-RBF,8,PRUNED,0.9367758162758771,True,38.672288491177454,scale,
D,SVM-RBF,9,PRUNED,0.9466821456338428,False,2.148145718198269,auto,
D,SVM-RBF,10,PRUNED,0.9401011240786126,False,13.89810061906264,scale,
D,SVM-RBF,11,COMPLETE,0.9449731158982184,False,194.32344807696276,auto,
D,SVM-RBF,12,PRUNED,0.9367758162758771,True,4204.492084007478,auto,
D,SVM-RBF,13,PRUNED,0.84919728601453,False,4541.979419482944,value,1.2432194172194457e-05
D,SVM-RBF,14,COMPLETE,0.9449731158982184,False,176.9112441691145,scale,
D,SVM-RBF,15,PRUNED,0.8334372919877305,False,0.05233735688962499,scale,
D,SVM-RBF,16,PRUNED,0.9367758162758771,True,71.73129455326054,auto,
D,SVM-RBF,17,PRUNED,0.9367758162758771,True,4282.965092578703,scale,
D,SVM-RBF,18,COMPLETE,0.9449731158982184,False,2121.667164808698,auto,
D,SVM-RBF,19,PRUNED,0.9445430464330271,False,12.17131602857162,auto,
D,SVM-RBF,20,PRUNED,0.7784019815452463,False,0.02178608997046804,auto,
D,SVM-RBF,21,COMPLETE,0.9449731158982184,False,7265.276331831547,scale,
D,SVM-RBF,22,COMPLETE,0.9449731158982184,False,503.05096445692703,scale,
D,SVM-RBF,23,COMPLETE,0.9449731158982184,False,4337.638349398704,scale,
D,SVM-RBF,24,COMPLETE,0.9449731158982184,False,84.572784182504,scale,
D,SVM-RBF,25,COMPLETE,0.9449731158982184,False,108.57311016683589,auto,
D,SVM-RBF,26,PRUNED,0.7584886014761887,True,0.014620157916374242,scale,
D,SVM-RBF,27,PRUNED,0.9312512250558618,True,9913.36472127681,value,0.007316217617286468
D,SVM-RBF,28,COMPLETE,0.9449731158982184,False,6476.625379378224,scale,
D,SVM-RBF,29,PRUNED,0.9356725120887579,False,13.760920257775298,value,0.007306398212296871
D,SVM-RBF,30,PRUNED,0.9112560111079215,False,230.03213524212737,value,0.0003539125877722043
D,SVM-RBF,31,COMPLETE,0.9449731158982184,False,118.33876345680346,auto,
D,SVM-RBF,32,COMPLETE,0.9449731158982184,False,214.8364747578672,auto,
D,SVM-RBF,33,COMPLETE,0.9449731158982184,False,9460.280042386688,auto,
D,SVM-RBF,34,PRUNED,0.9367758162758771,False,33.451157896173974,auto,
D,SVM-RBF,35,COMPLETE,0.9449731158982184,False,382.3155591277274,scale,
D,SVM-RBF,36,PRUNED,0.9334539082408339,False,29.017710905274072,auto,
D,SVM-RBF,37,PRUNED,0.9467028186660371,True,2.569233900371445,auto,
D,SVM-RBF,38,PRUNED,0.9422195182872857,True,1.6218970215849557,scale,
D,SVM-RBF,39,PRUNED,0.9367758162758771,True,92.7860157985116,scale,
D,SVM-RBF,40,PRUNED,0.7805825416000247,True,0.019677699063636797,auto,
D,SVM-RBF,41,COMPLETE,0.9449740616959807,False,24.561201566220095,scale,
D,SVM-RBF,42,PRUNED,0.9356189335141872,False,3.2707780562630737,scale,
D,SVM-RBF,43,COMPLETE,0.9449740616959807,False,24.816404714174393,scale,
D,SVM-RBF,44,PRUNED,0.9423169461297327,False,5.273762765161919,scale,
D,SVM-RBF,45,COMPLETE,0.9449731158982184,False,43.031317535200365,scale,
D,SVM-RBF,46,PRUNED,0.9445327270694566,False,20.8502292660843,scale,
D,SVM-RBF,47,COMPLETE,0.9449731158982184,False,60.432414533567936,scale,
D,SVM-RBF,48,PRUNED,0.0,False,1.0557386271032305,value,6.6416934916009325
D,SVM-RBF,49,COMPLETE,0.9449731158982184,False,165.0235592424696,scale,
D,SVM-RBF,50,COMPLETE,0.945837094570184,True,22.41100091452301,value,0.03142010005729512
D,SVM-RBF,51,PRUNED,0.9445371006680114,True,104.03741071117139,value,0.022904948618707004
D,SVM-RBF,52,COMPLETE,0.9458372635047854,True,11.351687731704818,value,0.03959283614739121
D,SVM-RBF,53,COMPLETE,0.9467141204477881,True,24.14959822678011,value,0.04412074844262236
D,SVM-RBF,54,COMPLETE,0.9476183667789891,True,1.8673571824512623,value,0.04129535254644395
D,SVM-RBF,55,COMPLETE,0.9493996757255759,True,2.546233735568382,value,0.04069881633513562
D,SVM-RBF,56,COMPLETE,0.9484946624331082,True,1.5329501029223218,value,0.04182177568509679
D,SVM-RBF,57,COMPLETE,0.9493857055803115,True,1.789374252094573,value,0.03946671017269578
D,SVM-RBF,58,PRUNED,0.9354966615539004,True,0.5928422587809403,value,0.048580403401077187
D,SVM-RBF,59,COMPLETE,0.9484909442276648,True,2.9692684071255075,value,0.044913756854798065
D,SVM-RBF,60,PRUNED,0.9366844021443519,True,1.0829796123790048,value,0.048570382324428736
D,SVM-RBF,61,COMPLETE,0.944946218060932,True,7.3896377843728365,value,0.04187700081859837
D,SVM-RBF,62,PRUNED,0.9377979831912281,True,2.3918248905620483,value,0.053783546342120764
D,SVM-RBF,63,COMPLETE,0.9458242688297774,True,4.897740831325262,value,0.04539006673267533
D,SVM-RBF,64,PRUNED,0.8614075549684346,True,0.1641424272458328,value,0.049044003144444785
D,SVM-RBF,65,COMPLETE,0.9449440525748607,True,4.483413649650807,value,0.04083356735463797
D,SVM-RBF,66,COMPLETE,0.9467202545537992,True,1.691402327664259,value,0.044560638002920365
D,SVM-RBF,67,PRUNED,0.8180737546148953,True,0.47749830806778143,value,0.08956840185409412
D,SVM-RBF,68,PRUNED,0.9221783383337308,True,1.0097687602445582,value,0.007381204429223332
D,SVM-RBF,69,PRUNED,0.8680814974661258,True,2.5637121703253283,value,0.10390423148997617
D,SVM-RBF,70,PRUNED,0.9310917858043537,True,1.5497105666246962,value,0.010370489446223364
D,SVM-RBF,71,PRUNED,0.9377538982387266,True,20.738854017026416,value,0.06833711784421698
D,SVM-RBF,72,PRUNED,0.9444928839521411,True,47.47419826004994,value,0.054549054611229816
D,SVM-RBF,73,PRUNED,0.9423124774804531,True,5.960058438262606,value,0.01766831242678698
D,SVM-RBF,74,PRUNED,0.9379029214053995,True,9.110716179353023,auto,
D,SVM-RBF,75,PRUNED,0.7495864905657993,True,3.656037655250746,value,0.13994414473749345
D,SVM-RBF,76,PRUNED,0.9153812099575629,True,0.4194251918360839,scale,
D,SVM-RBF,77,PRUNED,0.058546418010596846,True,0.20079792089447807,value,0.18023414535495663
D,SVM-RBF,78,PRUNED,0.7263854886833189,False,0.01625646505242348,value,0.010437942279344562
D,SVM-RBF,79,PRUNED,0.0665295754064324,True,10.432263794307493,value,0.38016036793629626
D,SVM-RBF,80,PRUNED,0.9377302020053856,True,1.1342741455011531,value,0.01557960519176851
D,SVM-RBF,81,COMPLETE,0.944946218060932,True,152.64207998431473,value,0.04163950569663039
D,SVM-RBF,82,COMPLETE,0.944038019264295,True,23.54677709318607,value,0.0504986870577703
D,SVM-RBF,83,PRUNED,0.49425411269153735,True,19.582715040275687,value,0.22250853521375843
D,SVM-RBF,84,PRUNED,0.9356060161864386,True,7.806002798947044,value,0.0056551936251574685
D,SVM-RBF,85,COMPLETE,0.9440880448780915,False,5.132760697815169,value,0.02266331114704908
D,SVM-RBF,86,PRUNED,0.9378956145573497,True,13.860522415583404,scale,
D,SVM-RBF,87,PRUNED,0.4775802651338616,True,2.48956249791054,value,0.22490890746233216
D,SVM-RBF,88,PRUNED,0.9109244620092376,True,0.3606992150819312,auto,
D,SVM-RBF,89,PRUNED,0.9401114434421831,True,22.995856124084806,value,0.0066082885265600945
D,SVM-RBF,90,PRUNED,0.9377302020053856,True,0.776209540745159,value,0.02358499043074745
D,SVM-RBF,91,PRUNED,0.9422165078731388,True,5.548469216238193,value,0.06228769407603005
D,SVM-RBF,92,COMPLETE,0.9458349290841126,True,5.094861765582301,value,0.03860747605472256
D,SVM-RBF,93,PRUNED,0.9445253030972076,True,6.719706691093012,value,0.02703165478134833
D,SVM-RBF,94,PRUNED,0.6615782034016321,True,1.2313126698657848,value,0.16262526027666419
D,SVM-RBF,95,PRUNED,0.9356474448846261,True,76.82131917223455,value,0.002254257708586807
D,SVM-RBF,96,PRUNED,0.9367758162758771,True,305.68486432543955,auto,
D,SVM-RBF,97,COMPLETE,0.9449442565225891,True,2.156530756615385,value,0.025873323396735596
D,SVM-RBF,98,COMPLETE,0.9458349290841126,True,5.7989374854565705,value,0.03414603046297739
D,SVM-RBF,99,PRUNED,0.0,True,0.06154691976735235,value,1.1846620420608613
D,SVM-RBF,100,PRUNED,0.7096255523879929,True,1.0772328006493708,value,0.00011629885000587068
D,SVM-RBF,101,PRUNED,0.9378506799328896,True,13.734907816074376,value,0.02693279623944857
D,SVM-RBF,102,COMPLETE,0.9458372635047854,True,9.177813082842276,value,0.03775560897349817
D,SVM-RBF,103,PRUNED,0.9444692452685316,True,25.903102569760573,value,0.05659099019548036
D,SVM-RBF,104,COMPLETE,0.9493890438804474,True,3.4880002973929813,value,0.0366645014328911
D,SVM-RBF,105,PRUNED,0.9243659516460444,True,0.6409356507432468,value,0.012252043467174933
D,SVM-RBF,106,PRUNED,0.7518885215913664,True,4.6240048105673734,value,0.13913823515086482
D,SVM-RBF,107,COMPLETE,0.9467111661773382,False,45.40156918939153,value,0.04371301636994316
D,SVM-RBF,108,PRUNED,0.8022462337580683,False,29.46298769872901,value,0.12516890867584687
D,SVM-RBF,109,PRUNED,0.9423257472661709,False,18.501898646505254,value,0.016404303379807677
D,SVM-RBF,110,PRUNED,0.9020406172213977,False,0.2300298710771665,auto,
D,SVM-RBF,111,COMPLETE,0.9467111661773382,False,142.73972651908534,value,0.04436624817765655
D,SVM-RBF,112,PRUNED,0.9198617421517277,False,725.9533888228117,value,0.08331488919728262
D,SVM-RBF,113,COMPLETE,0.9467111661773382,False,135.36182256765827,value,0.04424958553237986
D,SVM-RBF,114,PRUNED,0.7679361931031291,False,395.28761549488314,value,0.13268543827207685
D,SVM-RBF,115,PRUNED,0.9423390121520461,False,123.89606173484053,value,0.010559073449403489
D,SVM-RBF,116,PRUNED,0.9310754855980294,False,53.19807312187764,value,0.07494404958155995
D,SVM-RBF,117,PRUNED,0.946749926284766,False,244.50567807116877,value,0.027667192188584076
D,SVM-RBF,118,PRUNED,0.8115826794251328,False,88.02571860543526,value,1.1525937280327894e-05
D,SVM-RBF,119,PRUNED,0.20213855854303114,False,36.88825444476983,value,0.2880473055442174
D,SVM-RBF,120,PRUNED,0.9021474602941774,False,0.37558447855520377,value,0.008284307714951969
D,SVM-RBF,121,PRUNED,0.9421973243492057,True,0.7292615695130056,value,0.04445715634125403
D,SVM-RBF,122,PRUNED,0.9444692452685316,False,7816.892660143903,value,0.05766241046188812
D,SVM-RBF,123,COMPLETE,0.9467192750689986,False,148.63084545994326,value,0.033293063367870745
D,SVM-RBF,124,PRUNED,0.9378674741731078,False,421.41284159942643,value,0.01819863382458125
D,SVM-RBF,125,PRUNED,0.8951583986347906,False,83.75249381753267,value,0.09488697757459566
D,SVM-RBF,126,PRUNED,0.9268386550882264,False,96.52499637638844,value,0.004234663252239249
D,SVM-RBF,127,COMPLETE,0.9458283985597467,False,7.112470042664869,value,0.03947541268074895
D,SVM-RBF,128,PRUNED,0.6147951261672187,False,325.3309728955816,value,0.18703836335003904
D,SVM-RBF,129,PRUNED,0.919833528088442,True,0.43071521010568325,value,0.016922338849408473
D,SVM-RBF,130,PRUNED,0.9399652447521316,True,0.7183926238705854,value,0.05504668610617544
D,SVM-RBF,131,PRUNED,0.9467558779541548,True,4.453627661554214,value,0.030354336670158435
D,SVM-RBF,132,PRUNED,0.9378405146850243,True,2.355421365395854,scale,
D,SVM-RBF,133,COMPLETE,0.9493890438804474,True,3.401668636639862,value,0.03721496711817187
D,SVM-RBF,134,PRUNED,0.9422195182872857,True,1.815050540777221,auto,
D,SVM-RBF,135,PRUNED,0.9378176990927344,True,1.6138305469615406,value,0.02307287816848986
D,SVM-RBF,136,PRUNED,0.3715117787327916,True,597.0441642630517,value,0.2543720785936948
D,SVM-RBF,137,PRUNED,0.9377302020053856,True,1.7217378782581534,value,0.011382726075411036
D,SVM-RBF,138,PRUNED,0.9243363005372338,True,3.7029743588621646,value,0.07898410118327552
D,SVM-RBF,139,PRUNED,0.9400396059483528,False,39.42797508829273,value,0.0512510430412403
D,SVM-RBF,140,PRUNED,0.9177615691071728,True,2.7074555289405406,value,0.0025462432993807347
D,SVM-RBF,141,COMPLETE,0.945837094570184,True,20.244298390099758,value,0.03379384189579016
D,SVM-RBF,142,COMPLETE,0.9458372635047854,True,9.096521309355118,value,0.04077422244154946
D,SVM-RBF,143,PRUNED,0.9389534055564077,True,8.210101422894107,value,0.029007611382086216
D,SVM-RBF,144,PRUNED,0.7702335611866231,True,1.8204588495529417,value,0.13306436684364117
D,SVM-RBF,145,PRUNED,0.9379103487499743,True,26.8506613577374,value,0.013284558076447649
D,SVM-RBF,146,PRUNED,0.8680814974661258,True,1.612908046932124,value,0.10359301903475159
D,SVM-RBF,147,PRUNED,0.946744080471297,False,133.44542633802442,value,0.01933102050432439
D,SVM-RBF,148,PRUNED,0.00511487506288788,True,3.877834104961751,value,0.5662418607324434
D,SVM-RBF,149,COMPLETE,0.944946218060932,True,56.63326710533583,value,0.04284107860000004
D,SVM-polinomial,0,COMPLETE,0.9396748289531445,False,45.70563099801453,4,0.46805592132730955
D,SVM-polinomial,1,PRUNED,0.9334567277434115,True,214.23021757741054,4,2.1242177333881367
D,SVM-polinomial,2,PRUNED,0.9201336405240282,False,145.28246637516014,2,0.5454749016213019
D,SVM-polinomial,3,PRUNED,0.9423169461297327,False,4.205156450913866,3,0.8736874205941257
D,SVM-polinomial,4,PRUNED,0.9311147152535342,True,0.2888838362365318,3,1.3682099526511078
D,SVM-polinomial,5,COMPLETE,0.9414121569446458,True,3.725393839578884,4,0.13935123815999317
D,SVM-polinomial,6,PRUNED,0.9401334903579734,True,0.021147447960615712,5,2.896896099223678
D,SVM-polinomial,7,PRUNED,0.9332601579803603,True,0.030786517836196188,4,1.320457481218804
D,SVM-polinomial,8,PRUNED,0.8998308308890677,False,0.014857392806279237,5,0.7763399448000508
D,SVM-polinomial,9,PRUNED,0.9423375369117641,True,3.9841905944346854,4,0.5545633665765811
D,SVM-polinomial,10,COMPLETE,0.9450046880156698,True,383.20646353671674,4,0.3675456830049908
D,SVM-polinomial,11,COMPLETE,0.9476769911462807,True,396.4605969862513,5,0.3228989086661791
D,SVM-polinomial,12,PRUNED,0.9334631676400201,True,189.95247020000653,5,0.8078738758351437
D,SVM-polinomial,13,PRUNED,0.9423257472661709,True,643.5841386266534,3,0.8179507585866123
D,SVM-polinomial,14,COMPLETE,0.9476540848125226,False,984.1479616333799,5,0.17668322750959098
D,SVM-polinomial,15,PRUNED,0.9368023070328954,False,687.3202133193669,5,0.7283515833141377
D,SVM-polinomial,16,PRUNED,0.9445488948077028,False,12.332851659663698,5,1.4867506150676304
D,SVM-polinomial,17,COMPLETE,0.9494488861981125,False,40.94596289849871,5,0.305849441377409
D,SVM-polinomial,18,PRUNED,0.9289940735422056,False,28.393067798777494,3,2.6381670667409223
D,SVM-polinomial,19,PRUNED,0.9434721564236346,True,95.18514186867115,5,0.17010751559944284
D,SVM-polinomial,20,PRUNED,0.9135174470192289,False,0.355721286629319,5,0.045077289034466894
D,SVM-polinomial,21,PRUNED,0.9445759770503415,False,24.048123601284694,5,0.18653659466274308
D,SVM-polinomial,22,PRUNED,0.9401473453115058,False,266.5260412215911,5,0.11559792336770733
D,SVM-polinomial,23,PRUNED,0.9534195510233964,True,923.7054850048708,5,0.5870066732569827
D,SVM-polinomial,24,PRUNED,0.931374715034593,False,580.1716575609082,5,0.011690202998686033
D,SVM-polinomial,25,PRUNED,0.9401158646105142,False,252.2498039453698,4,1.5168532183231584
D,SVM-polinomial,26,PRUNED,0.9156768369746677,True,61.429911121259316,2,1.5933720910543807
D,SVM-polinomial,27,PRUNED,0.9265965482084723,False,0.06726380127466111,3,1.8888791584770481
D,SVM-polinomial,28,PRUNED,0.9467602482095433,False,630.5472134727562,4,0.5796573766355761
D,SVM-polinomial,29,PRUNED,0.9368023070328954,False,66.58046787122352,5,0.7546029892687485
D,SVM-polinomial,30,PRUNED,0.9401158646105142,True,6.810922191543184,5,2.5690551394991363
D,SVM-polinomial,31,PRUNED,0.944607722033466,True,273.68876976537996,3,0.07532592491724932
D,SVM-polinomial,32,PRUNED,0.9401282419818244,True,914.127886287244,4,0.32379315649566787
D,SVM-polinomial,33,PRUNED,0.8729520944379054,False,0.07109581564134802,3,0.14483866989833993
D,SVM-polinomial,34,PRUNED,0.9267636001757971,True,5.171506753469426,2,2.5633603760289203
D,SVM-polinomial,35,COMPLETE,0.9494147011865766,False,11.175199233209787,4,0.26723616108022163
D,SVM-polinomial,36,PRUNED,0.9467322770430248,False,11.722601944838225,4,0.4034645622959955
D,SVM-polinomial,37,PRUNED,0.9467602482095433,False,7.909315794008701,4,0.783650163863837
D,SVM-polinomial,38,PRUNED,0.9468265534805218,True,272.8880596590768,5,0.059057481235545994
D,SVM-polinomial,39,COMPLETE,0.9476742030226346,False,15.687959669822769,5,0.2695843970898335
D,SVM-polinomial,40,PRUNED,0.9412272517717002,False,13.9526039702514,4,0.06546259554876921
D,SVM-polinomial,41,PRUNED,0.9445704653299491,False,8.14158441974596,5,0.3468604680364689
D,SVM-polinomial,42,PRUNED,0.9534062523736736,False,21.373322393488593,5,0.5742324520155069
D,SVM-polinomial,43,PRUNED,0.9511830946279556,False,124.64160745646967,4,0.01355316919853397
D,SVM-polinomial,44,PRUNED,0.9444722629781861,True,3.548533361996416,5,0.012979153983312286
D,SVM-polinomial,45,COMPLETE,0.948541492440015,False,757.1607515727784,5,0.49340553175672297
D,SVM-polinomial,46,PRUNED,0.8841632156385547,True,0.09156148653823162,2,0.14698715725123845
D,SVM-polinomial,47,PRUNED,0.9401158646105142,False,0.29945920057042846,5,2.226524052695312
D,SVM-polinomial,48,PRUNED,0.9467602482095433,True,15.631274124187,5,1.209021250912275
D,SVM-polinomial,49,PRUNED,0.9289689204123817,False,0.5914820294042958,3,2.95739220956328
D,SVM-polinomial,50,PRUNED,0.926603942223009,False,1.3547653664315806,4,0.0781339076278772
D,SVM-polinomial,51,PRUNED,0.9379074512342641,False,287.6499057111802,5,2.6735841010751504
D,SVM-polinomial,52,PRUNED,0.937917594461369,False,325.19570496148174,5,0.6930433655945221
D,SVM-polinomial,53,PRUNED,0.9445610202657434,False,511.87238765037256,5,0.503822205122656
D,SVM-polinomial,54,PRUNED,0.9289940735422056,True,660.2843435861747,3,2.5377230775725694
D,SVM-polinomial,55,PRUNED,0.9401334043714782,False,900.0233786084445,5,0.6235757879827943
D,SVM-polinomial,56,PRUNED,0.9379300510380424,False,654.4301642197421,5,0.1030052045795874
D,SVM-polinomial,57,PRUNED,0.9445587095929229,False,6.09195485314419,5,0.28715373425459534
D,SVM-polinomial,58,PRUNED,0.902185836154188,True,0.07435042296777689,2,2.3653229067456087
D,SVM-polinomial,59,COMPLETE,0.9494248705216488,False,98.45514521414476,5,0.48926622247880686
D,SVM-polinomial,60,PRUNED,0.9400863771771588,False,3.671786933482076,2,0.9412862012967684
D,SVM-polinomial,61,PRUNED,0.9357381615611573,False,42.22345737019922,5,0.07475123121253466
D,SVM-polinomial,62,PRUNED,0.9179237814868568,False,660.547108430471,2,1.9938393583945793
D,SVM-polinomial,63,PRUNED,0.9423257472661709,True,864.8753917947554,5,1.7747380983519419
D,SVM-polinomial,64,PRUNED,0.9489569060880516,True,210.68685872316493,5,0.6845925649875119
D,SVM-polinomial,65,PRUNED,0.9511874809449987,False,71.26592410315573,5,0.6900875518534489
D,SVM-polinomial,66,COMPLETE,0.9494488861981125,False,103.45883647255536,5,0.3053455912744387
D,SVM-polinomial,67,COMPLETE,0.9476540848125226,False,39.20837164493001,5,0.2080329373481617
D,SVM-polinomial,68,PRUNED,0.9467602482095433,False,78.65127041166964,4,0.598749247400135
D,SVM-polinomial,69,PRUNED,0.9489569060880516,False,62.93974370517396,5,0.7262726149364895
D,SVM-polinomial,70,COMPLETE,0.9503303660182093,True,19.577063595219276,5,0.4539506966187763
D,SVM-polinomial,71,COMPLETE,0.9476787519460418,True,28.675775005908147,4,0.16407033339408242
D,SVM-polinomial,72,PRUNED,0.9412442346500065,True,25.812170572448753,4,0.2923195698428329
D,SVM-polinomial,73,PRUNED,0.9489569060880516,True,25.400547164883534,5,0.7514491920344997
D,SVM-polinomial,74,PRUNED,0.9401377813810265,True,39.46499439821796,4,0.37791093244752566
D,SVM-polinomial,75,PRUNED,0.9445666223381086,True,0.722676520128727,5,0.9827219264751784
D,SVM-polinomial,76,PRUNED,0.9468103211815129,True,78.65215082607672,5,0.07371535041694637
D,SVM-polinomial,77,PRUNED,0.9412478699158275,True,16.67198036096885,4,0.09714574085571481
D,SVM-polinomial,78,COMPLETE,0.9503272930808226,True,59.09840472913805,5,0.3872311456002232
D,SVM-polinomial,79,COMPLETE,0.9503220254869073,True,45.58238369263331,5,0.40846144807419127
D,SVM-polinomial,80,PRUNED,0.9434585854633799,True,7.366644175308706,5,0.5184035895212288
D,SVM-polinomial,81,PRUNED,0.9423543655486855,True,7.1849056789792325,5,0.5750742809377707
D,SVM-polinomial,82,PRUNED,0.946744080471297,True,42.43850421500236,5,0.7774605189643365
D,SVM-polinomial,83,PRUNED,0.9434759661449542,True,3.6804177689747712,3,0.3864192141461156
D,SVM-polinomial,84,PRUNED,0.9423375369117641,True,18.32325733935295,5,0.01594963468071292
D,SVM-polinomial,85,PRUNED,0.9390306713919914,True,35.996811200095905,5,0.6267531099417465
D,SVM-polinomial,86,PRUNED,0.9445371006680114,False,51.93669910575875,3,0.34652862631630865
D,SVM-polinomial,87,PRUNED,0.9445371006680114,True,6.493949169915241,4,1.1243583411731137
D,SVM-polinomial,88,COMPLETE,0.9476769911462807,True,43.377212685345825,5,0.31871970202440186
D,SVM-polinomial,89,COMPLETE,0.9485417313620472,False,56.5114232320202,5,0.4828203053340134
D,SVM-polinomial,90,PRUNED,0.9534062523736736,False,54.88426403620017,5,0.5733694324575671
D,SVM-polinomial,91,COMPLETE,0.9485417313620472,False,126.85270454098224,5,0.4785055939852003
D,SVM-polinomial,92,PRUNED,0.9534062523736736,False,193.95667319363505,5,0.5202200096385592
D,SVM-polinomial,93,PRUNED,0.9445488948077028,False,828.0575042900942,5,1.434138701535996
D,SVM-polinomial,94,COMPLETE,0.9476540848125226,False,64.53501513491496,5,0.2156413261954348
D,SVM-polinomial,95,PRUNED,0.9467602482095433,False,34.31725382488729,4,0.692313530589
D,SVM-polinomial,96,PRUNED,0.9467602482095433,False,12.806442145620913,5,0.9050347897804816
D,SVM-polinomial,97,PRUNED,0.948962851899972,False,142.294011560398,5,0.646115339496645
D,SVM-polinomial,98,COMPLETE,0.9476676188285369,False,88.1300269797878,5,0.2467484029802974
D,SVM-polinomial,99,PRUNED,0.9467530167915872,True,0.07337113018858107,4,2.362010342404984
D,SVM-polinomial,100,PRUNED,0.9467602482095433,False,605.9457173545605,4,0.6537256457912812
D,SVM-polinomial,101,COMPLETE,0.9520834780426786,False,102.64569198572774,5,0.4295057027781158
D,SVM-polinomial,102,COMPLETE,0.9494333484899788,False,116.20613709527476,5,0.46077277305788933
D,SVM-polinomial,103,PRUNED,0.9534062523736736,False,53.247784614367134,5,0.5636264913606669
D,SVM-polinomial,104,COMPLETE,0.9503346118238234,False,57.798474938212614,5,0.33480016014371045
D,SVM-polinomial,105,PRUNED,0.9434548375097316,False,11.63550155950826,5,0.15902223153522005
D,SVM-polinomial,106,PRUNED,0.9468265534805218,False,92.77906042567513,5,0.03711479908572124
D,SVM-polinomial,107,PRUNED,0.8952820368334953,True,0.060135889303135535,4,0.4020644187238873
D,SVM-polinomial,108,PRUNED,0.9445430464330271,False,1.315123725935935,4,0.9644260968277361
D,SVM-polinomial,109,COMPLETE,0.9485568446234118,False,35.94130217466704,4,0.18600152481326554
D,SVM-polinomial,110,PRUNED,0.9445371006680114,False,29.24281466593016,4,0.4803816164855538
D,SVM-polinomial,111,PRUNED,0.9511830946279556,False,86.13913436221522,4,0.012060535287555907
D,SVM-polinomial,112,PRUNED,0.9423509810470758,False,9.758380270661336,4,0.16575894467431687
D,SVM-polinomial,113,PRUNED,0.946744080471297,False,12.14510170298831,5,0.8082717150403343
D,SVM-polinomial,114,PRUNED,0.9534062523736736,False,53.571322927607014,5,0.5199146836137234
D,SVM-polinomial,115,PRUNED,0.9467602482095433,False,45.3912461626734,4,0.5568227378329369
D,SVM-polinomial,116,COMPLETE,0.9503346118238234,False,71.30648061884028,5,0.33307116711205564
D,SVM-polinomial,117,PRUNED,0.9434585854633799,True,71.47274928258089,5,0.570075776759172
D,SVM-polinomial,118,PRUNED,0.9468265534805218,False,44.7650735378514,5,0.033391958988456705
D,SVM-polinomial,119,PRUNED,0.9201396362953789,False,940.0080102557814,2,0.44264156316906234
D,SVM-polinomial,120,COMPLETE,0.9520834780426786,False,106.66245975729773,5,0.41907346871412093
D,SVM-polinomial,121,PRUNED,0.9468265534805218,False,104.82194005042338,5,0.040848818476366344
D,SVM-polinomial,122,PRUNED,0.9379074512342641,False,5.603608217302569,5,2.729290642066198
D,SVM-polinomial,123,PRUNED,0.9534062523736736,False,82.65531115741943,5,0.541705415120538
D,SVM-polinomial,124,PRUNED,0.9511919427332587,False,40.833962833578795,5,0.5898181193828926
D,SVM-polinomial,125,COMPLETE,0.9476672444833536,False,26.452778855540725,4,0.10188806311553603
D,SVM-polinomial,126,COMPLETE,0.9503346118238234,False,138.94119344523992,5,0.35379653037953057
D,SVM-polinomial,127,COMPLETE,0.9520887438740943,False,245.62950983802182,5,0.3981253053488227
D,SVM-polinomial,128,COMPLETE,0.9494488861981125,False,413.4119441414317,5,0.3076762141293997
D,SVM-polinomial,129,PRUNED,0.9489569060880516,False,697.3271013718634,5,0.7483638424197414
D,SVM-polinomial,130,PRUNED,0.9468103211815129,False,696.9833876376181,5,0.07829948761359168
D,SVM-polinomial,131,COMPLETE,0.9494333484899788,False,215.56594036746512,5,0.4681980422623764
D,SVM-polinomial,132,PRUNED,0.9534062523736736,False,497.3699194215967,5,0.5261096062621351
D,SVM-polinomial,133,COMPLETE,0.9494333484899788,False,149.49710939130173,5,0.466696158845354
D,SVM-polinomial,134,PRUNED,0.9512199025884617,False,158.19763964362406,5,0.10847546697455801
D,SVM-polinomial,135,PRUNED,0.9456901449953521,True,107.6285938334584,5,0.46090504612569916
D,SVM-polinomial,136,PRUNED,0.9456736334407971,False,227.58292447679293,5,0.46924858894748234
D,SVM-polinomial,137,PRUNED,0.9467602482095433,False,202.26922446065976,5,0.9236003934533978
D,SVM-polinomial,138,COMPLETE,0.9503346118238234,False,199.014763608593,5,0.3380306295205283
D,SVM-polinomial,139,PRUNED,0.8248097893702977,False,0.013206781426154633,2,2.614554067978802
D,SVM-polinomial,140,PRUNED,0.9456953076185532,False,313.1787161986046,5,0.2592073972317926
D,SVM-polinomial,141,COMPLETE,0.9503346118238234,False,407.3098035638776,5,0.34601250020683005
D,SVM-polinomial,142,COMPLETE,0.9494331424453953,False,805.4283754994137,4,0.11193995224073308
D,SVM-polinomial,143,COMPLETE,0.9503245943211105,False,149.53851782560474,5,0.36703219079478583
D,SVM-polinomial,144,PRUNED,0.9445989554970493,False,208.16433614801588,5,0.05453386473264282
D,SVM-polinomial,145,PRUNED,0.9456953076185532,False,447.2235806943576,5,0.2634183676835338
D,SVM-polinomial,146,PRUNED,0.9434603709394906,True,21.688215068229933,5,0.46742266337817445
D,SVM-polinomial,147,PRUNED,0.9312334347766672,False,1.4133150878635932,3,2.0215073205698606
D,SVM-polinomial,148,PRUNED,0.9434585854633799,True,260.4449396252074,5,0.5254592660028596
D,SVM-polinomial,149,PRUNED,0.9467602482095433,False,76.19635759321403,5,0.9948472629075256
D,kNN,0,COMPLETE,0.9316931560810003,False,16,uniform,1
D,kNN,1,PRUNED,0.9257571322601431,True,15,distance,1
D,kNN,2,PRUNED,0.9181049436880835,False,8,uniform,2
D,kNN,3,PRUNED,0.9268122882906251,False,9,distance,2
D,kNN,4,PRUNED,0.9069979048732586,True,13,uniform,2
D,kNN,5,PRUNED,0.9160780651061429,True,4,uniform,2
D,kNN,6,PRUNED,0.9246350442263712,False,7,uniform,2
D,kNN,7,PRUNED,0.911309070308074,False,16,uniform,2
D,kNN,8,COMPLETE,0.9316983263900085,False,3,distance,2
D,kNN,9,PRUNED,0.9225101200812356,True,12,distance,2
D,kNN,10,COMPLETE,0.9441359405417554,False,3,distance,1
D,kNN,11,COMPLETE,0.9441320133067441,False,4,distance,1
D,kNN,12,COMPLETE,0.9441359405417554,False,3,distance,1
D,kNN,13,PRUNED,0.9390836492202378,True,3,distance,1
D,kNN,14,COMPLETE,0.9441359405417554,False,3,uniform,1
D,kNN,15,PRUNED,0.9379163492156517,False,8,distance,1
D,kNN,16,PRUNED,0.936811641220783,False,5,distance,1
D,kNN,17,COMPLETE,0.9441359405417554,False,3,distance,1
D,kNN,18,PRUNED,0.9423626520678078,False,10,distance,1
D,kNN,19,PRUNED,0.9091403485993015,True,20,distance,2
D,kNN,20,PRUNED,0.9401909898368316,True,9,distance,1
D,kNN,21,PRUNED,0.936811641220783,False,5,uniform,1
D,kNN,22,COMPLETE,0.9441359405417554,False,3,uniform,1
D,kNN,23,PRUNED,0.9379987123709932,True,3,uniform,1
D,kNN,24,PRUNED,0.937982544632747,True,11,uniform,1
D,kNN,25,PRUNED,0.9379413689125466,False,10,uniform,1
D,kNN,26,PRUNED,0.9224851667029976,True,20,uniform,1
D,kNN,27,PRUNED,0.9357961273295251,True,4,distance,2
D,kNN,28,PRUNED,0.9357681758887642,False,3,uniform,2
D,kNN,29,COMPLETE,0.9441359405417554,False,3,distance,1
D,kNN,30,PRUNED,0.9311878606588466,False,18,distance,1
D,kNN,31,COMPLETE,0.9441359405417554,False,3,distance,1
D,kNN,32,COMPLETE,0.9441359405417554,False,3,distance,1
D,kNN,33,COMPLETE,0.9441359405417554,False,3,uniform,1
D,kNN,34,COMPLETE,0.9441359405417554,False,3,distance,1
D,kNN,35,COMPLETE,0.9441359405417554,False,3,distance,1
D,kNN,36,COMPLETE,0.9441359405417554,False,3,uniform,1
D,kNN,37,COMPLETE,0.9441359405417554,False,3,distance,1
D,kNN,38,PRUNED,0.9379575581281846,False,7,distance,2
D,kNN,39,PRUNED,0.9402056975382826,True,5,distance,1
D,kNN,40,PRUNED,0.9267223139461245,False,19,uniform,1
D,kNN,41,PRUNED,0.9391635941030402,False,4,uniform,1
D,kNN,42,COMPLETE,0.9441359405417554,False,3,uniform,1
D,kNN,43,COMPLETE,0.9441359405417554,False,3,uniform,1
D,kNN,44,PRUNED,0.9357681758887642,False,3,distance,2
D,kNN,45,PRUNED,0.9379487071292464,False,7,uniform,1
D,kNN,46,PRUNED,0.9111881030605371,False,19,distance,2
D,kNN,47,PRUNED,0.9401762625910263,False,7,distance,1
D,kNN,48,COMPLETE,0.9441359405417554,False,3,distance,1
D,kNN,49,COMPLETE,0.9441359405417554,False,3,uniform,1
D,kNN,50,PRUNED,0.9270136096035553,True,6,uniform,1
D,kNN,51,COMPLETE,0.9441359405417554,False,3,distance,1
D,kNN,52,PRUNED,0.9423626520678078,False,6,distance,1
D,kNN,53,COMPLETE,0.9441359405417554,False,3,distance,1
D,kNN,54,COMPLETE,0.9441359405417554,False,3,distance,1
D,kNN,55,PRUNED,0.9401762625910263,False,7,distance,1
D,kNN,56,PRUNED,0.9379987123709932,True,3,distance,1
D,kNN,57,COMPLETE,0.9441359405417554,False,3,distance,1
D,kNN,58,PRUNED,0.9379898731278095,False,6,uniform,1
D,kNN,59,PRUNED,0.9245375259102819,False,13,uniform,2
D,kNN,60,PRUNED,0.9226903271644267,True,6,uniform,2
D,kNN,61,COMPLETE,0.9441359405417554,False,3,distance,1
D,kNN,62,COMPLETE,0.9441359405417554,False,3,distance,1
D,kNN,63,COMPLETE,0.9441359405417554,False,3,distance,1
D,kNN,64,PRUNED,0.9423626520678078,False,6,distance,1
D,kNN,65,COMPLETE,0.9441359405417554,False,3,distance,1
D,kNN,66,PRUNED,0.902470884023281,True,15,uniform,2
D,kNN,67,COMPLETE,0.9441359405417554,False,3,uniform,1
D,kNN,68,PRUNED,0.9423626520678078,False,6,distance,1
D,kNN,69,PRUNED,0.9246568328807958,True,19,distance,1
D,kNN,70,PRUNED,0.9025370804059328,True,20,uniform,2
D,kNN,71,COMPLETE,0.9441359405417554,False,3,distance,1
D,kNN,72,COMPLETE,0.9441359405417554,False,3,distance,1
D,kNN,73,COMPLETE,0.9441359405417554,False,3,distance,1
D,kNN,74,PRUNED,0.9357681758887642,False,3,distance,2
D,kNN,75,COMPLETE,0.9441359405417554,False,3,uniform,1
D,kNN,76,COMPLETE,0.9441359405417554,False,3,distance,1
D,kNN,77,PRUNED,0.9423626520678078,False,6,distance,1
D,kNN,78,PRUNED,0.9314407867099833,False,6,uniform,2
D,kNN,79,COMPLETE,0.9441359405417554,False,3,distance,1
D,kNN,80,PRUNED,0.9379987123709932,True,3,uniform,1
D,kNN,81,COMPLETE,0.9441359405417554,False,3,uniform,1
D,kNN,82,COMPLETE,0.9441359405417554,False,3,uniform,1
D,kNN,83,PRUNED,0.9379898731278095,False,6,uniform,1
D,kNN,84,PRUNED,0.9267916701464978,False,12,distance,2
D,kNN,85,COMPLETE,0.9441359405417554,False,3,uniform,1
D,kNN,86,COMPLETE,0.9441359405417554,False,3,uniform,1
D,kNN,87,COMPLETE,0.9441359405417554,False,3,distance,1
D,kNN,88,PRUNED,0.9423626520678078,False,6,distance,1
D,kNN,89,PRUNED,0.9379898731278095,False,6,uniform,1
D,kNN,90,PRUNED,0.9379987123709932,True,3,distance,1
D,kNN,91,COMPLETE,0.9441320133067441,False,4,distance,1
D,kNN,92,COMPLETE,0.9441359405417554,False,3,distance,1
D,kNN,93,COMPLETE,0.9441359405417554,False,3,distance,1
D,kNN,94,COMPLETE,0.9441359405417554,False,3,distance,1
D,kNN,95,PRUNED,0.9202031829741615,True,15,uniform,1
D,kNN,96,COMPLETE,0.9441359405417554,False,3,distance,1
D,kNN,97,COMPLETE,0.9441359405417554,False,3,uniform,1
D,kNN,98,PRUNED,0.9402056975382826,True,12,distance,1
D,kNN,99,PRUNED,0.9423626520678078,False,6,distance,1
D,kNN,100,COMPLETE,0.9441359405417554,False,3,distance,1
D,kNN,101,PRUNED,0.9357681758887642,False,3,uniform,2
D,kNN,102,COMPLETE,0.9441359405417554,False,3,distance,1
D,kNN,103,COMPLETE,0.9441359405417554,False,3,distance,1
D,kNN,104,PRUNED,0.9401615895574668,False,6,distance,2
D,kNN,105,PRUNED,0.9423626520678078,False,6,distance,1
D,kNN,106,COMPLETE,0.9441359405417554,False,3,distance,1
D,kNN,107,COMPLETE,0.9441359405417554,False,3,uniform,1
D,kNN,108,COMPLETE,0.9441359405417554,False,3,distance,1
D,kNN,109,PRUNED,0.9423626520678078,False,6,distance,1
D,kNN,110,COMPLETE,0.9441359405417554,False,3,distance,1
D,kNN,111,PRUNED,0.9089826621358454,False,19,uniform,2
D,kNN,112,COMPLETE,0.9441359405417554,False,3,uniform,1
D,kNN,113,PRUNED,0.9379898731278095,False,6,uniform,1
D,kNN,114,COMPLETE,0.9441359405417554,False,3,uniform,1
D,kNN,115,COMPLETE,0.9441359405417554,False,3,uniform,1
D,kNN,116,PRUNED,0.9379898731278095,False,6,uniform,1
D,kNN,117,COMPLETE,0.9441359405417554,False,3,distance,1
D,kNN,118,COMPLETE,0.9441359405417554,False,3,distance,1
D,kNN,119,PRUNED,0.9402128412772853,True,6,distance,1
D,kNN,120,COMPLETE,0.9441359405417554,False,3,uniform,1
D,kNN,121,COMPLETE,0.9441359405417554,False,3,distance,1
D,kNN,122,PRUNED,0.9423626520678078,False,6,distance,1
D,kNN,123,PRUNED,0.9357681758887642,False,3,distance,2
D,kNN,124,PRUNED,0.9246171196209783,False,14,uniform,1
D,kNN,125,COMPLETE,0.9441359405417554,False,3,distance,1
D,kNN,126,COMPLETE,0.9441359405417554,False,3,distance,1
D,kNN,127,COMPLETE,0.9441359405417554,False,3,distance,1
D,kNN,128,COMPLETE,0.9441359405417554,False,3,uniform,1
D,kNN,129,PRUNED,0.9423626520678078,False,6,distance,1
D,kNN,130,COMPLETE,0.9441359405417554,False,3,distance,1
D,kNN,131,COMPLETE,0.9441359405417554,False,3,uniform,1
D,kNN,132,PRUNED,0.9379898731278095,False,6,uniform,1
D,kNN,133,COMPLETE,0.9441359405417554,False,3,uniform,1
D,kNN,134,COMPLETE,0.9441359405417554,False,3,uniform,1
D,kNN,135,COMPLETE,0.9441359405417554,False,3,distance,1
D,kNN,136,COMPLETE,0.9441359405417554,False,3,uniform,1
D,kNN,137,PRUNED,0.9423626520678078,False,6,distance,1
D,kNN,138,COMPLETE,0.9441359405417554,False,3,distance,1
D,kNN,139,COMPLETE,0.9441359405417554,False,3,distance,1
D,kNN,140,PRUNED,0.9379898731278095,False,6,uniform,1
D,kNN,141,COMPLETE,0.9441359405417554,False,3,uniform,1
D,kNN,142,PRUNED,0.9379987123709932,True,3,uniform,1
D,kNN,143,COMPLETE,0.9441359405417554,False,3,uniform,1
D,kNN,144,PRUNED,0.9423640930089248,False,5,uniform,1
D,kNN,145,PRUNED,0.9391635941030402,False,4,uniform,1
D,kNN,146,PRUNED,0.9091315210477514,True,15,distance,2
D,kNN,147,COMPLETE,0.9441359405417554,False,3,uniform,1
D,kNN,148,PRUNED,0.9313880142550223,True,8,distance,2
D,kNN,149,COMPLETE,0.9441359405417554,False,3,distance,1
D,RandomForest,0,COMPLETE,0.9262831961546224,False,269,19,4,2,log2
D,RandomForest,1,PRUNED,0.9156315408540522,True,81,8,5,4,0.5
D,RandomForest,2,PRUNED,0.9178369921010885,False,142,24,5,6,0.3
D,RandomForest,3,PRUNED,0.9090195537460286,False,321,11,3,7,0.7
D,RandomForest,4,PRUNED,0.9244607049712239,False,102,17,12,2,sqrt
D,RandomForest,5,PRUNED,0.8583355668635886,True,78,4,8,4,log2
D,RandomForest,6,PRUNED,0.9144491759879748,False,59,30,16,2,log2
D,RandomForest,7,PRUNED,0.9134274985171087,False,65,27,13,4,0.5
D,RandomForest,8,PRUNED,0.9156315408540522,True,65,22,16,6,sqrt
D,RandomForest,9,PRUNED,0.9111910956358444,True,216,11,11,10,0.3
D,RandomForest,10,COMPLETE,0.9271204904040392,False,314,21,5,1,log2
D,RandomForest,11,PRUNED,0.9122744928076452,False,467,26,2,4,log2
D,RandomForest,12,COMPLETE,0.9298141644162197,False,255,17,2,1,log2
D,RandomForest,13,PRUNED,0.9156595038961688,False,484,7,6,1,0.5
D,RandomForest,14,PRUNED,0.9200453976205385,False,383,28,13,1,log2
D,RandomForest,15,PRUNED,0.9211629387834301,True,464,16,2,3,sqrt
D,RandomForest,16,COMPLETE,0.935178088407309,False,422,20,4,1,0.3
D,RandomForest,17,COMPLETE,0.9351937390400726,False,472,14,2,1,0.3
D,RandomForest,18,PRUNED,0.8646372291636273,True,293,3,4,2,0.3
D,RandomForest,19,COMPLETE,0.9307299491164756,False,253,12,9,3,0.3
D,RandomForest,20,COMPLETE,0.9333939844404661,False,417,29,5,1,0.3
D,RandomForest,21,PRUNED,0.9267459230902042,True,415,27,9,2,0.3
D,RandomForest,22,COMPLETE,0.93696021676112,False,395,29,3,1,0.3
D,RandomForest,23,COMPLETE,0.9342813319480264,False,427,10,3,1,0.3
D,RandomForest,24,PRUNED,0.9278789927896636,True,367,28,3,2,0.7
D,RandomForest,25,COMPLETE,0.9352032518052541,False,281,20,2,1,0.3
D,RandomForest,26,PRUNED,0.9289733273492563,False,406,28,2,1,0.5
D,RandomForest,27,PRUNED,0.8934632550245776,False,98,4,11,10,0.5
D,RandomForest,28,COMPLETE,0.9343021740208283,True,172,23,4,2,0.3
D,RandomForest,29,PRUNED,0.9278545578422922,False,141,26,6,1,0.3
D,RandomForest,30,PRUNED,0.9267783519154335,False,182,30,2,2,0.7
D,RandomForest,31,PRUNED,0.9289884247352445,False,476,18,2,1,0.3
D,RandomForest,32,PRUNED,0.9289547636873817,False,185,18,3,2,0.3
D,RandomForest,33,PRUNED,0.9267473182645226,False,389,18,5,1,0.7
D,RandomForest,34,COMPLETE,0.9360568273926244,True,429,14,2,2,0.3
D,RandomForest,35,PRUNED,0.9200719860722599,True,427,15,3,5,0.3
D,RandomForest,36,PRUNED,0.9245160127159049,False,288,15,2,2,sqrt
D,RandomForest,37,PRUNED,0.9267989926214387,True,288,16,2,2,0.7
D,RandomForest,38,PRUNED,0.9178384692372954,False,494,11,5,5,log2
D,RandomForest,39,PRUNED,0.9267444631324253,True,383,10,4,1,log2
D,RandomForest,40,PRUNED,0.9311849083506332,True,416,11,3,3,0.3
D,RandomForest,41,PRUNED,0.9267208368099176,False,496,18,9,4,0.3
D,RandomForest,42,COMPLETE,0.9351742752563211,True,366,18,2,1,0.3
D,RandomForest,43,PRUNED,0.9045776544381784,True,481,15,20,8,0.7
D,RandomForest,44,PRUNED,0.9278738675777557,False,329,30,2,2,0.3
D,RandomForest,45,COMPLETE,0.9360956871209103,False,214,21,2,1,0.3
D,RandomForest,46,PRUNED,0.9044831491275721,True,291,6,15,5,log2
D,RandomForest,47,PRUNED,0.9289292108707827,True,367,18,4,2,0.5
D,RandomForest,48,PRUNED,0.9067816393521083,True,138,6,20,1,0.3
D,RandomForest,49,COMPLETE,0.9360543184467609,False,188,20,4,1,0.3
D,RandomForest,50,PRUNED,0.9223334277315325,False,154,21,8,1,0.7
D,RandomForest,51,COMPLETE,0.9334234418859001,False,259,15,2,1,0.5
D,RandomForest,52,PRUNED,0.9200217132707376,True,65,15,11,9,0.3
D,RandomForest,53,PRUNED,0.9267478193486849,False,226,18,6,1,0.3
D,RandomForest,54,PRUNED,0.9178665250042233,False,58,12,6,6,0.5
D,RandomForest,55,PRUNED,0.8604703482470264,True,54,4,16,8,sqrt
D,RandomForest,56,PRUNED,0.9245145404901982,False,313,24,2,2,sqrt
D,RandomForest,57,PRUNED,0.9111615529117094,True,310,22,8,8,log2
D,RandomForest,58,COMPLETE,0.936067707729521,False,81,14,4,1,0.3
D,RandomForest,59,COMPLETE,0.9360833823517243,False,63,14,5,2,0.3
D,RandomForest,60,PRUNED,0.9312085032772617,False,57,11,3,3,0.3
D,RandomForest,61,PRUNED,0.9245375259102819,False,82,13,6,2,log2
D,RandomForest,62,COMPLETE,0.9369513544644276,False,122,12,3,2,0.3
D,RandomForest,63,COMPLETE,0.9360650435218917,False,68,12,11,1,0.3
D,RandomForest,64,PRUNED,0.9311612820281254,False,54,11,13,1,0.3
D,RandomForest,65,COMPLETE,0.9369595670257812,False,67,17,4,1,0.3
D,RandomForest,66,COMPLETE,0.9387599776272075,False,55,23,4,1,0.3
D,RandomForest,67,COMPLETE,0.9431786828666631,False,53,19,3,1,0.3
D,RandomForest,68,PRUNED,0.9312070433038273,False,60,25,8,4,0.3
D,RandomForest,69,COMPLETE,0.9413965561497835,False,73,23,2,1,0.3
D,RandomForest,70,PRUNED,0.9311627591643321,False,69,23,6,1,sqrt
D,RandomForest,71,COMPLETE,0.9422868091284228,False,55,23,3,1,0.3
D,RandomForest,72,COMPLETE,0.9431802123268487,False,57,24,3,1,0.3
D,RandomForest,73,COMPLETE,0.9431730827059688,False,62,22,3,1,0.3
D,RandomForest,74,COMPLETE,0.9414086090244261,False,50,24,2,1,0.3
D,RandomForest,75,PRUNED,0.9333976853744623,False,57,25,2,1,0.5
D,RandomForest,76,PRUNED,0.9301099850730241,True,59,22,4,1,0.3
D,RandomForest,77,PRUNED,0.9301095927255257,False,54,26,2,3,0.3
D,RandomForest,78,PRUNED,0.9301066333270028,False,68,30,8,1,0.3
D,RandomForest,79,PRUNED,0.9267710245856978,False,81,23,2,1,0.7
D,RandomForest,80,COMPLETE,0.9414086090244261,False,50,27,2,1,0.3
D,RandomForest,81,PRUNED,0.9289546543439431,False,66,27,5,1,log2
D,RandomForest,82,COMPLETE,0.9440647586006339,False,71,23,3,1,0.3
D,RandomForest,83,COMPLETE,0.9405149711158929,False,61,20,2,1,0.3
D,RandomForest,84,COMPLETE,0.9414157139590319,False,64,27,2,1,0.3
D,RandomForest,85,COMPLETE,0.9405184040391873,False,93,28,2,1,0.3
D,RandomForest,86,PRUNED,0.9333711646837821,True,117,21,2,2,sqrt
D,RandomForest,87,PRUNED,0.9355810399663353,False,54,15,2,1,sqrt
D,RandomForest,88,PRUNED,0.9356061444081303,False,63,26,2,3,sqrt
D,RandomForest,89,COMPLETE,0.9378689407861618,False,64,27,4,1,0.3
D,RandomForest,90,PRUNED,0.9267459230902042,True,52,14,5,2,0.5
D,RandomForest,91,COMPLETE,0.9378410247541795,False,87,28,2,2,0.3
D,RandomForest,92,COMPLETE,0.9405141906472292,False,55,28,2,1,0.3
D,RandomForest,93,COMPLETE,0.9414230314856333,False,86,23,2,1,0.3
D,RandomForest,94,PRUNED,0.9333933217268833,False,85,20,3,3,0.3
D,RandomForest,95,COMPLETE,0.9387381614534765,False,52,22,6,1,0.3
D,RandomForest,96,PRUNED,0.9222537947838045,True,54,27,10,3,log2
D,RandomForest,97,PRUNED,0.9289307120924709,False,68,18,6,1,0.5
D,RandomForest,98,PRUNED,0.9067506504176366,False,110,19,3,9,log2
D,RandomForest,99,COMPLETE,0.9414230314856333,False,86,23,2,1,0.3
D,RandomForest,100,PRUNED,0.8779836329810303,False,271,4,17,6,sqrt
D,RandomForest,101,PRUNED,0.9223040179142177,True,77,29,3,4,0.3
D,RandomForest,102,COMPLETE,0.9431827722870885,False,78,21,2,1,0.3
D,RandomForest,103,COMPLETE,0.9396221522871485,False,57,21,2,1,0.3
D,RandomForest,104,PRUNED,0.9133980240190875,False,65,26,3,4,0.7
D,RandomForest,105,PRUNED,0.9267910183290229,True,75,26,3,2,0.7
D,RandomForest,106,PRUNED,0.9089856345678077,True,315,30,2,8,0.5
D,RandomForest,107,PRUNED,0.9345216803460774,False,96,22,3,2,0.3
D,RandomForest,108,PRUNED,0.9133699500749756,True,71,25,13,7,0.7
D,RandomForest,109,PRUNED,0.9089250714819865,True,448,9,6,9,log2
D,RandomForest,110,PRUNED,0.9345179975077431,False,56,15,3,1,log2
D,RandomForest,111,COMPLETE,0.9405184040391873,False,93,21,2,1,0.3
D,RandomForest,112,PRUNED,0.9200719860722599,False,369,30,11,9,0.3
D,RandomForest,113,COMPLETE,0.9422923251231801,False,79,24,2,1,0.3
D,RandomForest,114,PRUNED,0.9323029590299305,False,51,26,5,1,0.3
D,RandomForest,115,PRUNED,0.9289750114618696,False,260,11,17,1,sqrt
D,RandomForest,116,PRUNED,0.9200719065220877,False,56,15,4,1,0.7
D,RandomForest,117,PRUNED,0.9223054940683243,False,152,25,2,2,0.5
D,RandomForest,118,PRUNED,0.9355810399663353,False,114,23,6,1,0.3
D,RandomForest,119,PRUNED,0.9311878454446187,False,128,29,2,2,log2
D,RandomForest,120,PRUNED,0.9312085032772617,True,63,26,4,1,0.5
D,RandomForest,121,PRUNED,0.9112206187179788,False,90,17,20,9,0.5
D,RandomForest,122,PRUNED,0.9223040007357897,True,129,16,14,4,0.5
D,RandomForest,123,PRUNED,0.9356017272463333,False,52,22,2,2,0.3
D,RandomForest,124,COMPLETE,0.9369347464145491,False,80,23,5,1,0.3
D,RandomForest,125,PRUNED,0.9289997976187241,True,88,30,2,1,0.3
D,RandomForest,126,PRUNED,0.9112501123762644,True,128,7,3,9,0.5
D,RandomForest,127,PRUNED,0.9345297964955819,False,85,24,2,1,0.3
D,RandomForest,128,PRUNED,0.9001032458903158,False,89,15,13,10,0.7
D,RandomForest,129,PRUNED,0.9356489484954695,False,56,21,3,3,log2
D,RandomForest,130,PRUNED,0.9334154566800774,True,69,13,2,2,0.3
D,RandomForest,131,PRUNED,0.9334266393127963,False,104,24,2,1,0.3
D,RandomForest,132,PRUNED,0.9045451893495999,False,83,17,18,5,0.7
D,RandomForest,133,PRUNED,0.9245374508544668,False,59,25,6,1,0.7
D,RandomForest,134,PRUNED,0.9089235328718094,True,104,27,19,3,log2
D,RandomForest,135,COMPLETE,0.9423064828679623,False,74,28,2,1,0.3
D,RandomForest,136,PRUNED,0.9156625018275444,False,282,29,17,5,0.5
D,RandomForest,137,PRUNED,0.9333681799348837,True,121,23,3,1,log2
D,RandomForest,138,COMPLETE,0.9405225363891978,False,54,24,2,1,0.3
D,RandomForest,139,PRUNED,0.935625353568841,False,60,30,2,2,0.3
D,RandomForest,140,PRUNED,0.9334375916332714,False,56,19,3,4,0.3
D,RandomForest,141,PRUNED,0.9179181021850231,True,497,17,17,1,0.7
D,RandomForest,142,COMPLETE,0.9440548635679458,False,68,25,3,1,0.3
D,RandomForest,143,COMPLETE,0.9431822268150393,False,72,23,3,1,0.3
D,RandomForest,144,PRUNED,0.9200719860722599,False,114,19,11,7,sqrt
D,RandomForest,145,PRUNED,0.908956101664673,False,267,26,5,10,sqrt
D,RandomForest,146,PRUNED,0.926741494626905,False,82,22,2,1,log2
D,RandomForest,147,PRUNED,0.9334047977718506,False,83,21,5,1,0.3
D,RandomForest,148,COMPLETE,0.9413965561497835,False,73,21,2,1,0.3
D,RandomForest,149,PRUNED,0.9134555734443012,False,293,16,16,4,0.7
E,MLP,0,COMPLETE,0.9787207219880582,False,121,41,6.026889128682509e-06,0.00029375384576328325
E,MLP,1,PRUNED,0.9557161349624809,False,84,56,1.2674255898937221e-06,0.0812324508558869
E,MLP,2,PRUNED,0.9667673810963026,True,26,13,3.320559103751961e-05,0.0037520558551242854
E,MLP,3,PRUNED,0.9778478583658539,True,86,11,2.8888383623653218e-05,0.001256277350380704
E,MLP,4,PRUNED,0.9711916380429793,False,27,32,0.0009163741808778788,0.000137832374550072
E,MLP,5,PRUNED,0.9645442306279791,True,19,111,0.0673224892077534,0.026619018884890575
E,MLP,6,PRUNED,0.9667762027903817,True,106,26,4.075596440072871e-06,0.0030586566669785274
E,MLP,7,PRUNED,0.973410379126202,False,32,49,3.618723330959624e-05,0.0036324869566766076
E,MLP,8,PRUNED,0.9313997088992019,True,236,68,0.04983043837494914,0.04835952776465952
E,MLP,9,PRUNED,0.9712048535100055,False,20,13,1.6832027985721922e-06,0.0009462175356461491
E,MLP,10,PRUNED,0.978955266769305,False,95,40,3.864191309269568e-06,0.00033513201942705933
E,MLP,11,PRUNED,0.9734030233205555,False,88,54,2.304377623406937e-06,0.00033217578999447466
E,MLP,12,COMPLETE,0.9760716605506499,True,144,85,2.6349292352665647e-05,0.0001525377221189074
E,MLP,13,PRUNED,0.971200455345414,True,227,126,2.611818463576868e-05,0.00016155964499002347
E,MLP,14,PRUNED,0.978961870367125,True,51,58,3.278962359781329e-05,0.00014959303306081884
E,MLP,15,PRUNED,0.9767440252485958,False,213,31,0.0009609550050537909,0.0004523926534797075
E,MLP,16,PRUNED,0.9734133118812576,True,138,41,1.2918200142563819e-06,0.0001429654817025594
E,MLP,17,PRUNED,0.9712048535100055,True,69,120,1.2283274893508866e-06,0.0018903265807505008
E,MLP,18,PRUNED,0.976742271848561,False,192,9,1.6550009997993316e-06,0.00011334711757054532
E,MLP,19,PRUNED,0.9800565492925086,True,150,74,0.0015528850364495133,0.00036809728235777633
E,MLP,20,PRUNED,0.973410379126202,False,144,75,8.389874325265058e-05,0.00011930220880472112
E,MLP,21,COMPLETE,0.9796141105776627,True,224,113,0.08198133659539515,0.00017732789794076034
E,MLP,22,COMPLETE,0.9831649603453394,True,133,125,0.06115033421278162,0.0008890468251635787
E,MLP,23,PRUNED,0.9789568874005176,True,76,108,0.048196161129694416,0.001090821138816785
E,MLP,24,PRUNED,0.9778526550530053,True,237,28,0.07555912478362156,0.0001759293494149273
E,MLP,25,COMPLETE,0.9760786931273457,False,194,81,0.07374420044536842,0.0006221039167220259
E,MLP,26,PRUNED,0.9756232410338233,True,109,125,0.024270284754669698,0.00014448230727678063
E,MLP,27,PRUNED,0.9712004616876052,True,222,124,0.015494299794426661,0.0004861001102634905
E,MLP,28,PRUNED,0.9645706927834247,True,160,101,0.01321901425929275,0.005393893184422478
E,MLP,29,PRUNED,0.9789568874005176,True,226,72,0.07525159879916776,0.0002669072414520362
E,MLP,30,PRUNED,0.9624120925580033,True,170,15,0.0005171506753469435,0.029875404933980918
E,MLP,31,PRUNED,0.9734206706156384,False,153,70,0.06885935162310103,0.0011077102462645452
E,MLP,32,COMPLETE,0.9804985045672575,False,169,71,0.045516360808209144,0.00015857882199796678
E,MLP,33,PRUNED,0.9789493863697541,False,85,76,0.0046074140308302045,0.00011156822994578091
E,MLP,34,PRUNED,0.9789568874005176,False,129,96,0.05415804706554847,0.00019097255068862589
E,MLP,35,COMPLETE,0.9787288715987005,False,84,31,0.000105989578140028,0.0029262364187672895
E,MLP,36,PRUNED,0.9734309543038538,False,43,15,0.002230087013491449,0.008912509985879506
E,MLP,37,PRUNED,0.9800576253267821,False,66,16,7.73653241139121e-06,0.004493265526640476
E,MLP,38,PRUNED,0.9690052178255748,False,69,33,4.88064789965388e-05,0.0020429071894457543
E,MLP,39,PRUNED,0.9745244781473971,False,100,33,0.0004226426164105383,0.02696345991131295
E,MLP,40,PRUNED,0.9512538325015154,False,20,113,0.00010202238775689713,0.08498572423769706
E,MLP,41,PRUNED,0.9712092799662846,False,210,59,1.1605688337687953e-05,0.0010980724883479693
E,MLP,42,COMPLETE,0.9796139869827684,False,250,61,0.06841637612113027,0.0001082213716322638
E,MLP,43,PRUNED,0.971200455345414,False,127,35,0.01622151794649152,0.00011310128325153808
E,MLP,44,PRUNED,0.9734133206664922,False,248,77,0.05825726750822398,0.00010963903494248388
E,MLP,45,COMPLETE,0.9796111166578918,True,21,13,0.006219477445318806,0.001502407043995021
E,MLP,46,PRUNED,0.9712239472278095,True,24,10,0.04290234278519278,0.001329897465779074
E,MLP,47,PRUNED,0.9734206706156384,True,56,12,0.003200886538908142,0.0026652542154729183
E,MLP,48,PRUNED,0.9778511959745119,True,18,16,0.00017486860565021854,0.002624867393908114
E,MLP,49,PRUNED,0.9689890710382514,True,21,9,0.0018537834761862585,0.023754422820174273
E,MLP,50,PRUNED,0.9756305943964264,False,19,15,0.004065583120674681,0.0005681219144635755
E,MLP,51,PRUNED,0.9689920072135665,True,24,22,0.0019430944467601827,0.00038205616315798065
E,MLP,52,PRUNED,0.973410379126202,False,66,32,0.0012769186079963945,0.003161310261662681
E,MLP,53,COMPLETE,0.9804980230309284,True,243,118,0.05938160475335003,0.00010667712531049472
E,MLP,54,PRUNED,0.9745470146147929,True,170,108,0.09728259488581374,0.0010264210828235625
E,MLP,55,PRUNED,0.978955418819886,True,159,84,0.07204065793462146,0.00015931674005840654
E,MLP,56,PRUNED,0.9789568874005176,False,235,43,0.05608202623676339,0.00012794385723354288
E,MLP,57,COMPLETE,0.9769429519813828,True,202,110,0.02347509314120059,0.00014830070018037025
E,MLP,58,PRUNED,0.9712048535100055,True,16,16,0.016360963091466344,0.0006072162976617992
E,MLP,59,PRUNED,0.9645736265254066,True,27,19,0.004860164154383857,0.003442597280941404
E,MLP,60,PRUNED,0.9756276494378207,False,232,81,0.0025799043536894393,0.00014968357004200376
E,MLP,61,PRUNED,0.9578850497236604,False,57,128,0.06945723820710058,0.0022210936269845033
E,MLP,62,PRUNED,0.9734133206664922,False,22,44,0.010314859271766336,0.006276556008754038
E,MLP,63,PRUNED,0.9778526550530053,True,239,75,0.09916209297688397,0.00016620784307568362
E,MLP,64,PRUNED,0.9711931029532244,True,50,9,1.1769704733914263e-05,0.0001388022163747081
E,MLP,65,PRUNED,0.9756305943964264,True,145,119,0.03925794699487126,0.00044280890192818355
E,MLP,66,PRUNED,0.9689978761536475,True,48,9,0.002373153882845396,0.0002523449150780658
E,MLP,67,PRUNED,0.9734206706156384,True,218,116,0.015634777823536238,0.00014515853266324437
E,MLP,68,PRUNED,0.9556810236700465,False,135,24,2.115462568968949e-06,0.027119350069332502
E,MLP,69,PRUNED,0.9767426310812009,False,100,10,0.0005032495357414502,0.0023780071054827594
E,MLP,70,PRUNED,0.964544218912065,False,142,29,0.00011727466566077572,0.007224349484192838
E,MLP,71,PRUNED,0.9689890676247945,False,119,61,8.880608014184862e-06,0.00041831627085858747
E,MLP,72,COMPLETE,0.9778363225455923,False,118,35,1.071976603748339e-06,0.0010777191538371633
E,MLP,73,PRUNED,0.9667894294817986,True,76,24,9.264845069511652e-05,0.007646252154711989
E,MLP,74,PRUNED,0.7073279099613556,True,144,91,8.474751871193204e-05,0.09882134453902412
E,MLP,75,PRUNED,0.9734250712232735,False,106,27,2.322903366409716e-05,0.0007761802697943375
E,MLP,76,COMPLETE,0.9760520769614022,False,214,28,4.3408607624349736e-05,0.00014087843776355803
E,MLP,77,PRUNED,0.9734250712232735,True,16,9,0.0014416037249756237,0.003376763762408599
E,MLP,78,PRUNED,0.9789545289433769,False,123,86,0.0614708541428968,0.00010599051786501746
E,MLP,79,PRUNED,0.9756232356620456,False,98,32,3.877806371146723e-05,0.00011421155982370094
E,MLP,80,PRUNED,0.9667791472574634,True,65,56,0.01791317559920616,0.010419398706716036
E,MLP,81,PRUNED,0.9756276494378207,False,88,35,2.6995969148586267e-06,0.000301180446583311
E,MLP,82,PRUNED,0.9734206706156384,False,116,17,1.97513630724398e-06,0.002006052197404496
E,MLP,83,PRUNED,0.9689890403171122,False,80,77,6.242808351543681e-05,0.015132656864128192
E,MLP,84,PRUNED,0.9723145470554525,False,30,39,1.1494228480044743e-06,0.02168356443292332
E,MLP,85,COMPLETE,0.977836319327605,False,90,25,1.1331390816916807e-06,0.0014200407094767916
E,MLP,86,PRUNED,0.9690008215950325,False,127,37,6.1213690489922406e-06,0.002278147210233171
E,MLP,87,PRUNED,0.9789611335256831,True,223,117,0.0681217099272461,0.0002026792760118552
E,MLP,88,PRUNED,0.9645648019045361,False,126,73,1.360588690986638e-06,0.0050343131953328665
E,MLP,89,COMPLETE,0.9796064780624147,False,181,38,3.5444550464860117e-06,0.0003872790033962634
E,MLP,90,PRUNED,0.9557162841333724,True,17,56,0.00148514740985408,0.06916041675202222
E,MLP,91,PRUNED,0.9734133206664922,False,198,52,7.0713414203795956e-06,0.0006451028941623907
E,MLP,92,PRUNED,0.9689802464173808,False,22,88,0.0013166243562537563,0.00019487546482089736
E,MLP,93,PRUNED,0.9756158671457482,False,200,29,2.511135284540732e-06,0.00035306535772041536
E,MLP,94,PRUNED,0.9734250712232735,False,191,124,0.015345950674468763,0.00037868603263365596
E,MLP,95,PRUNED,0.9667673810963026,True,189,54,4.72913016238429e-06,0.0006215053511535905
E,MLP,96,PRUNED,0.9466702990272221,True,134,9,1.8238851152622278e-05,0.09247959575316995
E,MLP,97,PRUNED,0.9557720360635533,False,196,24,0.023642897308869468,0.009738830109382965
E,MLP,98,PRUNED,0.978955418819886,False,107,46,0.039483463757603206,0.000564899126097231
E,MLP,99,PRUNED,0.9734206706156384,False,93,45,0.000489379138549631,0.0016328999048182886
E,MLP,100,PRUNED,0.9557104234685689,True,26,24,0.056112474039404024,0.05043001913418577
E,MLP,101,PRUNED,0.9745245543839988,False,20,31,8.647348530189244e-06,0.00022264398501782465
E,MLP,102,PRUNED,0.9734206706156384,False,99,30,1.2659553924996054e-06,0.0004342510808412923
E,MLP,103,PRUNED,0.9734206706156384,False,214,108,0.05255310067157478,0.00014291473964243287
E,MLP,104,PRUNED,0.9734250712232735,False,83,30,1.0513145661087829e-06,0.001079545815499305
E,MLP,105,PRUNED,0.9579497080718256,True,32,24,9.559744684965895e-06,0.04624911587468325
E,MLP,106,PRUNED,0.9767440235452602,False,231,41,0.015742917676244222,0.0005949832436842407
E,MLP,107,PRUNED,0.9734250712232735,True,90,71,0.008537137221555744,0.0016718658253895263
E,MLP,108,PRUNED,0.971200455345414,False,159,42,1.5402689421942067e-06,0.00013747312995581774
E,MLP,109,PRUNED,0.966793827176221,True,89,112,0.09640527275475215,0.004178123677934567
E,MLP,110,PRUNED,0.9778392801990091,True,92,24,1.4873762645565646e-06,0.0006125529972572235
E,MLP,111,PRUNED,0.9789611335256831,True,169,111,0.048185567934031504,0.0001401974346526356
E,MLP,112,PRUNED,0.9689890676247945,True,233,86,0.00976207661553027,0.00015401419886725294
E,MLP,113,PRUNED,0.971200455345414,False,230,56,0.008581113883705044,0.00016033518891580897
E,MLP,114,PRUNED,0.9734250712232735,False,74,42,1.0977376101705888e-06,0.003471024570297276
E,MLP,115,PRUNED,0.9789523264481066,False,177,31,1.6285442114974933e-06,0.0017230898991210434
E,MLP,116,PRUNED,0.9734133206664922,False,225,42,0.08492403940514043,0.0001315013249892515
E,MLP,117,PRUNED,0.9767414330252097,True,96,128,0.0029525671587819313,0.00028678563408544746
E,MLP,118,PRUNED,0.9712092799662846,True,154,127,0.029404764928076425,0.00011965810873980656
E,MLP,119,PRUNED,0.9756276494378207,True,239,118,0.0023221494341102706,0.0007074783028353895
E,MLP,120,PRUNED,0.9734254602204099,True,176,95,0.08297195311757806,0.0005621299682377746
E,MLP,121,PRUNED,0.9734206706156384,False,227,62,0.06650561966039446,0.0005490647483670975
E,MLP,122,PRUNED,0.9711916380429793,True,24,16,0.017337058149254635,0.002892764603296417
E,MLP,123,PRUNED,0.9767456731591002,False,37,21,1.0032858966847618e-06,0.0025210865735382252
E,MLP,124,PRUNED,0.9667996859040393,False,151,121,0.05934946875092608,0.004093291613505662
E,MLP,125,PRUNED,0.9667600350521354,True,230,45,0.002969632993201576,0.00012966656246152453
E,MLP,126,PRUNED,0.9734133118812576,True,241,105,0.02666564151788629,0.00011777563264594625
E,MLP,127,PRUNED,0.9645471721682694,False,55,19,5.81194559582723e-05,0.0027315441541763312
E,MLP,128,PRUNED,0.9734103820549362,False,145,59,1.1408298177341554e-06,0.0005245704705006176
E,MLP,129,PRUNED,0.9734191803249513,True,38,31,1.2251764366902479e-05,0.0017973920585722296
E,MLP,130,PRUNED,0.9712137152150682,False,189,75,0.09742169101441982,0.0006380569579773764
E,MLP,131,PRUNED,0.9789508588490571,True,139,88,6.766429090251148e-05,0.0008155631794421081
E,MLP,132,PRUNED,0.9734133118812576,True,98,87,8.552770091888803e-05,0.00019393005351196963
E,MLP,133,COMPLETE,0.9787232029156158,True,203,85,0.0635552515327881,0.00011106735594402865
E,MLP,134,PRUNED,0.9734206706156384,True,160,41,0.018430633125380593,0.0013303776645706116
E,MLP,135,PRUNED,0.9778482544342217,True,136,46,0.09943887744887861,0.0003447963107407627
E,MLP,136,PRUNED,0.9778437673471817,True,155,75,0.03886705643238168,0.00011707599175022903
E,MLP,137,PRUNED,0.9789568874005176,True,148,125,0.03871033806295184,0.0007445047325902101
E,MLP,138,PRUNED,0.9789561566458141,False,122,30,9.539250642879832e-05,0.0013936937418975578
E,MLP,139,PRUNED,0.9789568874005176,True,222,104,0.08186141517900197,0.00018780833460544033
E,MLP,140,PRUNED,0.9789567329068996,True,253,120,0.05478844513606914,0.00034089338706194135
E,MLP,141,PRUNED,0.9689714203297115,True,149,92,9.32412669841917e-06,0.00014867400331746103
E,MLP,142,COMPLETE,0.9778329355659079,False,21,13,0.027562349293094313,0.0026994979862951696
E,MLP,143,PRUNED,0.9557191633229698,False,27,18,0.0038191352204115484,0.04196300779800818
E,MLP,144,PRUNED,0.9689920072135665,False,26,18,0.03744209288489983,0.00191932774530478
E,MLP,145,PRUNED,0.9767422088863505,False,19,9,0.011999422270630668,0.0019153316176445917
E,MLP,146,PRUNED,0.9734133206664922,True,17,8,0.005208092181860186,0.0004270878048578175
E,MLP,147,PRUNED,0.9667791472574634,False,67,28,0.00017260857652917874,0.013581288154897762
E,MLP,148,PRUNED,0.9355260200763622,False,50,82,0.008858395211979652,0.07493822451836006
E,MLP,149,PRUNED,0.9767490028637981,False,41,8,0.005130198389210209,0.0013499697873797204
E,SVM-lineal,0,COMPLETE,0.9547833739512542,False,24.658329458549105
E,SVM-lineal,1,COMPLETE,0.9618799469961082,True,0.008629132190071854
E,SVM-lineal,2,PRUNED,0.9645706888862113,False,4.0428727350273315
E,SVM-lineal,3,PRUNED,0.9645706888862113,True,659.871107205407
E,SVM-lineal,4,PRUNED,0.9712122122443865,True,0.012329623163659839
E,SVM-lineal,5,PRUNED,0.9645706888862113,False,1.40779231399724
E,SVM-lineal,6,PRUNED,0.9645706888862113,True,4.689400963537685
E,SVM-lineal,7,PRUNED,0.9645706888862113,False,0.1578232781079558
E,SVM-lineal,8,PRUNED,0.9656468229502386,False,0.01577766363058246
E,SVM-lineal,9,PRUNED,0.9667703289787839,False,0.0018997763474111276
E,SVM-lineal,10,PRUNED,0.9645706888862113,True,0.13193538469214217
E,SVM-lineal,11,PRUNED,0.9645706888862113,False,571.9224485568225
E,SVM-lineal,12,COMPLETE,0.9662751461115558,True,0.0010396711836873625
E,SVM-lineal,13,COMPLETE,0.9689613640168115,True,0.003973209696389068
E,SVM-lineal,14,PRUNED,0.9700517209103026,True,0.001218862632424309
E,SVM-lineal,15,PRUNED,0.9689714203297115,True,0.0014903134638633954
E,SVM-lineal,16,PRUNED,0.9645706888862113,True,0.22168097611067167
E,SVM-lineal,17,COMPLETE,0.9671638232648865,True,0.0010655845763013888
E,SVM-lineal,18,PRUNED,0.9623504838553915,True,0.04090664312401618
E,SVM-lineal,19,PRUNED,0.9634227389674336,True,0.016764542897231626
E,SVM-lineal,20,PRUNED,0.96894513277639,True,0.0019309635217610937
E,SVM-lineal,21,PRUNED,0.9689596439087368,True,0.0010472668243209878
E,SVM-lineal,22,COMPLETE,0.9671638232648865,True,0.001082469315027354
E,SVM-lineal,23,PRUNED,0.9689714203297115,True,0.0016260026149881972
E,SVM-lineal,24,PRUNED,0.9667703289787839,False,0.001869356313670909
E,SVM-lineal,25,PRUNED,0.9623519531621407,True,0.020870038192064313
E,SVM-lineal,26,COMPLETE,0.9671638232648865,True,0.0010815318111956115
E,SVM-lineal,27,PRUNED,0.9623519531621407,True,0.02273252053183349
E,SVM-lineal,28,PRUNED,0.9678756786433483,True,0.01244025157860807
E,SVM-lineal,29,PRUNED,0.9689596439087368,True,0.001017577242851333
E,SVM-lineal,30,COMPLETE,0.9671638232648865,True,0.0011472764106905872
E,SVM-lineal,31,PRUNED,0.9711632448536597,True,0.0013266231085955872
E,SVM-lineal,32,COMPLETE,0.9671638232648865,True,0.0011125572657758797
E,SVM-lineal,33,PRUNED,0.9700517209103026,True,0.001187196608312508
E,SVM-lineal,34,PRUNED,0.9645265696596254,False,0.0011207012449978696
E,SVM-lineal,35,PRUNED,0.9690008215950325,True,0.013088012012536945
E,SVM-lineal,36,PRUNED,0.9645706888862113,True,80.06528954592955
E,SVM-lineal,37,PRUNED,0.9678756786433483,True,0.01032191782504912
E,SVM-lineal,38,COMPLETE,0.9671638232648865,True,0.0010839042123330844
E,SVM-lineal,39,PRUNED,0.9678756786433483,True,0.011812629700344584
E,SVM-lineal,40,PRUNED,0.9645706888862113,False,0.052575349903365085
E,SVM-lineal,41,PRUNED,0.9689596439087368,True,0.0010216174821257099
E,SVM-lineal,42,PRUNED,0.9689596439087368,True,0.001032460028198449
E,SVM-lineal,43,COMPLETE,0.9680512025723335,True,0.0013734000364157063
E,SVM-lineal,44,PRUNED,0.968978424626996,True,0.008721882792538655
E,SVM-lineal,45,PRUNED,0.9645706888862113,False,3.953766611073447
E,SVM-lineal,46,COMPLETE,0.9671638232648865,True,0.001139615379850458
E,SVM-lineal,47,PRUNED,0.968978424626996,True,0.008262864837561982
E,SVM-lineal,48,PRUNED,0.9700517209103026,True,0.0012433287895570445
E,SVM-lineal,49,PRUNED,0.9690125565784555,False,0.008515483779233961
E,SVM-lineal,50,PRUNED,0.968978424626996,True,0.0082414802957071
E,SVM-lineal,51,PRUNED,0.9689596439087368,True,0.0010360854969778538
E,SVM-lineal,52,PRUNED,0.9689596439087368,True,0.0010416155037894055
E,SVM-lineal,53,COMPLETE,0.9671638232648865,True,0.0011096996516535439
E,SVM-lineal,54,PRUNED,0.9689596439087368,True,0.0010052932801937376
E,SVM-lineal,55,PRUNED,0.9678719951375526,True,0.009651097132469174
E,SVM-lineal,56,PRUNED,0.968978424626996,True,0.008316427455300085
E,SVM-lineal,57,PRUNED,0.9645706888862113,True,936.5321426304171
E,SVM-lineal,58,PRUNED,0.9700517209103026,True,0.0011785729080153707
E,SVM-lineal,59,PRUNED,0.9690052178255748,True,0.00733051759290102
E,SVM-lineal,60,PRUNED,0.9645706888862113,True,1.4276734974859893
E,SVM-lineal,61,PRUNED,0.9700517209103026,True,0.0011918392047270616
E,SVM-lineal,62,COMPLETE,0.9671638232648865,True,0.0010884365843308343
E,SVM-lineal,63,COMPLETE,0.9671638232648865,True,0.0011143316048328631
E,SVM-lineal,64,PRUNED,0.9623284237598068,False,0.0012939273032331903
E,SVM-lineal,65,PRUNED,0.9667684959834126,True,0.0077838227873752676
E,SVM-lineal,66,PRUNED,0.9689596439087368,True,0.0010397843442161343
E,SVM-lineal,67,COMPLETE,0.9671638232648865,True,0.001063170581346017
E,SVM-lineal,68,PRUNED,0.9678756786433483,True,0.010713983807393338
E,SVM-lineal,69,PRUNED,0.9645706888862113,False,45.000029737352165
E,SVM-lineal,70,PRUNED,0.9667684959834126,True,0.007763503768181116
E,SVM-lineal,71,COMPLETE,0.9671638232648865,True,0.0011616166864869826
E,SVM-lineal,72,PRUNED,0.9700517209103026,True,0.0012603690042674363
E,SVM-lineal,73,PRUNED,0.9689714203297115,True,0.0016531677643316354
E,SVM-lineal,74,COMPLETE,0.9671638232648865,True,0.0011282377153470104
E,SVM-lineal,75,PRUNED,0.9678719951375526,True,0.009509597680406306
E,SVM-lineal,76,PRUNED,0.9689596439087368,True,0.0010348693425328462
E,SVM-lineal,77,PRUNED,0.9667684959834126,True,0.007976723913805658
E,SVM-lineal,78,COMPLETE,0.9671638232648865,True,0.0011383948052476414
E,SVM-lineal,79,PRUNED,0.968978424626996,True,0.008820952498732455
E,SVM-lineal,80,COMPLETE,0.9671638232648865,True,0.0010959388066089733
E,SVM-lineal,81,COMPLETE,0.9671638232648865,True,0.0010892302366508392
E,SVM-lineal,82,PRUNED,0.9689596439087368,True,0.0010184112266201626
E,SVM-lineal,83,COMPLETE,0.9671638232648865,True,0.0011451104183997287
E,SVM-lineal,84,COMPLETE,0.9689666630873397,False,0.0038023920044167755
E,SVM-lineal,85,PRUNED,0.9667806165642127,False,0.01748856987476211
E,SVM-lineal,86,PRUNED,0.9690008215950325,False,0.0053891102074404805
E,SVM-lineal,87,PRUNED,0.9645589383294302,False,0.001704562849283474
E,SVM-lineal,88,PRUNED,0.9690052178255748,False,0.011037963616256596
E,SVM-lineal,89,PRUNED,0.9645706888862113,False,0.3957153331277128
E,SVM-lineal,90,PRUNED,0.9645501137085595,False,0.0013486240177853208
E,SVM-lineal,91,PRUNED,0.9667626284917011,True,0.009692725798071662
E,SVM-lineal,92,COMPLETE,0.9671638232648865,True,0.001118647431714183
E,SVM-lineal,93,PRUNED,0.968978424626996,True,0.009016942292318407
E,SVM-lineal,94,COMPLETE,0.9671638232648865,True,0.0011391426408157057
E,SVM-lineal,95,PRUNED,0.9690052178255748,True,0.007183903765861661
E,SVM-lineal,96,PRUNED,0.9700517209103026,True,0.0012400989825512522
E,SVM-lineal,97,PRUNED,0.968978424626996,True,0.008906069818518983
E,SVM-lineal,98,PRUNED,0.9645706888862113,True,0.1410705696676911
E,SVM-lineal,99,PRUNED,0.9689799078289743,False,0.013127606643173684
E,SVM-lineal,100,PRUNED,0.9645706888862113,False,614.6309582758993
E,SVM-lineal,101,COMPLETE,0.9671638232648865,True,0.0010936247946274572
E,SVM-lineal,102,PRUNED,0.9689596439087368,True,0.0010440230012256798
E,SVM-lineal,103,PRUNED,0.9689596439087368,True,0.0010216864544371825
E,SVM-lineal,104,PRUNED,0.9690052178255748,True,0.006646788509188575
E,SVM-lineal,105,PRUNED,0.9689596439087368,True,0.0010173808514656831
E,SVM-lineal,106,PRUNED,0.9690052178255748,True,0.006103385232403037
E,SVM-lineal,107,COMPLETE,0.9671638232648865,True,0.0010558240594326937
E,SVM-lineal,108,PRUNED,0.9645265696596254,False,0.001135100705090599
E,SVM-lineal,109,PRUNED,0.9667626284917011,True,0.009975623470025357
E,SVM-lineal,110,PRUNED,0.9689596439087368,True,0.0010010754039498897
E,SVM-lineal,111,COMPLETE,0.9671638232648865,True,0.0011747293591558394
E,SVM-lineal,112,COMPLETE,0.9671638232648865,True,0.001157203008788886
E,SVM-lineal,113,PRUNED,0.9689596439087368,True,0.001031429118177534
E,SVM-lineal,114,PRUNED,0.9690052178255748,True,0.007029577749754728
E,SVM-lineal,115,PRUNED,0.9690052178255748,True,0.006420850147445469
E,SVM-lineal,116,PRUNED,0.9700517209103026,True,0.0011893352634447475
E,SVM-lineal,117,PRUNED,0.9645706888862113,True,17.268497368330017
E,SVM-lineal,118,PRUNED,0.9690052178255748,True,0.0058840420606276036
E,SVM-lineal,119,PRUNED,0.9689596439087368,True,0.0010055790678975593
E,SVM-lineal,120,PRUNED,0.9690052178255748,True,0.00658959297138721
E,SVM-lineal,121,COMPLETE,0.9671638232648865,True,0.0010750835064873069
E,SVM-lineal,122,COMPLETE,0.9671638232648865,True,0.0011605750844190476
E,SVM-lineal,123,COMPLETE,0.9671638232648865,True,0.0011688378618647725
E,SVM-lineal,124,PRUNED,0.9689596439087368,True,0.0010340596360432668
E,SVM-lineal,125,PRUNED,0.968978424626996,True,0.008504857147585832
E,SVM-lineal,126,PRUNED,0.9689596439087368,True,0.0010176120785260249
E,SVM-lineal,127,PRUNED,0.9689596439087368,True,0.0010142898368279381
E,SVM-lineal,128,PRUNED,0.968978424626996,True,0.009159399057276717
E,SVM-lineal,129,PRUNED,0.9690052178255748,False,0.006488529529846959
E,SVM-lineal,130,PRUNED,0.9690052178255748,True,0.007504027418570997
E,SVM-lineal,131,PRUNED,0.9689596439087368,True,0.0010469002319972557
E,SVM-lineal,132,PRUNED,0.9689596439087368,True,0.0010449949460659277
E,SVM-lineal,133,PRUNED,0.9690008215950325,True,0.005380405390403928
E,SVM-lineal,134,PRUNED,0.9689596439087368,True,0.0010264853618742018
E,SVM-lineal,135,COMPLETE,0.9671638232648865,True,0.0010750158422281535
E,SVM-lineal,136,PRUNED,0.9690052178255748,True,0.0069301840813960165
E,SVM-lineal,137,COMPLETE,0.9671638232648865,True,0.0010552504600693745
E,SVM-lineal,138,PRUNED,0.9667497274463848,False,0.001217370046490823
E,SVM-lineal,139,PRUNED,0.9690052178255748,True,0.006339935404013028
E,SVM-lineal,140,PRUNED,0.9690052178255748,True,0.0059002211925661355
E,SVM-lineal,141,PRUNED,0.9689596439087368,True,0.0010266573027644405
E,SVM-lineal,142,COMPLETE,0.9671638232648865,True,0.0011497840724760582
E,SVM-lineal,143,PRUNED,0.9689596439087368,True,0.001042890613513643
E,SVM-lineal,144,PRUNED,0.9689596439087368,True,0.0010060520624263327
E,SVM-lineal,145,PRUNED,0.9690052178255748,True,0.00649251484162734
E,SVM-lineal,146,COMPLETE,0.9671638232648865,True,0.001139174298912469
E,SVM-lineal,147,PRUNED,0.9689596439087368,True,0.00100718147779635
E,SVM-lineal,148,PRUNED,0.9690008215950325,True,0.00540372616814431
E,SVM-lineal,149,PRUNED,0.9690052178255748,True,0.005957485686923513
E,SVM-RBF,0,COMPLETE,0.9796133216881383,False,246.5832945854911,scale,
E,SVM-RBF,1,PRUNED,0.0025583492356407445,False,40.42872735027332,value,0.9877700294007907
E,SVM-RBF,2,PRUNED,0.9311849083506332,True,0.12601639723276803,auto,
E,SVM-RBF,3,PRUNED,0.0,False,0.06870101665590027,value,0.5141096648805742
E,SVM-RBF,4,COMPLETE,0.9796133216881383,False,35.84985580340473,auto,
E,SVM-RBF,5,COMPLETE,0.9796133216881383,False,6220.0259768191545,scale,
E,SVM-RBF,6,PRUNED,0.9086015187261806,True,0.05397956855996446,value,0.0003570095960030948
E,SVM-RBF,7,PRUNED,0.0025583492356407445,True,13.194961490425664,value,0.44750401913509
E,SVM-RBF,8,COMPLETE,0.9796133216881383,True,38.672288491177454,scale,
E,SVM-RBF,9,PRUNED,0.9734133206664922,False,2.148145718198269,auto,
E,SVM-RBF,10,COMPLETE,0.978724749427208,False,13.89810061906264,scale,
E,SVM-RBF,11,COMPLETE,0.9796133216881383,False,194.32344807696276,auto,
E,SVM-RBF,12,COMPLETE,0.9796133216881383,True,4204.492084007478,auto,
E,SVM-RBF,13,PRUNED,0.9667806092535425,False,4541.979419482944,value,1.2432194172194457e-05
E,SVM-RBF,14,COMPLETE,0.9796133216881383,False,176.9112441691145,scale,
E,SVM-RBF,15,PRUNED,0.906448094702057,False,0.05233735688962499,scale,
E,SVM-RBF,16,COMPLETE,0.9796133216881383,True,71.73129455326054,auto,
E,SVM-RBF,17,COMPLETE,0.9796133216881383,True,4282.965092578703,scale,
E,SVM-RBF,18,COMPLETE,0.9796133216881383,False,2121.667164808698,auto,
E,SVM-RBF,19,PRUNED,0.9789508494378307,False,12.17131602857162,auto,
E,SVM-RBF,20,PRUNED,0.8783921503020641,False,0.02178608997046804,auto,
E,SVM-RBF,21,COMPLETE,0.9796133216881383,False,7265.276331831547,scale,
E,SVM-RBF,22,COMPLETE,0.9796133216881383,False,503.05096445692703,scale,
E,SVM-RBF,23,COMPLETE,0.9796133216881383,False,4337.638349398704,scale,
E,SVM-RBF,24,COMPLETE,0.9796133216881383,False,84.572784182504,scale,
E,SVM-RBF,25,COMPLETE,0.9796133216881383,False,108.57311016683589,auto,
E,SVM-RBF,26,PRUNED,0.8184061386005144,True,0.014620157916374242,scale,
E,SVM-RBF,27,PRUNED,0.3035674372227822,True,9913.36472127681,value,0.007316217617286468
E,SVM-RBF,28,COMPLETE,0.9796133216881383,False,6476.625379378224,scale,
E,SVM-RBF,29,PRUNED,0.2392627849575919,False,13.760920257775298,value,0.007306398212296871
E,SVM-RBF,30,PRUNED,0.9756335295945254,False,230.03213524212737,value,0.0003539125877722043
E,SVM-RBF,31,PRUNED,0.9789508494378307,True,8.592423788398523,scale,
E,SVM-RBF,32,COMPLETE,0.9796133216881383,True,129.41846075257396,scale,
E,SVM-RBF,33,COMPLETE,0.9796133216881383,True,52.55781934030275,scale,
E,SVM-RBF,34,PRUNED,0.95340187832843,True,0.7164824372898458,scale,
E,SVM-RBF,35,COMPLETE,0.9796133216881383,False,382.3155591277274,scale,
E,SVM-RBF,36,COMPLETE,0.9796133216881383,True,302.67692361389373,scale,
E,SVM-RBF,37,PRUNED,0.9734250712232735,True,2.569233900371445,auto,
E,SVM-RBF,38,PRUNED,0.0,True,140.04711883260825,value,9.356591756876874
E,SVM-RBF,39,COMPLETE,0.9796133216881383,False,17.236127437770833,auto,
E,SVM-RBF,40,COMPLETE,0.9796133216881383,False,15.84972873625222,scale,
E,SVM-RBF,41,COMPLETE,0.9796133216881383,False,88.47746036938675,auto,
E,SVM-RBF,42,COMPLETE,0.9796133216881383,False,613.4166068599025,auto,
E,SVM-RBF,43,COMPLETE,0.9796133216881383,False,178.97989771430647,auto,
E,SVM-RBF,44,PRUNED,0.8184061386005144,True,0.010142734868727325,auto,
E,SVM-RBF,45,COMPLETE,0.9796133216881383,True,162.90621866201133,auto,
E,SVM-RBF,46,COMPLETE,0.9796133216881383,False,5544.8715476606185,auto,
E,SVM-RBF,47,COMPLETE,0.9796133216881383,False,596.9878176545385,scale,
E,SVM-RBF,48,COMPLETE,0.978724749427208,False,12.910656786763768,auto,
E,SVM-RBF,49,PRUNED,0.9789508494378307,True,11.711669341234703,scale,
E,SVM-RBF,50,PRUNED,0.0025583492356407445,True,4.059671332578319,value,0.03142010005729512
E,SVM-RBF,51,COMPLETE,0.9796133216881383,True,4270.724441330482,auto,
E,SVM-RBF,52,COMPLETE,0.9796133216881383,True,4139.739700240364,auto,
E,SVM-RBF,53,COMPLETE,0.9796133216881383,True,6142.671019670531,auto,
E,SVM-RBF,54,PRUNED,0.9667806092535425,False,7477.848884309595,value,1.841768363509947e-05
E,SVM-RBF,55,COMPLETE,0.9796133216881383,False,8660.27624674463,scale,
E,SVM-RBF,56,COMPLETE,0.9796133216881383,True,4982.87510212161,scale,
E,SVM-RBF,57,COMPLETE,0.9796133216881383,False,168.03698626333227,scale,
E,SVM-RBF,58,COMPLETE,0.9796133216881383,True,431.035885256209,auto,
E,SVM-RBF,59,COMPLETE,0.9796133216881383,False,165.8947215855817,auto,
E,SVM-RBF,60,PRUNED,0.9734133206664922,False,2.150925758365902,auto,
E,SVM-RBF,61,COMPLETE,0.9796133216881383,False,59.50957319512827,scale,
E,SVM-RBF,62,COMPLETE,0.9796133216881383,False,387.2070958855864,scale,
E,SVM-RBF,63,PRUNED,0.17176889487747754,False,0.015886183156539634,value,0.001099419853012404
E,SVM-RBF,64,COMPLETE,0.9796133216881383,False,330.75207257725117,scale,
E,SVM-RBF,65,COMPLETE,0.9796133216881383,False,1709.407463298822,scale,
E,SVM-RBF,66,PRUNED,0.9756335295945254,False,2.520500090545791,scale,
E,SVM-RBF,67,PRUNED,0.0025583492356407445,False,72.59184325277039,value,0.048911436585717866
E,SVM-RBF,68,COMPLETE,0.9796133216881383,True,81.04832023654781,scale,
E,SVM-RBF,69,COMPLETE,0.9796133216881383,False,92.7659537805955,auto,
E,SVM-RBF,70,COMPLETE,0.9796133216881383,False,84.51286226861141,scale,
E,SVM-RBF,71,COMPLETE,0.9796133216881383,True,29.12535261198912,auto,
E,SVM-RBF,72,COMPLETE,0.9796133216881383,True,18.12572686911249,auto,
E,SVM-RBF,73,COMPLETE,0.9796133216881383,True,43.994440140851204,auto,
E,SVM-RBF,74,COMPLETE,0.9796133216881383,True,1305.9033698486087,auto,
E,SVM-RBF,75,COMPLETE,0.9796133216881383,False,5607.915851134537,scale,
E,SVM-RBF,76,COMPLETE,0.9796133216881383,False,190.5647820010887,auto,
E,SVM-RBF,77,COMPLETE,0.9796133216881383,True,272.355512441126,auto,
E,SVM-RBF,78,PRUNED,0.9789508494378307,True,12.50169485780377,scale,
E,SVM-RBF,79,COMPLETE,0.9796133216881383,True,478.43592028625005,scale,
E,SVM-RBF,80,COMPLETE,0.9796133216881383,False,20.257952884169768,auto,
E,SVM-RBF,81,COMPLETE,0.9796133216881383,True,9179.085834441938,scale,
E,SVM-RBF,82,COMPLETE,0.9796133216881383,True,1523.5039095081295,scale,
E,SVM-RBF,83,COMPLETE,0.9796133216881383,True,866.4115205234395,scale,
E,SVM-RBF,84,PRUNED,0.0,True,2830.724397900485,value,5.439668133180364
E,SVM-RBF,85,COMPLETE,0.9796133216881383,False,1171.152805326496,auto,
E,SVM-RBF,86,COMPLETE,0.9796133216881383,False,913.8939294064444,scale,
E,SVM-RBF,87,COMPLETE,0.9796133216881383,False,45.56659128587792,scale,
E,SVM-RBF,88,PRUNED,0.9063872317556019,True,0.053393477639940755,value,0.00031459794707491725
E,SVM-RBF,89,COMPLETE,0.9796133216881383,True,6312.10952744837,scale,
E,SVM-RBF,90,COMPLETE,0.9796133216881383,True,7080.677521485293,auto,
E,SVM-RBF,91,COMPLETE,0.9796133216881383,False,2390.4596114797873,auto,
E,SVM-RBF,92,COMPLETE,0.9796133216881383,False,783.7205541211616,auto,
E,SVM-RBF,93,COMPLETE,0.9796133216881383,False,9166.100230888478,auto,
E,SVM-RBF,94,COMPLETE,0.9796133216881383,False,7194.259314974354,scale,
E,SVM-RBF,95,COMPLETE,0.9796133216881383,False,16.699084554735013,auto,
E,SVM-RBF,96,COMPLETE,0.9796133216881383,False,374.31410411203797,auto,
E,SVM-RBF,97,COMPLETE,0.9796133216881383,True,52.77090832826598,scale,
E,SVM-RBF,98,COMPLETE,0.9796133216881383,False,387.97759124328593,scale,
E,SVM-RBF,99,COMPLETE,0.9796133216881383,True,404.5529649925748,auto,
E,SVM-RBF,100,PRUNED,0.8996358632947923,False,1.1588497910272126,value,1.0634963720334109e-05
E,SVM-RBF,101,COMPLETE,0.9796133216881383,False,2664.33622249698,scale,
E,SVM-RBF,102,COMPLETE,0.9796133216881383,False,4070.4529228898787,scale,
E,SVM-RBF,103,COMPLETE,0.9796133216881383,False,6293.118088408945,scale,
E,SVM-RBF,104,PRUNED,0.0025583492356407445,False,1229.7935980399964,value,0.042495298835477584
E,SVM-RBF,105,COMPLETE,0.9796133216881383,False,241.88057051186397,scale,
E,SVM-RBF,106,COMPLETE,0.9796133216881383,False,122.88099125236144,auto,
E,SVM-RBF,107,COMPLETE,0.9796133216881383,False,3301.1616826735917,scale,
E,SVM-RBF,108,COMPLETE,0.9796133216881383,False,979.7562102973957,auto,
E,SVM-RBF,109,COMPLETE,0.9796133216881383,False,9633.623232669228,scale,
E,SVM-RBF,110,COMPLETE,0.9796133216881383,True,29.67310740034472,auto,
E,SVM-RBF,111,COMPLETE,0.9796133216881383,False,361.1953851648809,scale,
E,SVM-RBF,112,COMPLETE,0.9796133216881383,False,79.16090105150303,scale,
E,SVM-RBF,113,COMPLETE,0.9796133216881383,False,357.092816758442,scale,
E,SVM-RBF,114,PRUNED,0.8521732011505978,True,51.612514808703516,value,0.003417029757906357
E,SVM-RBF,115,PRUNED,0.8910018379931628,False,0.023651158814901256,scale,
E,SVM-RBF,116,PRUNED,0.9489776654092312,True,0.37614387643359154,auto,
E,SVM-RBF,117,COMPLETE,0.9796133216881383,True,99.41413443947428,scale,
E,SVM-RBF,118,COMPLETE,0.9796133216881383,False,368.5032487139579,scale,
E,SVM-RBF,119,COMPLETE,0.9796133216881383,True,9298.615928405723,auto,
E,SVM-RBF,120,COMPLETE,0.9796133216881383,False,118.72763237999925,auto,
E,SVM-RBF,121,COMPLETE,0.9796133216881383,False,4769.268499822819,scale,
E,SVM-RBF,122,COMPLETE,0.9796133216881383,False,9831.671970625017,scale,
E,SVM-RBF,123,COMPLETE,0.9796133216881383,False,1058.0641113499266,scale,
E,SVM-RBF,124,COMPLETE,0.9796133216881383,True,6781.456715651789,scale,
E,SVM-RBF,125,COMPLETE,0.9796133216881383,False,490.0052292567595,scale,
E,SVM-RBF,126,COMPLETE,0.9796133216881383,False,4539.29110160326,auto,
E,SVM-RBF,127,COMPLETE,0.9796133216881383,True,400.62939091277474,auto,
E,SVM-RBF,128,COMPLETE,0.9796133216881383,False,736.6618673472717,scale,
E,SVM-RBF,129,COMPLETE,0.9796133216881383,True,1039.7606686749775,scale,
E,SVM-RBF,130,COMPLETE,0.9796133216881383,False,8903.15796778415,scale,
E,SVM-RBF,131,COMPLETE,0.9796133216881383,False,22.386540171494143,scale,
E,SVM-RBF,132,COMPLETE,0.9796133216881383,False,39.291914316633765,scale,
E,SVM-RBF,133,COMPLETE,0.9796133216881383,False,49.76585311570956,scale,
E,SVM-RBF,134,PRUNED,0.9734250712232735,True,2.4540246414535427,scale,
E,SVM-RBF,135,COMPLETE,0.9796133216881383,False,327.25218669313597,scale,
E,SVM-RBF,136,COMPLETE,0.9796133216881383,False,27.624870564167296,auto,
E,SVM-RBF,137,PRUNED,0.0025583492356407445,False,28.165779054401842,value,0.16255547693354716
E,SVM-RBF,138,COMPLETE,0.9796133216881383,False,635.5108756162534,scale,
E,SVM-RBF,139,COMPLETE,0.9796133216881383,True,44.07606656736262,scale,
E,SVM-RBF,140,COMPLETE,0.9796133216881383,False,433.361345499506,auto,
E,SVM-RBF,141,COMPLETE,0.9796133216881383,False,52.423599784242626,auto,
E,SVM-RBF,142,COMPLETE,0.9796133216881383,False,68.38604583424322,auto,
E,SVM-RBF,143,COMPLETE,0.9796133216881383,False,168.57735445559265,auto,
E,SVM-RBF,144,PRUNED,0.9756335295945254,False,585.5616411175797,value,0.000143186683389673
E,SVM-RBF,145,COMPLETE,0.9796133216881383,False,93.68783946916501,scale,
E,SVM-RBF,146,PRUNED,0.9734133206664922,False,2.1605669030616927,auto,
E,SVM-RBF,147,COMPLETE,0.9796133216881383,True,112.40444488948077,auto,
E,SVM-RBF,148,COMPLETE,0.9796133216881383,False,9898.290087080726,scale,
E,SVM-RBF,149,COMPLETE,0.9796133216881383,False,1629.1124925063746,auto,
E,SVM-polinomial,0,COMPLETE,0.9813840940114484,False,45.70563099801453,4,0.46805592132730955
E,SVM-polinomial,1,PRUNED,0.9789568874005176,True,214.23021757741054,4,2.1242177333881367
E,SVM-polinomial,2,PRUNED,0.9734250712232735,False,145.28246637516014,2,0.5454749016213019
E,SVM-polinomial,3,COMPLETE,0.9813796867146045,False,4.205156450913866,3,0.8736874205941257
E,SVM-polinomial,4,PRUNED,0.9778434533753134,True,0.2888838362365318,3,1.3682099526511078
E,SVM-polinomial,5,PRUNED,0.9711725014227717,True,3.725393839578884,4,0.13935123815999317
E,SVM-polinomial,6,PRUNED,0.9734206706156384,True,0.021147447960615712,5,2.896896099223678
E,SVM-polinomial,7,PRUNED,0.9600581265205761,True,0.030786517836196188,4,1.320457481218804
E,SVM-polinomial,8,PRUNED,0.933267543607235,False,0.014857392806279237,5,0.7763399448000508
E,SVM-polinomial,9,PRUNED,0.9756276494378207,True,3.9841905944346854,4,0.5545633665765811
E,SVM-polinomial,10,COMPLETE,0.9813772702197371,False,173.55154832543698,5,1.3129843320753722
E,SVM-polinomial,11,PRUNED,0.9600492784230905,False,0.6828725759071382,3,0.016218563308865064
E,SVM-polinomial,12,PRUNED,0.9711872242681769,False,18.63905912936697,5,0.07480950201915526
E,SVM-polinomial,13,PRUNED,0.9734250712232735,False,6.717860725793158,3,1.6248365686298398
E,SVM-polinomial,14,PRUNED,0.9466791943155793,False,0.06227877627140433,2,1.07404722770063
E,SVM-polinomial,15,PRUNED,0.9833866252644328,False,865.7670528659577,4,0.8075179935783916
E,SVM-polinomial,16,PRUNED,0.9811673859785085,False,3.9736742869082446,4,1.059789776988568
E,SVM-polinomial,17,PRUNED,0.9833824567177707,True,110.3449965379488,3,0.8003308703166199
E,SVM-polinomial,18,PRUNED,0.9734206706156384,False,0.2337273915065262,3,2.640918890581117
E,SVM-polinomial,19,PRUNED,0.9822723505470257,False,0.7717407396015283,5,2.0720775127584012
E,SVM-polinomial,20,PRUNED,0.9745406802702568,True,378.4960827493883,2,2.31578875128058
E,SVM-polinomial,21,PRUNED,0.9822723505470257,False,138.08458982521282,5,1.6959686570688084
E,SVM-polinomial,22,COMPLETE,0.982266993206748,True,55.303914031438566,5,1.379950240736464
E,SVM-polinomial,23,PRUNED,0.9822723505470257,True,936.5131616541009,5,1.4447775568846801
E,SVM-polinomial,24,COMPLETE,0.982266993206748,True,31.399837523154417,5,1.3176566001421397
E,SVM-polinomial,25,COMPLETE,0.982266993206748,True,4.970344411202784,5,1.2380505281819174
E,SVM-polinomial,26,PRUNED,0.9822723505470257,True,33.08329326424023,5,1.6673287930348288
E,SVM-polinomial,27,COMPLETE,0.982266993206748,True,9.13394151633435,5,1.2186231808686465
E,SVM-polinomial,28,PRUNED,0.9822723505470257,True,1.404931134772117,5,2.0183812998548323
E,SVM-polinomial,29,PRUNED,0.9689625893578979,True,72.15061214183083,5,0.47212705107700603
E,SVM-polinomial,30,PRUNED,0.9811673859785085,True,9.928674224330999,4,1.227067491145246
E,SVM-polinomial,31,PRUNED,0.9756276494378207,True,6.934636585984473,5,1.0345794485978772
E,SVM-polinomial,32,COMPLETE,0.982266993206748,True,30.151117959089152,5,1.21712424157872
E,SVM-polinomial,33,PRUNED,0.9756276494378207,True,1.1773534532418604,5,1.0593222879890254
E,SVM-polinomial,34,PRUNED,0.9822723505470257,True,14.697906752092086,5,1.4881110156409418
E,SVM-polinomial,35,PRUNED,0.9822774921492535,True,48.176327128598196,4,1.5447044557308292
E,SVM-polinomial,36,PRUNED,0.9822723505470257,True,2.4475194891705803,5,1.5592127966977811
E,SVM-polinomial,37,PRUNED,0.9822723505470257,True,81.37388410389983,5,1.4325326105990868
E,SVM-polinomial,38,PRUNED,0.9734074297681701,False,7.200792639158957,5,0.919648203071155
E,SVM-polinomial,39,PRUNED,0.9756335295945254,True,6.375303304307471,4,2.9656770789920404
E,SVM-polinomial,40,PRUNED,0.06876853525053184,True,0.018465682600143626,3,0.09744938203013254
E,SVM-polinomial,41,PRUNED,0.9756276494378207,True,28.80681045979424,5,1.0506509402283997
E,SVM-polinomial,42,PRUNED,0.9756276494378207,True,6.423099932754423,5,1.0295766364370718
E,SVM-polinomial,43,PRUNED,0.9822774948273767,True,116.52701924888828,5,2.3578077994513222
E,SVM-polinomial,44,PRUNED,0.9711857471446572,True,93.32097404871958,5,0.7478293971953501
E,SVM-polinomial,45,COMPLETE,0.982266993206748,True,55.71830045017794,5,1.2703829336108048
E,SVM-polinomial,46,PRUNED,0.9756276494378207,True,5.358545037195595,5,1.111269921641794
E,SVM-polinomial,47,PRUNED,0.9756335295945254,False,87.39142826950889,4,2.6710272611746184
E,SVM-polinomial,48,PRUNED,0.9689537530104146,True,0.5313588805662174,2,0.4335450236138252
E,SVM-polinomial,49,COMPLETE,0.982266993206748,True,34.96362402614107,5,1.332942956241722
E,SVM-polinomial,50,PRUNED,0.9822766249703929,True,162.1635432021344,4,0.9644867948955491
E,SVM-polinomial,51,PRUNED,0.9822723505470257,True,75.3843511245697,5,1.5325427657676043
E,SVM-polinomial,52,PRUNED,0.9756276494378207,True,31.561954736396547,5,1.0155586210395164
E,SVM-polinomial,53,PRUNED,0.9734206706156384,False,244.63522748398805,2,2.8923122559037115
E,SVM-polinomial,54,COMPLETE,0.982266993206748,True,139.0649987149288,5,1.253766715378162
E,SVM-polinomial,55,COMPLETE,0.982266993206748,True,8.137832979416578,5,1.2095917875929387
E,SVM-polinomial,56,PRUNED,0.9822723505470257,True,6.415347106291795,5,1.653283045242211
E,SVM-polinomial,57,PRUNED,0.9822774921492535,True,1.296855631314276,4,1.4601221767216814
E,SVM-polinomial,58,PRUNED,0.9533841718267935,True,0.07435042296777689,2,2.365322906745609
E,SVM-polinomial,59,PRUNED,0.9645162596069323,True,0.3688435720155092,5,0.4470936535434755
E,SVM-polinomial,60,COMPLETE,0.982266993206748,True,58.57438087056827,5,1.2839040020662968
E,SVM-polinomial,61,PRUNED,0.9822723505470257,True,14.191170528516635,5,1.515401852644593
E,SVM-polinomial,62,PRUNED,0.9822723505470257,True,54.63882734372623,5,1.4256764990905917
E,SVM-polinomial,63,PRUNED,0.9756276494378207,True,16.99742897018916,5,0.9322035856079857
E,SVM-polinomial,64,PRUNED,0.9822723505470257,True,53.68487961456918,5,1.6363037185301599
E,SVM-polinomial,65,PRUNED,0.9822723505470257,False,40.5793313157101,5,1.5573390522815902
E,SVM-polinomial,66,PRUNED,0.9833831874739304,True,96.78331299811384,2,0.1676354117824519
E,SVM-polinomial,67,PRUNED,0.9756305943964264,True,1.331132852474142,2,1.6898562737702032
E,SVM-polinomial,68,PRUNED,0.9811673859785085,True,31.611589015563442,4,1.3189878286519354
E,SVM-polinomial,69,PRUNED,0.9756276494378207,True,46.42527172062561,5,1.0460971705513327
E,SVM-polinomial,70,PRUNED,0.9822723505470257,True,23.069374886127367,5,1.4655803376888998
E,SVM-polinomial,71,COMPLETE,0.9822635465884024,True,580.8713354759552,5,1.1578397956289148
E,SVM-polinomial,72,COMPLETE,0.982266993206748,True,232.7190507161454,5,1.4041981400862584
E,SVM-polinomial,73,COMPLETE,0.9813772702197371,True,144.76667105570468,5,1.1809655740533045
E,SVM-polinomial,74,PRUNED,0.9756335295945254,True,143.0606656906466,4,1.8807822520068695
E,SVM-polinomial,75,PRUNED,0.9789576169433993,True,716.1265406042122,2,1.2120504596092396
E,SVM-polinomial,76,COMPLETE,0.9813772702197371,True,50.71619415149695,5,1.1884661964390109
E,SVM-polinomial,77,PRUNED,0.9689773048770906,True,769.0699271050314,4,0.016916954666393647
E,SVM-polinomial,78,PRUNED,0.9822723505470257,True,1.062952150237654,5,1.442345238904191
E,SVM-polinomial,79,PRUNED,0.9756276494378207,True,8.496473513891104,5,1.0213750164852144
E,SVM-polinomial,80,PRUNED,0.9734250712232735,False,434.69294299479714,3,1.8932534422552165
E,SVM-polinomial,81,PRUNED,0.9734074297681701,False,48.01738639745099,5,0.881843603418253
E,SVM-polinomial,82,PRUNED,0.9833866252644328,True,8.367285352741844,4,0.8615519534963045
E,SVM-polinomial,83,COMPLETE,0.982266993206748,True,4.055208901185901,5,1.308477302850815
E,SVM-polinomial,84,PRUNED,0.9689625893578979,True,6.967811969525777,5,0.17160083509880053
E,SVM-polinomial,85,PRUNED,0.9822723505470257,True,12.630011393749191,5,1.4892605873426206
E,SVM-polinomial,86,PRUNED,0.9756305943964264,False,0.025465870476093947,4,2.870574999439347
E,SVM-polinomial,87,PRUNED,0.9811690136765757,False,4.581337062542002,4,1.717806550263745
E,SVM-polinomial,88,PRUNED,0.9822723505470257,False,0.6211665017976616,5,1.4703706159505419
E,SVM-polinomial,89,COMPLETE,0.98314810460286,True,15.089380331719822,5,1.1314872102569062
E,SVM-polinomial,90,PRUNED,0.9711857471446572,True,27.031204767147432,5,0.8048775424311927
E,SVM-polinomial,91,COMPLETE,0.982266993206748,True,3.953384157864879,5,1.2942949205117116
E,SVM-polinomial,92,COMPLETE,0.9813772702197371,True,24.322462903162595,5,1.1658703680049367
E,SVM-polinomial,93,PRUNED,0.9822723505470257,True,106.01059214279468,5,1.8973929124686115
E,SVM-polinomial,94,COMPLETE,0.9813772702197371,True,14.803838566871004,5,1.1777181752298198
E,SVM-polinomial,95,PRUNED,0.9756335295945254,True,3.697228127744457,4,2.1467625326897344
E,SVM-polinomial,96,PRUNED,0.9811673859785085,True,52.47344716514761,4,1.3143340659984006
E,SVM-polinomial,97,PRUNED,0.9355114787265641,True,0.011190678750721004,3,1.483084680557761
E,SVM-polinomial,98,PRUNED,0.9734074297681701,True,4.839695835984484,5,0.8667698684424903
E,SVM-polinomial,99,PRUNED,0.9822723505470257,True,12.93922655118344,5,1.6290649516804037
E,SVM-polinomial,100,PRUNED,0.968958174607826,False,0.022495405185544083,4,1.823738994515286
E,SVM-polinomial,101,PRUNED,0.9756276494378207,True,209.05172221791523,5,0.9614664413296368
E,SVM-polinomial,102,COMPLETE,0.982266993206748,True,134.33726877943573,5,1.2343069653329488
E,SVM-polinomial,103,COMPLETE,0.982266993206748,True,18.392871821847926,5,1.2526807012268415
E,SVM-polinomial,104,COMPLETE,0.982266993206748,True,38.0868285464234,5,1.3194725046661775
E,SVM-polinomial,105,PRUNED,0.9822723505470257,True,72.07601470318988,5,1.5218479730755239
E,SVM-polinomial,106,COMPLETE,0.982266993206748,True,66.66753401018981,5,1.2047144223686272
E,SVM-polinomial,107,PRUNED,0.9822774921492535,True,7.833455365830454,4,1.4581044999342858
E,SVM-polinomial,108,PRUNED,0.9833824567177707,True,13.152037248862767,5,2.193052221549653
E,SVM-polinomial,109,PRUNED,0.9756276494378207,True,56.39384881095347,4,0.65582211708595
E,SVM-polinomial,110,PRUNED,0.9756276494378207,True,2.3594257383032904,5,0.9722374316416527
E,SVM-polinomial,111,PRUNED,0.9811668138594287,False,1.5205489135421084,5,2.9454798847431993
E,SVM-polinomial,112,PRUNED,0.9822723505470257,True,245.79274590747775,5,1.8130472818453804
E,SVM-polinomial,113,COMPLETE,0.982266993206748,True,585.9751223952236,5,1.2874309198105263
E,SVM-polinomial,114,PRUNED,0.9399058841504258,False,0.1343682300617354,4,0.19128246865894383
E,SVM-polinomial,115,COMPLETE,0.9813772702197371,True,66.81254154202011,5,1.1669681855713445
E,SVM-polinomial,116,COMPLETE,0.982266993206748,True,114.99456527534821,5,1.3325791335527528
E,SVM-polinomial,117,PRUNED,0.9822723505470257,True,41.38289045563151,5,1.5123271776363723
E,SVM-polinomial,118,PRUNED,0.9811673859785085,True,578.6835175719036,4,1.4223097874280077
E,SVM-polinomial,119,PRUNED,0.9734250712232735,False,940.0080102557814,2,0.44264156316906234
E,SVM-polinomial,120,PRUNED,0.9756276494378207,True,70.0535178966049,5,0.9657294119691892
E,SVM-polinomial,121,COMPLETE,0.982266993206748,True,1.6801812765179216,5,1.3379787351673622
E,SVM-polinomial,122,COMPLETE,0.9813772702197371,True,4.2614943824589435,5,1.1975963370603777
E,SVM-polinomial,123,COMPLETE,0.982266993206748,True,8.688764323591968,5,1.3446029411057787
E,SVM-polinomial,124,PRUNED,0.9756335295945254,True,0.031931789791195285,4,2.252954552761188
E,SVM-polinomial,125,PRUNED,0.9756232410338233,True,0.05435068592771948,5,1.217821746744391
E,SVM-polinomial,126,PRUNED,0.9822723505470257,True,5.758365107061867,5,1.7210755164830247
E,SVM-polinomial,127,PRUNED,0.9811673859785085,True,1.6614960192619317,4,1.0558972070219692
E,SVM-polinomial,128,COMPLETE,0.982266993206748,True,18.238619972510687,5,1.229172017415939
E,SVM-polinomial,129,PRUNED,0.9822723505470257,True,774.5883844848822,5,1.7254053048918918
E,SVM-polinomial,130,PRUNED,0.9811673859785085,False,29.960984687055404,4,1.1034418829524757
E,SVM-polinomial,131,PRUNED,0.9822723505470257,True,0.8801099466362577,5,1.4340312469299767
E,SVM-polinomial,132,PRUNED,0.9756276494378207,True,2.3550371275919626,5,1.0922612298563619
E,SVM-polinomial,133,COMPLETE,0.9813772702197371,False,5.815970141766545,5,1.3221264470935903
E,SVM-polinomial,134,COMPLETE,0.982266993206748,True,4.568527017895519,5,1.244061971630081
E,SVM-polinomial,135,COMPLETE,0.982266993206748,True,14.853438344068142,5,1.3587103492077228
E,SVM-polinomial,136,PRUNED,0.9756276494378207,True,11.410597975019858,5,0.9654467444687088
E,SVM-polinomial,137,PRUNED,0.9822774921492535,True,16.169523220275845,4,1.4440754882239402
E,SVM-polinomial,138,COMPLETE,0.982266993206748,True,80.68704635709956,5,1.3584826257668965
E,SVM-polinomial,139,PRUNED,0.9310665991495131,False,0.013206781426154633,2,2.614554067978802
E,SVM-polinomial,140,PRUNED,0.9712122122443865,False,5.157383536036169,2,0.5551965229068156
E,SVM-polinomial,141,PRUNED,0.9711857471446572,True,865.3752976207207,5,0.7785205051586316
E,SVM-polinomial,142,PRUNED,0.9756276494378207,True,250.3302202218625,5,1.109082441240691
E,SVM-polinomial,143,PRUNED,0.9822723505470257,True,92.0545097857381,5,1.6619682125660955
E,SVM-polinomial,144,COMPLETE,0.9813772702197371,True,101.4424477178378,5,1.189796565559502
E,SVM-polinomial,145,PRUNED,0.9711857471446572,True,20.76823614761933,5,0.7700910192179347
E,SVM-polinomial,146,COMPLETE,0.982266993206748,False,788.0388430425492,5,1.3548532878659734
E,SVM-polinomial,147,PRUNED,0.9822723505470257,True,5.086428817132911,5,1.6738275915933585
E,SVM-polinomial,148,COMPLETE,0.982266993206748,True,73.77952866229677,5,1.2318813690443933
E,SVM-polinomial,149,PRUNED,0.9811673859785085,True,159.63726596230862,4,1.2389189908875482
E,kNN,0,COMPLETE,0.9377304408606708,False,16,uniform,1
E,kNN,1,COMPLETE,0.9439612268302844,True,15,distance,1
E,kNN,2,COMPLETE,0.9511549978985137,False,8,uniform,2
E,kNN,3,PRUNED,0.94002728618182,False,9,distance,2
E,kNN,4,PRUNED,0.9312099539632611,True,13,uniform,2
E,kNN,5,COMPLETE,0.9628081643169265,True,4,uniform,2
E,kNN,6,PRUNED,0.9555693977708104,False,7,uniform,2
E,kNN,7,PRUNED,0.9334184080071699,False,16,uniform,2
E,kNN,8,COMPLETE,0.9689623732664412,False,3,distance,2
E,kNN,9,PRUNED,0.9423287475878055,True,12,distance,2
E,kNN,10,PRUNED,0.958958915923602,False,3,distance,1
E,kNN,11,COMPLETE,0.9689737311691007,True,3,uniform,2
E,kNN,12,PRUNED,0.9556273014258148,True,6,distance,1
E,kNN,13,COMPLETE,0.9689623732664412,False,3,distance,2
E,kNN,14,PRUNED,0.9589777114125756,True,3,uniform,1
E,kNN,15,COMPLETE,0.9707532346598855,True,4,distance,2
E,kNN,16,PRUNED,0.9579085874294184,True,5,distance,2
E,kNN,17,COMPLETE,0.9698582862573485,True,3,distance,2
E,kNN,18,COMPLETE,0.9698582862573485,True,3,distance,2
E,kNN,19,PRUNED,0.9401262563895689,True,20,distance,2
E,kNN,20,PRUNED,0.9601111563788677,True,8,distance,2
E,kNN,21,COMPLETE,0.9698582862573485,True,3,distance,2
E,kNN,22,COMPLETE,0.9698582862573485,True,3,distance,2
E,kNN,23,PRUNED,0.9579041824330505,True,3,distance,1
E,kNN,24,PRUNED,0.9400347469824573,True,11,uniform,1
E,kNN,25,COMPLETE,0.9698582862573485,True,3,distance,2
E,kNN,26,PRUNED,0.9266986733767935,True,20,uniform,1
E,kNN,27,PRUNED,0.9288582453528685,False,17,distance,1
E,kNN,28,PRUNED,0.9556161453926346,True,7,distance,2
E,kNN,29,COMPLETE,0.9698582862573485,True,3,distance,2
E,kNN,30,PRUNED,0.9288582453528685,False,15,uniform,1
E,kNN,31,COMPLETE,0.9698582862573485,True,3,distance,2
E,kNN,32,COMPLETE,0.9698582862573485,True,3,distance,2
E,kNN,33,COMPLETE,0.9698582862573485,True,3,distance,2
E,kNN,34,PRUNED,0.9645648136078206,True,6,distance,2
E,kNN,35,PRUNED,0.942308148995829,False,5,uniform,1
E,kNN,36,COMPLETE,0.9698582862573485,True,3,distance,2
E,kNN,37,COMPLETE,0.9698582862573485,True,3,distance,2
E,kNN,38,PRUNED,0.9645750963207608,True,6,uniform,2
E,kNN,39,PRUNED,0.9333475069026895,False,11,distance,1
E,kNN,40,PRUNED,0.9601229220543346,False,3,uniform,2
E,kNN,41,COMPLETE,0.9698582862573485,True,3,distance,2
E,kNN,42,PRUNED,0.9645648136078206,True,6,distance,2
E,kNN,43,COMPLETE,0.9698582862573485,True,3,distance,2
E,kNN,44,PRUNED,0.9600757874889299,False,6,distance,2
E,kNN,45,COMPLETE,0.9698582862573485,True,3,distance,2
E,kNN,46,PRUNED,0.928902603707153,False,19,distance,2
E,kNN,47,PRUNED,0.9645648136078206,True,6,distance,2
E,kNN,48,PRUNED,0.9400185146834483,True,15,distance,1
E,kNN,49,PRUNED,0.9678793205588226,True,3,uniform,2
E,kNN,50,PRUNED,0.942314002186436,True,8,distance,1
E,kNN,51,COMPLETE,0.9698582862573485,True,3,distance,2
E,kNN,52,PRUNED,0.9579041824330505,True,3,distance,1
E,kNN,53,COMPLETE,0.9698582862573485,True,3,distance,2
E,kNN,54,COMPLETE,0.9698582862573485,True,3,distance,2
E,kNN,55,PRUNED,0.9645648136078206,True,6,distance,2
E,kNN,56,COMPLETE,0.9698582862573485,True,3,distance,2
E,kNN,57,PRUNED,0.9601420293813527,False,4,distance,2
E,kNN,58,PRUNED,0.9645648136078206,True,6,distance,2
E,kNN,59,COMPLETE,0.9698582862573485,True,3,distance,2
E,kNN,60,COMPLETE,0.9698582862573485,True,3,distance,2
E,kNN,61,COMPLETE,0.9698582862573485,True,3,distance,2
E,kNN,62,COMPLETE,0.9698582862573485,True,3,distance,2
E,kNN,63,PRUNED,0.9645648136078206,True,6,distance,2
E,kNN,64,PRUNED,0.9601229220543346,False,3,distance,2
E,kNN,65,PRUNED,0.9288966892599151,False,11,uniform,2
E,kNN,66,PRUNED,0.9401306383814143,True,15,uniform,2
E,kNN,67,COMPLETE,0.9698582862573485,True,3,distance,2
E,kNN,68,PRUNED,0.9645648136078206,True,6,distance,2
E,kNN,69,PRUNED,0.9579041824330505,True,3,distance,1
E,kNN,70,PRUNED,0.9357079093862628,True,20,uniform,2
E,kNN,71,COMPLETE,0.9698582862573485,True,3,distance,2
E,kNN,72,COMPLETE,0.9698582862573485,True,3,distance,2
E,kNN,73,COMPLETE,0.9698582862573485,True,3,distance,2
E,kNN,74,COMPLETE,0.9698582862573485,True,3,distance,2
E,kNN,75,PRUNED,0.9678793205588226,True,3,uniform,2
E,kNN,76,PRUNED,0.9556161453926346,True,7,distance,2
E,kNN,77,COMPLETE,0.9698582862573485,True,3,distance,2
E,kNN,78,PRUNED,0.9645648136078206,True,6,distance,2
E,kNN,79,PRUNED,0.9512626556614185,True,8,uniform,2
E,kNN,80,COMPLETE,0.9698582862573485,True,3,distance,2
E,kNN,81,COMPLETE,0.9698582862573485,True,3,distance,2
E,kNN,82,COMPLETE,0.9698582862573485,True,3,distance,2
E,kNN,83,PRUNED,0.9176771285432448,False,19,uniform,1
E,kNN,84,PRUNED,0.9333252169864277,False,12,distance,2
E,kNN,85,COMPLETE,0.9698582862573485,True,3,distance,2
E,kNN,86,PRUNED,0.9645648136078206,True,6,distance,2
E,kNN,87,COMPLETE,0.9698582862573485,True,3,distance,2
E,kNN,88,COMPLETE,0.9698582862573485,True,3,distance,2
E,kNN,89,PRUNED,0.9645648136078206,True,6,distance,2
E,kNN,90,PRUNED,0.9512008305270676,False,6,distance,1
E,kNN,91,COMPLETE,0.9698582862573485,True,3,distance,2
E,kNN,92,COMPLETE,0.9698582862573485,True,3,distance,2
E,kNN,93,COMPLETE,0.9698582862573485,True,3,distance,2
E,kNN,94,PRUNED,0.9645648136078206,True,6,distance,2
E,kNN,95,PRUNED,0.9400185146834483,True,15,uniform,1
E,kNN,96,COMPLETE,0.9698582862573485,True,3,distance,2
E,kNN,97,COMPLETE,0.9698582862573485,True,3,distance,2
E,kNN,98,PRUNED,0.9601229220543346,False,3,distance,2
E,kNN,99,PRUNED,0.9534431508536783,True,6,distance,1
E,kNN,100,PRUNED,0.9678793205588226,True,3,uniform,2
E,kNN,101,COMPLETE,0.9698582862573485,True,3,distance,2
E,kNN,102,PRUNED,0.9355780694652406,False,10,uniform,1
E,kNN,103,PRUNED,0.9645648136078206,True,6,distance,2
E,kNN,104,COMPLETE,0.9698582862573485,True,3,distance,2
E,kNN,105,COMPLETE,0.9698582862573485,True,3,distance,2
E,kNN,106,PRUNED,0.9645648136078206,True,6,distance,2
E,kNN,107,PRUNED,0.9579041824330505,True,3,distance,1
E,kNN,108,COMPLETE,0.9698582862573485,True,3,distance,2
E,kNN,109,COMPLETE,0.9698582862573485,True,3,distance,2
E,kNN,110,PRUNED,0.9267222653091116,False,18,uniform,2
E,kNN,111,COMPLETE,0.9698582862573485,True,3,distance,2
E,kNN,112,PRUNED,0.9556810236700465,True,5,uniform,1
E,kNN,113,PRUNED,0.9645648136078206,True,6,distance,2
E,kNN,114,COMPLETE,0.9698582862573485,True,3,distance,2
E,kNN,115,COMPLETE,0.9698582862573485,True,3,distance,2
E,kNN,116,PRUNED,0.9645648136078206,True,6,distance,2
E,kNN,117,COMPLETE,0.9698582862573485,True,3,distance,2
E,kNN,118,COMPLETE,0.9698582862573485,True,3,distance,2
E,kNN,119,PRUNED,0.9645648136078206,True,6,distance,2
E,kNN,120,COMPLETE,0.9698582862573485,True,3,distance,2
E,kNN,121,PRUNED,0.9489200506875041,False,7,distance,2
E,kNN,122,COMPLETE,0.9698582862573485,True,3,distance,2
E,kNN,123,COMPLETE,0.9698582862573485,True,3,distance,2
E,kNN,124,COMPLETE,0.9698582862573485,True,3,distance,2
E,kNN,125,PRUNED,0.9645648136078206,True,6,distance,2
E,kNN,126,COMPLETE,0.9698582862573485,True,3,distance,2
E,kNN,127,COMPLETE,0.9698582862573485,True,3,distance,2
E,kNN,128,PRUNED,0.9645648136078206,True,6,distance,2
E,kNN,129,COMPLETE,0.9698582862573485,True,3,distance,2
E,kNN,130,PRUNED,0.9645750963207608,True,6,uniform,2
E,kNN,131,COMPLETE,0.9698582862573485,True,3,distance,2
E,kNN,132,COMPLETE,0.9698582862573485,True,3,distance,2
E,kNN,133,PRUNED,0.9645648136078206,True,6,distance,2
E,kNN,134,COMPLETE,0.9698582862573485,True,3,distance,2
E,kNN,135,COMPLETE,0.9698582862573485,True,3,distance,2
E,kNN,136,COMPLETE,0.9698582862573485,True,3,distance,2
E,kNN,137,PRUNED,0.9601420293813527,False,4,distance,2
E,kNN,138,PRUNED,0.9645648136078206,True,6,distance,2
E,kNN,139,COMPLETE,0.9698582862573485,True,3,distance,2
E,kNN,140,PRUNED,0.9579041824330505,True,3,distance,1
E,kNN,141,COMPLETE,0.9698582862573485,True,3,distance,2
E,kNN,142,COMPLETE,0.9698582862573485,True,3,distance,2
E,kNN,143,PRUNED,0.9645648136078206,True,6,distance,2
E,kNN,144,COMPLETE,0.9698582862573485,True,3,distance,2
E,kNN,145,COMPLETE,0.9698582862573485,True,3,distance,2
E,kNN,146,PRUNED,0.9445459973193355,True,15,distance,2
E,kNN,147,PRUNED,0.9645648136078206,True,6,distance,2
E,kNN,148,PRUNED,0.9678793205588226,True,3,uniform,2
E,kNN,149,COMPLETE,0.9698582862573485,True,3,distance,2
E,RandomForest,0,COMPLETE,0.9404373529032188,False,269,19,4,2,log2
E,RandomForest,1,PRUNED,0.933434436858904,True,81,8,5,4,0.5
E,RandomForest,2,PRUNED,0.9378780280292136,False,142,24,5,6,0.3
E,RandomForest,3,PRUNED,0.9378780280292136,False,321,11,3,7,0.7
E,RandomForest,4,PRUNED,0.9378308067800774,False,102,17,12,2,sqrt
E,RandomForest,5,PRUNED,0.8455960371604093,True,78,4,8,4,log2
E,RandomForest,6,PRUNED,0.9311405499963487,False,59,30,16,2,log2
E,RandomForest,7,PRUNED,0.9401647805230267,False,65,27,13,4,0.5
E,RandomForest,8,PRUNED,0.9289439459186326,True,65,22,16,6,sqrt
E,RandomForest,9,PRUNED,0.9378337669450911,True,216,11,11,10,0.3
E,RandomForest,10,PRUNED,0.9378085922169082,False,314,21,5,1,log2
E,RandomForest,11,PRUNED,0.9378544331025851,False,201,30,14,6,0.5
E,RandomForest,12,PRUNED,0.9312542574979941,False,60,28,19,8,0.5
E,RandomForest,13,PRUNED,0.9198557772875735,True,291,9,2,1,log2
E,RandomForest,14,PRUNED,0.915541219915581,False,242,14,15,3,log2
E,RandomForest,15,COMPLETE,0.9494339003118275,False,91,24,12,1,0.5
E,RandomForest,16,COMPLETE,0.9449880848322263,True,73,19,17,1,0.7
E,RandomForest,17,PRUNED,0.9400715172543679,True,110,9,19,1,0.7
E,RandomForest,18,PRUNED,0.9401362561131397,True,147,25,10,3,0.5
E,RandomForest,19,PRUNED,0.9401406581751492,True,64,22,16,3,0.7
E,RandomForest,20,COMPLETE,0.9547556029269945,False,83,20,3,2,0.5
E,RandomForest,21,PRUNED,0.9356149777839005,False,57,19,7,1,log2
E,RandomForest,22,COMPLETE,0.9529715845869255,False,111,25,2,1,0.5
E,RandomForest,23,COMPLETE,0.9547671834906074,False,108,25,4,2,0.5
E,RandomForest,24,COMPLETE,0.9520970924407705,False,66,29,3,2,0.3
E,RandomForest,25,COMPLETE,0.9529899875373984,False,73,20,2,2,0.5
E,RandomForest,26,PRUNED,0.9378780074471772,False,82,20,2,6,0.5
E,RandomForest,27,PRUNED,0.9400820310860577,True,128,18,2,2,0.5
E,RandomForest,28,PRUNED,0.9422741866286898,False,78,15,3,3,sqrt
E,RandomForest,29,PRUNED,0.944580992827901,False,103,20,2,1,0.7
E,RandomForest,30,PRUNED,0.9478907703284977,False,53,21,5,1,0.5
E,RandomForest,31,PRUNED,0.9479018732123199,False,147,29,3,2,0.5
E,RandomForest,32,COMPLETE,0.9565279876391857,False,83,14,3,1,0.5
E,RandomForest,33,PRUNED,0.9400229490422917,False,71,6,4,1,0.3
E,RandomForest,34,PRUNED,0.9468276882392015,False,94,17,6,2,0.5
E,RandomForest,35,PRUNED,0.9422963279856054,False,87,12,2,3,0.5
E,RandomForest,36,PRUNED,0.9444722040177946,True,98,24,5,2,sqrt
E,RandomForest,37,PRUNED,0.9222150884665807,False,83,24,6,5,log2
E,RandomForest,38,PRUNED,0.9400672616901485,True,109,29,7,10,0.7
E,RandomForest,39,PRUNED,0.9434712432990937,True,67,20,3,3,0.3
E,RandomForest,40,PRUNED,0.9311331593950041,False,137,27,6,4,sqrt
E,RandomForest,41,COMPLETE,0.9538761323983357,False,116,24,4,2,0.5
E,RandomForest,42,COMPLETE,0.9538646711920311,False,125,15,5,1,0.3
E,RandomForest,43,PRUNED,0.9400244404400371,False,260,7,10,2,0.3
E,RandomForest,44,PRUNED,0.9422963471164929,False,160,15,3,4,0.3
E,RandomForest,45,PRUNED,0.9512151289655133,False,172,14,7,1,0.3
E,RandomForest,46,PRUNED,0.9445781819119543,False,206,18,3,3,0.5
E,RandomForest,47,PRUNED,0.9377657399545536,False,145,13,6,1,sqrt
E,RandomForest,48,PRUNED,0.9423125794155018,True,53,26,6,2,0.5
E,RandomForest,49,PRUNED,0.9467338410076082,False,101,21,7,3,0.3
E,RandomForest,50,PRUNED,0.9401129573069658,False,126,30,9,2,0.7
E,RandomForest,51,PRUNED,0.9310990370509924,False,86,14,2,1,log2
E,RandomForest,52,PRUNED,0.9445254134119497,False,78,25,3,3,0.5
E,RandomForest,53,PRUNED,0.8568615144273793,False,76,3,19,6,sqrt
E,RandomForest,54,COMPLETE,0.9547383140655178,False,83,14,2,1,0.5
E,RandomForest,55,COMPLETE,0.9547435167843827,False,68,13,3,1,0.5
E,RandomForest,56,PRUNED,0.9400495183543291,True,69,7,3,1,0.5
E,RandomForest,57,PRUNED,0.9423242749633108,False,83,9,4,1,0.7
E,RandomForest,58,PRUNED,0.9422756824248054,False,76,8,3,1,0.5
E,RandomForest,59,PRUNED,0.9020745815709008,False,452,6,13,10,sqrt
E,RandomForest,60,PRUNED,0.9456808873661171,False,114,14,5,1,0.5
E,RandomForest,61,COMPLETE,0.954748533849008,False,89,14,3,1,0.5
E,RandomForest,62,PRUNED,0.9479003985294057,False,74,13,4,1,0.5
E,RandomForest,63,PRUNED,0.9478861760584909,False,145,18,2,1,0.5
E,RandomForest,64,PRUNED,0.9356725120887579,False,67,14,14,7,0.3
E,RandomForest,65,PRUNED,0.9445254134119497,False,131,23,6,4,0.5
E,RandomForest,66,COMPLETE,0.9529941669516084,False,103,14,2,2,0.5
E,RandomForest,67,PRUNED,0.9379339123822459,False,57,26,3,4,0.7
E,RandomForest,68,PRUNED,0.9423518297597864,True,65,15,6,3,0.7
E,RandomForest,69,PRUNED,0.9467279383534231,True,136,27,5,1,0.5
E,RandomForest,70,PRUNED,0.9444885139459331,False,51,11,4,3,0.5
E,RandomForest,71,PRUNED,0.9356489484954695,False,218,18,13,9,0.7
E,RandomForest,72,PRUNED,0.9501146314394724,False,55,15,3,1,0.5
E,RandomForest,73,PRUNED,0.947898370476539,False,89,14,3,2,0.3
E,RandomForest,74,PRUNED,0.945691995777294,True,72,16,9,2,0.5
E,RandomForest,75,PRUNED,0.9222432758013815,True,496,21,13,5,log2
E,RandomForest,76,PRUNED,0.9467323712307874,False,203,25,6,1,0.3
E,RandomForest,77,PRUNED,0.940049544881832,False,126,8,11,5,0.5
E,RandomForest,78,PRUNED,0.8952463351562585,True,386,4,4,4,0.5
E,RandomForest,79,PRUNED,0.8952522638280418,True,50,4,11,9,0.5
E,RandomForest,80,PRUNED,0.9266882291578067,True,130,17,9,2,log2
E,RandomForest,81,PRUNED,0.9400451267369545,False,160,8,2,1,0.5
E,RandomForest,82,PRUNED,0.9467758530838642,True,166,12,6,1,0.3
E,RandomForest,83,COMPLETE,0.9547556093891064,False,104,17,2,2,0.5
E,RandomForest,84,PRUNED,0.9133313890093426,True,63,29,12,7,log2
E,RandomForest,85,COMPLETE,0.952887027664082,False,75,20,4,1,sqrt
E,RandomForest,86,PRUNED,0.9311818647491189,False,135,23,10,2,log2
E,RandomForest,87,PRUNED,0.9467279383534231,False,107,25,7,1,0.5
E,RandomForest,88,PRUNED,0.9222921055950166,True,229,26,20,1,log2
E,RandomForest,89,PRUNED,0.9378425178889225,False,150,20,3,2,log2
E,RandomForest,90,COMPLETE,0.9529935867233628,False,90,21,3,1,0.3
E,RandomForest,91,PRUNED,0.941266370704136,False,116,20,2,3,0.5
E,RandomForest,92,PRUNED,0.9456848738005398,True,64,15,2,1,0.5
E,RandomForest,93,PRUNED,0.9333622325514623,False,181,19,20,5,sqrt
E,RandomForest,94,COMPLETE,0.9547556093891064,False,91,17,2,2,0.5
E,RandomForest,95,PRUNED,0.9512307075957394,False,84,14,4,1,0.5
E,RandomForest,96,PRUNED,0.9021429613005263,True,378,11,20,9,log2
E,RandomForest,97,COMPLETE,0.9538751506531622,False,92,22,2,2,0.5
E,RandomForest,98,PRUNED,0.9512235802017714,False,76,21,3,1,0.5
E,RandomForest,99,PRUNED,0.9445533657965977,False,68,16,2,2,0.7
E,RandomForest,100,PRUNED,0.91332243756726,True,128,16,5,9,log2
E,RandomForest,101,PRUNED,0.9041628070615161,True,260,4,8,7,sqrt
E,RandomForest,102,PRUNED,0.9445460315560772,False,70,20,8,4,0.5
E,RandomForest,103,PRUNED,0.9289292108707827,True,452,24,5,8,sqrt
E,RandomForest,104,PRUNED,0.9445312895934551,True,76,22,2,5,0.5
E,RandomForest,105,PRUNED,0.9467323712307874,True,428,13,14,1,0.3
E,RandomForest,106,PRUNED,0.9512253834763919,False,72,30,2,1,0.5
E,RandomForest,107,PRUNED,0.9422756824248054,False,176,9,4,1,0.3
E,RandomForest,108,PRUNED,0.9445460315560772,False,92,20,2,4,0.5
E,RandomForest,109,PRUNED,0.9021087942508772,True,448,9,6,9,log2
E,RandomForest,110,PRUNED,0.9422756824248054,False,112,15,19,2,0.3
E,RandomForest,111,COMPLETE,0.953869864609832,False,96,17,2,2,0.5
E,RandomForest,112,PRUNED,0.9333947910062899,False,369,30,11,9,0.3
E,RandomForest,113,PRUNED,0.9423184526653849,False,93,14,11,2,0.7
E,RandomForest,114,PRUNED,0.9467323712307874,False,107,18,2,1,0.5
E,RandomForest,115,PRUNED,0.9445486533813985,False,250,15,2,2,0.7
E,RandomForest,116,PRUNED,0.9445254134119497,False,79,16,4,3,0.5
E,RandomForest,117,PRUNED,0.951226315673334,False,86,13,2,2,0.5
E,RandomForest,118,COMPLETE,0.9538761323983357,False,116,24,4,2,0.5
E,RandomForest,119,PRUNED,0.9423405288685275,False,104,22,6,3,0.7
E,RandomForest,120,PRUNED,0.9467338410076082,False,165,26,5,1,0.5
E,RandomForest,121,PRUNED,0.9378544331025851,False,453,13,19,4,0.5
E,RandomForest,122,PRUNED,0.9501241380132954,False,125,20,4,2,0.5
E,RandomForest,123,PRUNED,0.9445254134119497,False,123,29,2,4,0.5
E,RandomForest,124,PRUNED,0.9456674327119465,False,77,14,9,1,0.5
E,RandomForest,125,PRUNED,0.9334065438236594,False,75,27,3,2,log2
E,RandomForest,126,PRUNED,0.9378145577843804,True,128,7,3,9,0.5
E,RandomForest,127,PRUNED,0.9501287274865791,False,121,24,2,2,0.5
E,RandomForest,128,PRUNED,0.9399830117418495,False,82,10,4,1,sqrt
E,RandomForest,129,PRUNED,0.9423867825252417,False,73,19,3,3,0.5
E,RandomForest,130,PRUNED,0.9445047678511498,False,102,11,8,1,0.3
E,RandomForest,131,PRUNED,0.9311597592002269,False,337,19,11,4,sqrt
E,RandomForest,132,PRUNED,0.9445047678511498,False,143,14,5,1,0.5
E,RandomForest,133,PRUNED,0.9412545085868597,False,102,16,4,3,0.5
E,RandomForest,134,PRUNED,0.9400849814320293,True,230,22,19,9,0.7
E,RandomForest,135,PRUNED,0.8410674523756125,False,248,4,8,5,log2
E,RandomForest,136,PRUNED,0.8727045670636764,False,202,3,20,1,0.7
E,RandomForest,137,PRUNED,0.904256249053095,False,92,7,14,9,log2
E,RandomForest,138,PRUNED,0.9356017129985297,False,172,17,4,5,sqrt
E,RandomForest,139,PRUNED,0.9266985760065614,False,51,19,2,3,log2
E,RandomForest,140,COMPLETE,0.953881013099072,False,109,14,3,2,0.5
E,RandomForest,141,COMPLETE,0.9547495155941815,False,85,13,3,1,0.5
E,RandomForest,142,PRUNED,0.9501081795039186,False,144,15,3,1,0.3
E,RandomForest,143,COMPLETE,0.9556405666864534,False,85,14,3,1,0.5
E,RandomForest,144,PRUNED,0.9445254134119497,False,79,12,2,2,0.5
E,RandomForest,145,COMPLETE,0.9547437213719958,False,78,17,3,1,0.5
E,RandomForest,146,PRUNED,0.9490029926651165,False,71,16,5,1,0.5
E,RandomForest,147,PRUNED,0.9467323476838778,False,73,10,3,1,0.5
E,RandomForest,148,PRUNED,0.9456912433171976,False,103,25,7,2,0.5
E,RandomForest,149,COMPLETE,0.9547537205389898,False,84,20,3,1,0.5
