feature_set,classifier,trial_number,state,kappa,k_best,use_smote,mlp_hidden1,mlp_hidden2,mlp_alpha,mlp_lr
B,MLP,0,COMPLETE,0.8716133037415075,76,True,83,12,6.025215736203862e-06,0.00014936568554617635
B,MLP,1,PRUNED,0.8759400692758601,150,False,16,118,0.014528246637516038,0.0004335281794951569
B,MLP,2,PRUNED,0.9009961627653423,47,False,68,26,2.8585493941961936e-05,0.006847920095574782
B,MLP,3,PRUNED,0.8789072759307235,41,False,56,70,9.962513222055122e-06,0.003489018845491387
B,MLP,4,PRUNED,0.8522478427942008,109,False,25,9,0.055517216852447225,0.07886714129990492
B,MLP,5,PRUNED,0.9099525623116343,142,True,106,26,4.075596440072871e-06,0.0030586566669785274
B,MLP,6,PRUNED,0.8880701638683837,25,True,99,18,0.00039841905944346893,0.004366473592979638
B,MLP,7,PRUNED,0.8177965950612693,47,True,216,95,0.000976112544311046,0.058293845429947415
B,MLP,8,PRUNED,0.8760545714492174,33,True,39,23,2.2737628102536852e-05,0.030634622106220845
B,MLP,9,PRUNED,0.8465446191745299,73,False,23,73,2.359137306347714e-06,0.09133995846860977
B,MLP,10,PRUNED,0.8878057242903461,49,True,82,12,2.725053518871101e-05,0.00018450463532396802
B,MLP,11,PRUNED,0.9076226178981139,138,True,109,35,7.695322435733988e-06,0.0045350946347798415
B,MLP,12,PRUNED,0.8922319456131624,113,True,39,10,5.1392707344358256e-06,0.0025454798854707534
B,MLP,13,PRUNED,0.9106897459484431,137,False,124,19,0.000237149565007249,0.0003198658367512297
B,MLP,14,PRUNED,0.9121267831313049,130,False,116,31,0.00031056417837048135,0.00047209850122468784
B,MLP,15,PRUNED,0.8966766849329422,115,False,113,24,0.020989037799100402,0.0028625564288231385
B,MLP,16,PRUNED,0.9084983295933525,105,True,249,13,0.00010922639698803191,0.0007299883582285515
B,MLP,17,PRUNED,0.8923094147678743,103,False,46,45,0.000274116614307922,0.00025772652663268733
B,MLP,18,COMPLETE,0.910746070945691,85,False,174,87,4.1025806662821685e-05,0.0005075366428603133
B,MLP,19,PRUNED,0.9128725752584842,99,False,171,87,1.8209860943554927e-05,0.0028008820742541117
B,MLP,20,PRUNED,0.8893464225397516,22,True,120,49,1.4019039846458441e-05,0.00017847717068057307
B,MLP,21,PRUNED,0.9122016660340415,89,False,235,106,3.401445518471271e-05,0.0011237447610318676
B,MLP,22,PRUNED,0.8644287375136432,86,False,164,76,2.777706821365178e-05,0.04155398593775326
B,MLP,23,PRUNED,0.8922970802428687,137,False,105,118,2.693165683731765e-05,0.004532154595511224
B,MLP,24,PRUNED,0.9121187346683736,54,False,130,44,2.6066717160020725e-05,0.0005187932123288581
B,MLP,25,PRUNED,0.9099524228192131,113,True,70,8,1.1995815843455977e-05,0.00011358233565579242
B,MLP,26,PRUNED,0.8964368923679964,154,False,214,71,5.562528630272906e-06,0.00017802697123675426
B,MLP,27,COMPLETE,0.9090010799981183,59,True,91,109,5.0199441641890605e-05,0.0017036176212181211
B,MLP,28,PRUNED,0.9055289738341418,94,True,84,96,3.95077524441532e-05,0.000744935108657828
B,MLP,29,PRUNED,0.8982512014840568,36,True,69,83,0.00034988819951249547,0.0013622789143577035
B,MLP,30,PRUNED,0.9092224855405079,86,True,109,26,1.3642372796783559e-06,0.00027840152572888686
B,MLP,31,COMPLETE,0.9107567122691682,74,False,130,77,0.0018249099943429387,0.00018666665868819743
B,MLP,32,PRUNED,0.9010739896798823,59,False,181,68,0.0037844118561306587,0.0002480781437898862
B,MLP,33,PRUNED,0.8950160558297005,45,False,131,98,0.00019526309170504445,0.0007550993822448078
B,MLP,34,PRUNED,0.8849847759009251,78,False,71,106,0.00426656341672832,0.0002621619818295481
B,MLP,35,PRUNED,0.8996385664056419,62,True,183,123,2.3803463609328006e-05,0.0025770416708405216
B,MLP,36,COMPLETE,0.9095915442556002,76,True,237,94,0.0002795746546064789,0.00018223099991433357
B,MLP,37,PRUNED,0.9128685373373526,109,True,231,123,0.0002953529068359091,0.00011825977792760074
B,MLP,38,COMPLETE,0.9101738462355369,68,True,84,32,0.0006875062519325589,0.00014003974445151118
B,MLP,39,PRUNED,0.8980491528780867,53,True,108,26,0.005031786608873675,0.0002265771243583011
B,MLP,40,COMPLETE,0.9125157666969622,60,True,236,102,0.004888545646869333,0.001336509609954538
B,MLP,41,PRUNED,0.8981350603617329,63,True,250,89,0.011958367215704887,0.0005776490653195359
B,MLP,42,PRUNED,0.8834706290303084,65,True,40,35,0.0008453344823719548,0.0006259113530021808
B,MLP,43,PRUNED,0.8820864890275604,100,True,49,20,0.0010181881672103924,0.00015849439638437494
B,MLP,44,PRUNED,0.8996299143114321,58,True,103,123,0.00162338190983035,0.00017407905063936051
B,MLP,45,COMPLETE,0.9131395127774635,59,True,201,53,0.00010571178311094377,0.0005016825064300059
B,MLP,46,PRUNED,0.8950944298713157,42,True,182,43,2.5572416734556137e-05,0.0024439647241992213
B,MLP,47,COMPLETE,0.9060575410220022,85,True,175,40,0.0024050403077848304,0.002898359339759694
B,MLP,48,PRUNED,0.8937578591630303,71,True,73,47,0.00020300285728262602,0.00015793008845959962
B,MLP,49,COMPLETE,0.9161235073274387,62,True,155,107,0.004095526717238461,0.004734392880286245
B,MLP,50,PRUNED,0.8953690703405479,93,True,104,120,0.0022265912233108377,0.005173772821539525
B,MLP,51,COMPLETE,0.9137545100520457,68,False,105,66,0.007697243072240795,0.011587077394962233
B,MLP,52,PRUNED,0.8996848497601415,104,False,113,86,0.018050308465266115,0.008494670632845083
B,MLP,53,PRUNED,0.8864430724597367,31,True,173,82,0.008831110017446048,0.005117152602800993
B,MLP,54,PRUNED,0.8703091358470256,61,False,194,63,0.013624549999757802,0.01132696367690373
B,MLP,55,COMPLETE,0.9131916939935071,58,False,87,50,0.004940129741597805,0.0049311357998858005
B,MLP,56,PRUNED,0.9010421572177537,59,False,65,38,0.0015517035195412156,0.012734774492456516
B,MLP,57,PRUNED,0.7772668782689269,61,False,78,61,0.004316936161629218,0.07688980892423723
B,MLP,58,PRUNED,0.8907129857232954,20,False,81,49,0.0018470643663711338,0.004143537634535548
B,MLP,59,PRUNED,0.9077641875584271,85,False,80,51,0.004453115532969441,0.0016396833064572613
B,MLP,60,COMPLETE,0.9166972510003903,70,True,82,8,0.04337693321695696,0.010462010511710857
B,MLP,61,PRUNED,0.8923544114711912,83,True,105,15,0.025716545905228854,0.019458950898725666
B,MLP,62,PRUNED,0.8937293577136679,94,True,226,115,0.007475805928497056,0.009258386183574148
B,MLP,63,PRUNED,0.8818128539822941,77,False,99,9,0.020382213890395764,0.010259205140711632
B,MLP,64,PRUNED,0.8966257683021076,71,True,30,9,0.0044763474706782476,0.01745643016717639
B,MLP,65,PRUNED,0.89383948389259,96,True,47,8,0.04465267306708221,0.009793073661017391
B,MLP,66,COMPLETE,0.9119348611855539,57,True,143,8,0.02350357630667009,0.00719918722093974
B,MLP,67,PRUNED,0.893848693866383,23,True,128,11,0.004712613939490763,0.01698811018508899
B,MLP,68,PRUNED,0.8761541552395244,56,True,223,8,0.016818267594259063,0.005556522436271909
B,MLP,69,PRUNED,0.8848350008829067,35,True,99,8,0.045579001700087204,0.01105931791321171
B,MLP,70,COMPLETE,0.9119787942320962,62,True,241,28,1.433237034033522e-05,0.0003454339612848712
B,MLP,71,PRUNED,0.896721142591451,104,True,238,50,5.610253532840487e-06,0.0005532653701758373
B,MLP,72,PRUNED,0.8952914098695024,29,True,221,18,1.3264943911913922e-06,0.0002926102313168301
B,MLP,73,PRUNED,0.8996804660421689,72,True,166,37,2.0001882907290122e-05,0.0006889359943897993
B,MLP,74,PRUNED,0.8658920856829906,41,False,39,79,0.027725251238315624,0.01624184975685903
B,MLP,75,PRUNED,0.8966746124717355,79,True,242,13,5.808740493390661e-06,0.00023540757338099492
B,MLP,76,PRUNED,0.898132678522237,57,True,83,10,0.05039724890400431,0.002461446691343946
B,MLP,77,PRUNED,0.8980779761250686,61,True,181,80,0.0006496925680632763,0.0011145450597910777
B,MLP,78,PRUNED,0.8967655035404568,102,True,147,8,0.003246790040283244,0.002640463468374636
B,MLP,79,PRUNED,0.9135777758636939,75,False,191,30,1.5801609030280591e-06,0.00010428597462789205
B,MLP,80,PRUNED,0.8980704910404957,47,False,100,85,0.06931342348714213,0.002154458953627613
B,MLP,81,PRUNED,0.8922387626697521,27,True,165,26,9.652703133932788e-05,0.00046906754355481004
B,MLP,82,PRUNED,0.9055000213354414,72,True,197,35,9.41313550416154e-06,0.00012401476504290807
B,MLP,83,COMPLETE,0.911233002320453,120,False,107,116,0.003755474229332026,0.00012503012941633685
B,MLP,84,PRUNED,0.9010812803919968,136,False,119,126,0.006721949025429058,0.00011306242612931652
B,MLP,85,PRUNED,0.8893646086343145,134,True,65,96,0.009963155290562492,0.00013240618114607338
B,MLP,86,PRUNED,0.9032028826581018,63,True,56,101,0.06784592536732235,0.00710692007092853
B,MLP,87,COMPLETE,0.9125123823666911,61,True,149,110,0.011293232016536798,0.002061404096437456
B,MLP,88,PRUNED,0.89934798732404,43,True,139,125,0.001994793863462325,0.008884059031528018
B,MLP,89,PRUNED,0.893747938750848,74,True,120,84,0.020822694427374087,0.003942477708536173
B,MLP,90,PRUNED,0.8801613735145667,45,True,205,122,0.01087392313738688,0.002411883559139144
B,MLP,91,PRUNED,0.8996560526493276,94,False,146,34,0.0012020994057228259,0.010905629694988907
B,MLP,92,PRUNED,0.8908087910923139,119,False,95,125,0.000498123725555657,0.00014857173824534226
B,MLP,93,PRUNED,0.8832159259502177,69,False,103,43,0.040138646353876664,0.025475880129851195
B,MLP,94,PRUNED,0.8996091301318917,68,False,80,111,0.0025417972275831374,0.009308634876766985
B,MLP,95,COMPLETE,0.9125171274141805,112,False,154,95,0.007080865733031155,0.0007874253212861081
B,MLP,96,PRUNED,0.8876439007727001,151,False,250,100,0.0012364740418883838,0.0009035214905598957
B,MLP,97,PRUNED,0.9025398736106909,121,False,230,115,0.02397616547124281,0.003927067836776156
B,MLP,98,COMPLETE,0.9095445668218638,117,False,139,52,0.004129492089283925,0.0017588249050486985
B,MLP,99,PRUNED,0.8599857267454166,50,False,17,15,6.777123502550818e-06,0.0004719039489803352
B,MLP,100,PRUNED,0.8980163216696819,112,False,138,93,0.0069508487768810915,0.0007163978255314475
B,MLP,101,PRUNED,0.8996672331576585,94,True,130,90,0.011751480104961328,0.0009167653686455362
B,MLP,102,PRUNED,0.8286602602423657,51,True,205,8,0.024278370368266963,0.099621834541227
B,MLP,103,COMPLETE,0.9166181957481839,133,False,78,45,0.005912348307686628,0.00022279149632093247
B,MLP,104,PRUNED,0.896571319483581,153,False,53,37,0.0002027170277274559,0.0002156676330077717
B,MLP,105,PRUNED,0.8982244590523827,155,False,41,21,0.016339658401957398,0.0003260331376857403
B,MLP,106,PRUNED,0.909985169773671,136,False,37,56,0.01818044478344953,0.0012587467305206178
B,MLP,107,PRUNED,0.9062087341472392,72,True,154,101,0.0011498408127598291,0.0016735152728524535
B,MLP,108,PRUNED,0.9010912364294306,66,True,100,48,0.00021719451860232738,0.027736826776521537
B,MLP,109,PRUNED,0.9068801448314281,144,False,119,30,0.059667882822684606,0.0002287824316919895
B,MLP,110,PRUNED,0.8830560836719556,83,True,77,8,0.006843167823385941,0.056784787624504326
B,MLP,111,COMPLETE,0.9131183640144048,65,False,165,18,0.0007115247420653081,0.000782009184398268
B,MLP,112,PRUNED,0.9076843317412434,102,False,72,46,0.0057869382387416264,0.00026421833238249434
B,MLP,113,PRUNED,0.8952860154935316,80,False,85,17,0.00240878955374651,0.0011144975318366926
B,MLP,114,COMPLETE,0.9137535715473091,64,False,151,8,0.0003635994976930902,0.0011653773146148942
B,MLP,115,PRUNED,0.8907538424719768,24,False,119,13,0.0005694991930025159,0.0005352022541288911
B,MLP,116,PRUNED,0.9151141163697487,59,False,128,13,0.00033424025515070224,0.004276888286565477
B,MLP,117,PRUNED,0.9150602725136743,103,False,221,9,0.00028074640112732207,0.000985998566171961
B,MLP,118,PRUNED,0.8922000505804538,62,False,151,10,0.0023744210946771475,0.0018354948662320937
B,MLP,119,PRUNED,0.8790464693097708,38,False,245,8,1.3230410360808856e-05,0.0008110315204085405
B,MLP,120,PRUNED,0.8832467354873934,44,False,193,35,0.002812237743545238,0.001612823505125454
B,MLP,121,PRUNED,0.732719018579561,126,False,40,105,9.143885993548111e-05,0.07411030442009994
B,MLP,122,PRUNED,0.8965919037431715,55,False,224,16,0.0014351396791340005,0.00010223961111533937
B,MLP,123,PRUNED,0.9054196665446044,55,False,103,9,4.4037617634513736e-05,0.0005638343184456319
B,MLP,124,COMPLETE,0.9107533471682794,58,False,220,24,1.676093826469259e-05,0.0005263382329233928
B,MLP,125,PRUNED,0.8815978237442963,102,True,20,15,3.119062764585445e-05,0.03789668147923763
B,MLP,126,PRUNED,0.8996195371594247,78,True,241,26,5.279858054886984e-05,0.0004431545945595541
B,MLP,127,PRUNED,0.9011416508641388,87,False,134,21,0.0003990461674657218,0.00046269250151635243
B,MLP,128,COMPLETE,0.9114208157011696,76,True,229,69,0.03388926298385511,0.002854872651136613
B,MLP,129,PRUNED,0.8922020701328163,42,True,172,52,0.0012951725800262322,0.0002871998385684537
B,MLP,130,PRUNED,0.895239275657633,74,True,73,10,0.006148155021705585,0.003824604723906995
B,MLP,131,PRUNED,0.871431985460063,158,True,36,33,0.0010432796671402478,0.0307913656282127
B,MLP,132,PRUNED,0.9077321806833308,81,True,201,57,0.01938566617653602,0.0031610711568272115
B,MLP,133,COMPLETE,0.9119526431998212,61,False,116,58,0.0064722360293888405,0.005415212057086069
B,MLP,134,PRUNED,0.883328944186855,68,False,18,70,0.018478598911979418,0.0002113132927867786
B,MLP,135,PRUNED,0.8878016040936481,136,False,42,51,0.0106225599890794,0.00012214056835185277
B,MLP,136,PRUNED,0.8995345380537587,21,False,197,75,7.720689374968494e-05,0.00931757683485014
B,MLP,137,PRUNED,0.8966067918516833,40,False,169,67,0.002707522391505066,0.004311593981704899
B,MLP,138,COMPLETE,0.917270923855306,60,True,125,16,0.031251687331644615,0.004530611675396061
B,MLP,139,PRUNED,0.8923435584047519,58,True,75,8,0.09295140198385024,0.007984740852765492
B,MLP,140,COMPLETE,0.9185437084889401,58,True,184,27,0.06877756532308661,0.0032233678100944685
B,MLP,141,PRUNED,0.896669987430402,75,False,107,40,0.005482807373439333,0.004086544769027629
B,MLP,142,COMPLETE,0.91616393623408,61,True,135,21,0.03649353884844363,0.0039393795682360205
B,MLP,143,PRUNED,0.8966985232834372,40,True,180,40,0.008232228694979572,0.005326049829796363
B,MLP,144,PRUNED,0.8980536695753825,75,True,162,19,0.014059023676484065,0.0035113501026281975
B,MLP,145,PRUNED,0.8937610711487594,20,True,141,16,0.06431188842756588,0.0011271000972961048
B,MLP,146,PRUNED,0.9150968741332024,104,True,85,24,0.014643985021957313,0.0017892952815599234
B,MLP,147,PRUNED,0.8967264204810603,54,True,92,25,0.046721876105876865,0.00410039327323045
B,MLP,148,COMPLETE,0.9125548044967682,60,True,136,63,3.321714695400057e-05,0.0007620806542801258
B,MLP,149,PRUNED,0.9107510611095547,71,True,165,20,0.07027196785662888,0.007552113704385954
B,SVM-lineal,0,COMPLETE,0.8653092254619181,76,True,3.907967156822881
B,SVM-lineal,1,PRUNED,0.861902764217432,43,True,157.41890047456639
B,SVM-lineal,2,COMPLETE,0.880145269101072,110,True,659.871107205407
B,SVM-lineal,3,COMPLETE,0.8961621542428866,145,True,0.012601639723276799
B,SVM-lineal,4,PRUNED,0.8646666428818148,65,True,0.055895242052179224
B,SVM-lineal,5,PRUNED,0.8718986741251493,112,False,0.1578232781079558
B,SVM-lineal,6,PRUNED,0.848230090493364,88,True,1.2173252504194043
B,SVM-lineal,7,PRUNED,0.8661722933360774,109,False,0.010547383621352036
B,SVM-lineal,8,PRUNED,0.8486514062451028,29,False,70.85721663941601
B,SVM-lineal,9,PRUNED,0.867625358585707,65,False,0.4374364439939078
B,SVM-lineal,10,PRUNED,0.8873668501297316,161,True,0.001959351783384089
B,SVM-lineal,11,PRUNED,0.8700351410390769,129,True,558.3036251773217
B,SVM-lineal,12,PRUNED,0.8714054359714503,167,True,1.0014119052377968
B,SVM-lineal,13,PRUNED,0.8857226320521556,106,False,65.00360715624453
B,SVM-lineal,14,COMPLETE,0.8957043335396732,123,True,0.008234637873422015
B,SVM-lineal,15,PRUNED,0.8845015815844703,114,True,0.0026217872623110084
B,SVM-lineal,16,COMPLETE,0.8902056546956043,129,True,0.05751265648141222
B,SVM-lineal,17,PRUNED,0.8760245124262327,149,True,0.06542679802679843
B,SVM-lineal,18,PRUNED,0.8765206475949092,155,False,0.003200152721112044
B,SVM-lineal,19,PRUNED,0.8589208957602587,85,True,0.003194664113134531
B,SVM-lineal,20,PRUNED,0.8730128810200588,151,False,0.8154732578843107
B,SVM-lineal,21,PRUNED,0.8893307928297004,113,True,0.0728993472144627
B,SVM-lineal,22,COMPLETE,0.8961250724535077,122,True,0.03143023539491026
B,SVM-lineal,23,PRUNED,0.8736112841495659,131,True,0.0012392667512966227
B,SVM-lineal,24,COMPLETE,0.8944277850846337,119,True,0.024610935634139807
B,SVM-lineal,25,PRUNED,0.8967980978244723,157,True,0.014359412683443767
B,SVM-lineal,26,PRUNED,0.8574074498674877,79,False,0.0020094371937852905
B,SVM-lineal,27,PRUNED,0.8183894802142297,24,False,0.007896338377498757
B,SVM-lineal,28,PRUNED,0.8761491183339891,115,True,0.231965901750839
B,SVM-lineal,29,PRUNED,0.8500935709445743,21,True,0.07479593166172943
B,SVM-lineal,30,PRUNED,0.8757820046125436,134,True,1.5372488687005663
B,SVM-lineal,31,PRUNED,0.885724895315664,110,True,0.04330167066438566
B,SVM-lineal,32,PRUNED,0.893213477840819,122,True,0.005068567625561118
B,SVM-lineal,33,COMPLETE,0.8944645696609967,122,True,0.01987911942375244
B,SVM-lineal,34,PRUNED,0.8975062028106318,139,True,0.031601635275457826
B,SVM-lineal,35,COMPLETE,0.8968004468187862,130,True,0.021655524938703787
B,SVM-lineal,36,PRUNED,0.8983383285975626,135,True,0.005020786125383638
B,SVM-lineal,37,PRUNED,0.8878917580172231,160,True,0.029197256774475714
B,SVM-lineal,38,PRUNED,0.8954521378230951,136,False,0.028252440004964366
B,SVM-lineal,39,PRUNED,0.8655813418993251,169,False,143.84648405222237
B,SVM-lineal,40,COMPLETE,0.8968015635218656,134,True,0.01090219416615343
B,SVM-lineal,41,COMPLETE,0.8974113127790497,132,True,0.010652854568286156
B,SVM-lineal,42,PRUNED,0.8989622234593297,141,True,0.027383310237417503
B,SVM-lineal,43,COMPLETE,0.8984648553677932,145,True,0.01949524838578936
B,SVM-lineal,44,PRUNED,0.8835509638880641,155,True,0.0030954312604836737
B,SVM-lineal,45,PRUNED,0.8818810603724054,155,True,0.039745125469757836
B,SVM-lineal,46,PRUNED,0.8821884697732663,147,True,0.002591991946721716
B,SVM-lineal,47,PRUNED,0.8795615923188954,123,False,0.0058055862786657725
B,SVM-lineal,48,PRUNED,0.8643421309687467,62,True,621.464302026965
B,SVM-lineal,49,PRUNED,0.8669464121839189,143,True,0.1884312738575517
B,SVM-lineal,50,COMPLETE,0.89623611868758,134,True,0.009700618421435978
B,SVM-lineal,51,PRUNED,0.8821621028460789,138,True,0.006100120580171395
B,SVM-lineal,52,PRUNED,0.8586469728238697,56,True,8.859396994472153
B,SVM-lineal,53,COMPLETE,0.8979116376966191,135,True,0.023101052021513132
B,SVM-lineal,54,COMPLETE,0.9031734552999359,135,True,0.03762591696896909
B,SVM-lineal,55,PRUNED,0.8674828041117114,103,False,2.0670510360775642
B,SVM-lineal,56,PRUNED,0.8805004890502106,132,True,0.09454479012726663
B,SVM-lineal,57,PRUNED,0.8774594210572034,142,True,0.07293197006439468
B,SVM-lineal,58,PRUNED,0.861639778299889,102,True,0.008315354626021496
B,SVM-lineal,59,COMPLETE,0.8996769573331944,135,True,0.026990345724013612
B,SVM-lineal,60,PRUNED,0.8701983813923772,167,False,0.0692486450478786
B,SVM-lineal,61,PRUNED,0.896718257713017,130,True,0.0486227725662327
B,SVM-lineal,62,COMPLETE,0.8973632179702669,130,True,0.028936205707361076
B,SVM-lineal,63,PRUNED,0.8848153538436547,139,True,0.0764110361617637
B,SVM-lineal,64,COMPLETE,0.8968084834076728,132,True,0.012658401599467843
B,SVM-lineal,65,PRUNED,0.8640843218965134,170,True,52.04562102144845
B,SVM-lineal,66,PRUNED,0.8717004934654655,98,True,0.10701582340773089
B,SVM-lineal,67,PRUNED,0.8774166294279594,156,True,0.11924941462768972
B,SVM-lineal,68,PRUNED,0.8601095616330163,57,False,74.10351974334259
B,SVM-lineal,69,PRUNED,0.8807435408147228,119,True,0.013828153848498507
B,SVM-lineal,70,PRUNED,0.8701853843898522,121,True,0.27637064726201394
B,SVM-lineal,71,PRUNED,0.8707027316169369,118,True,0.0011786161205438216
B,SVM-lineal,72,COMPLETE,0.8985522752830386,133,True,0.011989719930581223
B,SVM-lineal,73,COMPLETE,0.8979896132737661,139,True,0.012617537605590624
B,SVM-lineal,74,PRUNED,0.8849279051499849,165,True,0.012441552181463944
B,SVM-lineal,75,PRUNED,0.8569575796089112,99,True,26.470762973746865
B,SVM-lineal,76,PRUNED,0.9011688313235295,133,True,0.019791825326432363
B,SVM-lineal,77,PRUNED,0.876082001798761,124,False,0.24984623770964226
B,SVM-lineal,78,PRUNED,0.8952573043164015,138,True,0.037911176522851184
B,SVM-lineal,79,COMPLETE,0.8973916769177425,143,True,0.00905369807517315
B,SVM-lineal,80,PRUNED,0.8749680021049251,160,True,0.001178571081689664
B,SVM-lineal,81,COMPLETE,0.8997254078823262,144,True,0.009907587807403
B,SVM-lineal,82,PRUNED,0.899009367591746,143,True,0.0130238917846007
B,SVM-lineal,83,PRUNED,0.8946571816714636,148,True,0.005246739018874536
B,SVM-lineal,84,PRUNED,0.8945832719428172,157,True,0.021705003876212894
B,SVM-lineal,85,PRUNED,0.8865848734249538,132,True,0.004100550179915521
B,SVM-lineal,86,PRUNED,0.885127945836219,142,True,0.0048801050109037285
B,SVM-lineal,87,PRUNED,0.898252527110677,139,True,0.029473124213807173
B,SVM-lineal,88,PRUNED,0.8837694434364178,141,False,0.005775659943549049
B,SVM-lineal,89,PRUNED,0.8833785760391338,168,True,0.03721850621216009
B,SVM-lineal,90,PRUNED,0.8792785586458899,116,True,0.007719604728276118
B,SVM-lineal,91,PRUNED,0.8791660010078036,120,True,0.08781756373298147
B,SVM-lineal,92,COMPLETE,0.8985066927900585,133,True,0.01970278734305235
B,SVM-lineal,93,PRUNED,0.8821605735478601,138,True,0.007655672359389129
B,SVM-lineal,94,PRUNED,0.8835811597495729,135,True,0.016685877468967124
B,SVM-lineal,95,PRUNED,0.8803491090512463,137,True,0.200262172057818
B,SVM-lineal,96,PRUNED,0.8749146255717306,138,True,0.0012955562658556457
B,SVM-lineal,97,PRUNED,0.8865576956372714,112,True,0.020466485377094213
B,SVM-lineal,98,PRUNED,0.8819001078236723,146,True,0.05899869289541033
B,SVM-lineal,99,PRUNED,0.8960532213277328,155,True,0.010197854120772041
B,SVM-lineal,100,PRUNED,0.8968134200494444,124,True,0.019283672287526882
B,SVM-lineal,101,PRUNED,0.8983521840774196,129,True,0.01262237724092678
B,SVM-lineal,102,PRUNED,0.8444588274859882,21,False,0.4743365546042135
B,SVM-lineal,103,PRUNED,0.8775592181831015,131,True,0.1232011272926254
B,SVM-lineal,104,PRUNED,0.8983017207572476,127,True,0.027544317138281184
B,SVM-lineal,105,PRUNED,0.878971447460377,141,True,0.0374188748703229
B,SVM-lineal,106,PRUNED,0.8865871243267294,135,True,0.010145400522485071
B,SVM-lineal,107,PRUNED,0.8792748958603946,112,True,0.01269886833302759
B,SVM-lineal,108,PRUNED,0.875725689307783,152,True,0.9397963573622196
B,SVM-lineal,109,PRUNED,0.867681467161395,95,False,0.015205126695044613
B,SVM-lineal,110,PRUNED,0.8686354201747224,131,False,92.74135430940036
B,SVM-lineal,111,PRUNED,0.8961294704380004,131,True,0.006601331744003126
B,SVM-lineal,112,PRUNED,0.8864130851449404,142,True,0.029279879875211523
B,SVM-lineal,113,COMPLETE,0.8997063684668867,142,True,0.01230604643984646
B,SVM-lineal,114,PRUNED,0.8952758250031956,153,True,0.015853462074768666
B,SVM-lineal,115,PRUNED,0.8983509345713994,142,True,0.005944974774113128
B,SVM-lineal,116,PRUNED,0.8922431875967239,133,True,0.0747673126241767
B,SVM-lineal,117,PRUNED,0.8945490524038584,151,True,0.012923356534938316
B,SVM-lineal,118,PRUNED,0.8806062916005162,109,True,0.05725449613659005
B,SVM-lineal,119,PRUNED,0.849680899887236,85,False,651.788657756729
B,SVM-lineal,120,PRUNED,0.8852700926137338,122,True,0.0026464532460704834
B,SVM-lineal,121,PRUNED,0.8851994943907346,137,False,0.027790305889124123
B,SVM-lineal,122,COMPLETE,0.89623611868758,134,True,0.009737772365300025
B,SVM-lineal,123,PRUNED,0.8833870406810302,138,True,0.05306221296514244
B,SVM-lineal,124,PRUNED,0.8851272731975767,139,True,0.005547010222519804
B,SVM-lineal,125,PRUNED,0.9004936695534952,119,True,0.02403820172157484
B,SVM-lineal,126,PRUNED,0.8760434619359591,154,True,0.05284251923508001
B,SVM-lineal,127,PRUNED,0.8983208277599357,141,True,0.004554637983473964
B,SVM-lineal,128,PRUNED,0.8996796659491236,122,True,0.0307384736412785
B,SVM-lineal,129,PRUNED,0.8762505662380919,170,True,0.0018799454317517715
B,SVM-lineal,130,PRUNED,0.8820089597609915,129,True,0.09872063015214072
B,SVM-lineal,131,PRUNED,0.8837048521442532,124,True,0.004343450521607629
B,SVM-lineal,132,PRUNED,0.8989276838514209,147,True,0.022618141306551466
B,SVM-lineal,133,PRUNED,0.8851231806193836,135,True,0.013407529985224405
B,SVM-lineal,134,PRUNED,0.8601846591236777,50,True,0.012537567357934673
B,SVM-lineal,135,PRUNED,0.900514868422395,137,True,0.009448883078645588
B,SVM-lineal,136,PRUNED,0.8632908599399869,106,True,0.001907203678348308
B,SVM-lineal,137,PRUNED,0.8863116971676168,146,True,0.042749871710622334
B,SVM-lineal,138,PRUNED,0.8982439643247339,133,True,0.017678792657557223
B,SVM-lineal,139,PRUNED,0.885102580706437,145,True,0.004933478019882288
B,SVM-lineal,140,PRUNED,0.893062164099877,119,True,0.05231522003546246
B,SVM-lineal,141,PRUNED,0.8968360939862526,127,True,0.01834938766069825
B,SVM-lineal,142,PRUNED,0.8848579897625334,135,True,0.1394649475140911
B,SVM-lineal,143,PRUNED,0.8822192022781576,119,True,0.00894277166454643
B,SVM-lineal,144,PRUNED,0.9003992669350291,148,True,0.02131275899019667
B,SVM-lineal,145,PRUNED,0.857566256262827,123,False,0.0014294121179931876
B,SVM-lineal,146,PRUNED,0.8573558463963085,30,True,438.42592933828996
B,SVM-lineal,147,PRUNED,0.8837447376911692,131,True,0.0022219892745828198
B,SVM-lineal,148,PRUNED,0.8960025066447537,139,True,0.03728724977655766
B,SVM-lineal,149,PRUNED,0.8729215026913979,168,True,0.17390590601323605
B,SVM-RBF,0,COMPLETE,0.9172114485307141,76,True,39.07967156822882,scale,
B,SVM-RBF,1,PRUNED,0.41519627917290597,150,False,0.013289448722869189,scale,
B,SVM-RBF,2,PRUNED,0.8135727802639401,47,False,14.077923139972402,value,6.870101665590028e-05
B,SVM-RBF,3,PRUNED,0.8750069921913755,64,False,514.1096648805745,value,1.8997763474111268e-05
B,SVM-RBF,4,COMPLETE,0.9208000119002678,111,True,4935.296209402097,scale,
B,SVM-RBF,5,PRUNED,0.6001505223560075,34,True,0.05397956855996446,value,0.0003570095960030948
B,SVM-RBF,6,COMPLETE,0.9273166484398997,120,False,19.06609163818846,auto,
B,SVM-RBF,7,PRUNED,0.9025922092433198,161,True,3398.1724150105933,auto,
B,SVM-RBF,8,PRUNED,0.8586700714061437,69,True,938.4800715909536,value,7.007213496896404e-05
B,SVM-RBF,9,PRUNED,0.0,141,False,430.00015861626076,value,0.17423847570785803
B,SVM-RBF,10,PRUNED,0.9159068905278009,96,False,2.259709006936544,auto,
B,SVM-RBF,11,PRUNED,0.9261222179635429,97,False,2212.676540216801,scale,
B,SVM-RBF,12,PRUNED,0.9084900486278764,153,False,28.23668905497395,auto,
B,SVM-RBF,13,PRUNED,0.9069252863353523,68,True,3627.105554000298,scale,
B,SVM-RBF,14,PRUNED,0.9158742293884677,151,True,33.482220261164564,scale,
B,SVM-RBF,15,PRUNED,0.929084583159299,133,True,1695.0725527165598,scale,
B,SVM-RBF,16,PRUNED,0.0,111,True,0.038332411600047626,value,7.548105511070894
B,SVM-RBF,17,COMPLETE,0.9219823397938335,112,True,4.932377782865655,auto,
B,SVM-RBF,18,PRUNED,0.8791634133107291,71,True,0.4358044250375457,auto,
B,SVM-RBF,19,PRUNED,0.9268643592403913,130,True,8.770135537409573,auto,
B,SVM-RBF,20,PRUNED,0.7948406299334063,72,False,0.05853658504781706,scale,
B,SVM-RBF,21,PRUNED,0.9129032429876476,107,False,9754.855294955041,auto,
B,SVM-RBF,22,COMPLETE,0.9243199953744664,113,True,16.643148850166764,value,0.011827196553702766
B,SVM-RBF,23,COMPLETE,0.9284887307319287,120,True,14.385621704595414,value,0.0072240284349265
B,SVM-RBF,24,PRUNED,0.9202761392984877,116,True,37.50896957436361,value,0.008229867836858614
B,SVM-RBF,25,PRUNED,0.8452432035608157,134,False,4.316247104105885,value,0.027261347814598002
B,SVM-RBF,26,PRUNED,0.9070552828893639,141,True,0.961890856659146,value,0.004925083625905568
B,SVM-RBF,27,PRUNED,0.9268983838958029,113,True,1.1204424654315435,scale,
B,SVM-RBF,28,PRUNED,0.9173221955172182,111,False,17.986216762357657,scale,
B,SVM-RBF,29,PRUNED,0.0,76,True,11.080648469963075,value,0.39151630214453065
B,SVM-RBF,30,PRUNED,0.8966941782959186,169,True,46.068881806597425,value,0.002186830342310971
B,SVM-RBF,31,PRUNED,0.9158222739714501,92,True,32.90289740051919,auto,
B,SVM-RBF,32,PRUNED,0.7640759743306742,109,True,17.27653666379499,value,0.04475866335150091
B,SVM-RBF,33,PRUNED,0.9143776136197435,87,False,31.68459887398278,auto,
B,SVM-RBF,34,PRUNED,0.030106142246102474,156,False,0.010348792183735132,auto,
B,SVM-RBF,35,PRUNED,0.9291108804107687,118,False,30.588516747807823,auto,
B,SVM-RBF,36,PRUNED,0.8630529732374229,123,True,0.10343313155358534,auto,
B,SVM-RBF,37,PRUNED,0.917280230724034,128,True,12.419296989081516,value,0.0014961095580029473
B,SVM-RBF,38,PRUNED,0.924730646361027,106,True,1.0267967820056418,auto,
B,SVM-RBF,39,PRUNED,0.9188187503941689,28,True,4.9324017048869315,scale,
B,SVM-RBF,40,PRUNED,0.8877734913297971,22,False,310.5760806640872,auto,
B,SVM-RBF,41,COMPLETE,0.9261116438600261,117,True,590.6739349325372,scale,
B,SVM-RBF,42,PRUNED,0.8995679542994852,163,False,207.94336979116588,scale,
B,SVM-RBF,43,PRUNED,0.9188079690555321,84,True,199.3659452999576,scale,
B,SVM-RBF,44,PRUNED,0.1831587116311134,102,True,880.9456244474004,value,0.09531524380934284
B,SVM-RBF,45,PRUNED,0.9283696209206354,110,True,45.36049846634571,scale,
B,SVM-RBF,46,PRUNED,0.7853945967623503,38,False,0.11353513830816864,auto,
B,SVM-RBF,47,PRUNED,0.8750494871043935,86,False,4.377758261289148,value,0.0022654614471804896
B,SVM-RBF,48,PRUNED,0.9284333925874583,120,False,2.868614273544017,auto,
B,SVM-RBF,49,PRUNED,0.0,130,True,270.8294535436957,value,1.2535910149887894
B,SVM-RBF,50,COMPLETE,0.9237486980182055,115,True,3113.283816905414,scale,
B,SVM-RBF,51,PRUNED,0.9283457064611425,113,True,821.1500155300912,scale,
B,SVM-RBF,52,PRUNED,0.9276367717664057,104,True,8479.918949799909,scale,
B,SVM-RBF,53,PRUNED,0.9143613957352035,136,True,5711.351188079744,scale,
B,SVM-RBF,54,COMPLETE,0.9237432224769057,112,True,97.08744316064426,auto,
B,SVM-RBF,55,PRUNED,0.9268915835200364,101,True,316.08838805748707,auto,
B,SVM-RBF,56,PRUNED,0.9127991402621412,111,False,108.24275975719897,value,0.017829727550808045
B,SVM-RBF,57,PRUNED,0.918823030736615,125,True,1778.8639790787863,auto,
B,SVM-RBF,58,PRUNED,0.9187985801552301,119,True,298.2612181189221,auto,
B,SVM-RBF,59,PRUNED,0.9024187494432441,40,False,6214.286807130901,scale,
B,SVM-RBF,60,PRUNED,0.90387310086667,47,False,20.914967369815,scale,
B,SVM-RBF,61,PRUNED,0.8677090836178595,105,True,1.9406909586185035,value,0.0006173213405959126
B,SVM-RBF,62,COMPLETE,0.9219803746468148,111,True,12.598740983102521,auto,
B,SVM-RBF,63,PRUNED,0.9173557653950521,146,True,1.6535279194420365,auto,
B,SVM-RBF,64,COMPLETE,0.9261116438600261,117,True,476.27982339117824,scale,
B,SVM-RBF,65,COMPLETE,0.9255150657017243,128,True,230.2165971195097,scale,
B,SVM-RBF,66,PRUNED,0.9143375422074562,141,True,167.697077452487,scale,
B,SVM-RBF,67,COMPLETE,0.9267172214620156,122,True,215.197266188639,scale,
B,SVM-RBF,68,PRUNED,0.9203052751656372,113,True,61.982154230128785,scale,
B,SVM-RBF,69,PRUNED,0.9158101610186653,142,True,43.712572916542904,scale,
B,SVM-RBF,70,PRUNED,0.9158605837194694,117,False,386.03388864986255,scale,
B,SVM-RBF,71,PRUNED,0.9202951627358331,119,True,839.465223395487,scale,
B,SVM-RBF,72,COMPLETE,0.9261351708146515,123,True,233.2362301071872,scale,
B,SVM-RBF,73,COMPLETE,0.9290896168692677,121,True,153.66573483573208,scale,
B,SVM-RBF,74,PRUNED,0.9298328160964247,115,True,400.8269029402256,scale,
B,SVM-RBF,75,PRUNED,0.918823030736615,125,True,114.72111764109789,scale,
B,SVM-RBF,76,PRUNED,0.9172975952807021,137,False,350.36128047942407,auto,
B,SVM-RBF,77,PRUNED,0.9203052751656372,113,True,87.80587157458625,scale,
B,SVM-RBF,78,PRUNED,0.9084871690385344,153,True,835.7854723016455,scale,
B,SVM-RBF,79,PRUNED,0.8603075846100907,26,True,2355.003622781153,value,1.1637278042042839e-05
B,SVM-RBF,80,PRUNED,0.9187639123069511,137,True,277.3670552919648,scale,
B,SVM-RBF,81,PRUNED,0.9129629225396099,147,False,2.513020405961453,scale,
B,SVM-RBF,82,PRUNED,0.8992161147205497,91,True,64.26463895336347,value,0.03568990709990837
B,SVM-RBF,83,PRUNED,0.0,122,True,16.578919376446407,value,0.4348025227279041
B,SVM-RBF,84,PRUNED,0.9173338197907348,98,True,337.9403232147736,scale,
B,SVM-RBF,85,COMPLETE,0.9261351708146515,123,True,10.467083697481634,scale,
B,SVM-RBF,86,PRUNED,0.9173203220238355,124,True,25.771672382786882,scale,
B,SVM-RBF,87,PRUNED,0.9202559916156088,127,True,7.076163220466717,scale,
B,SVM-RBF,88,PRUNED,0.9054756568443261,34,True,10.62574312208453,auto,
B,SVM-RBF,89,COMPLETE,0.9261351708146515,123,True,389.47442402005964,scale,
B,SVM-RBF,90,PRUNED,0.9283519740642303,97,True,16.20260379978599,scale,
B,SVM-RBF,91,PRUNED,0.9070308439731065,164,True,1.2397864336913047,scale,
B,SVM-RBF,92,COMPLETE,0.9267172214620156,122,True,323.3551142954892,scale,
B,SVM-RBF,93,COMPLETE,0.9261116438600261,117,True,453.2734955366267,scale,
B,SVM-RBF,94,PRUNED,0.9143271482583792,136,False,20.84351774633209,auto,
B,SVM-RBF,95,PRUNED,0.9143271482583792,135,False,2630.7879292972366,scale,
B,SVM-RBF,96,COMPLETE,0.9267172214620156,122,True,393.656794224963,scale,
B,SVM-RBF,97,PRUNED,0.918783030090606,126,True,314.95041952702564,scale,
B,SVM-RBF,98,PRUNED,0.9129032429876476,107,False,12.507719634407346,auto,
B,SVM-RBF,99,PRUNED,0.9305516553985154,128,True,80.77770480010902,scale,
B,SVM-RBF,100,PRUNED,0.0,137,True,3170.661483013768,value,5.831641626601361
B,SVM-RBF,101,PRUNED,0.5427807756966584,51,False,0.16682696125036087,value,0.00018439715687408131
B,SVM-RBF,102,PRUNED,0.9173882051691077,109,True,327.55427827511784,scale,
B,SVM-RBF,103,COMPLETE,0.9261116438600261,117,True,783.4585251599163,scale,
B,SVM-RBF,104,PRUNED,0.9202619806561206,131,True,535.7037520824666,scale,
B,SVM-RBF,105,COMPLETE,0.9279232260694412,121,True,2.1412729713328864,scale,
B,SVM-RBF,106,PRUNED,0.8482258261179171,137,True,0.07366345425610774,scale,
B,SVM-RBF,107,PRUNED,0.9202631605328808,93,True,7.090749912760519,scale,
B,SVM-RBF,108,PRUNED,0.918823030736615,125,True,18.33521854293569,scale,
B,SVM-RBF,109,PRUNED,0.909896936689898,56,True,2483.3170369260524,auto,
B,SVM-RBF,110,PRUNED,0.9026773738264776,91,True,0.684120802713758,scale,
B,SVM-RBF,111,PRUNED,0.915802370065609,91,True,1015.2000406248466,scale,
B,SVM-RBF,112,PRUNED,0.9305516553985154,128,True,946.6732002355848,scale,
B,SVM-RBF,113,PRUNED,0.9071250006219311,107,False,2.347072579612287,scale,
B,SVM-RBF,114,PRUNED,0.9269005658996078,129,True,0.8481778122432592,scale,
B,SVM-RBF,115,PRUNED,0.9173882051691077,109,True,85.3225075096026,scale,
B,SVM-RBF,116,COMPLETE,0.9243914633965783,120,True,1.2636120555256027,scale,
B,SVM-RBF,117,PRUNED,0.9202602447849779,148,True,120.77764671607316,scale,
B,SVM-RBF,118,PRUNED,0.9305589735458805,112,True,240.40679321064533,scale,
B,SVM-RBF,119,PRUNED,0.8865273273405108,138,True,3.017466407152682,value,0.0005387321965051265
B,SVM-RBF,120,COMPLETE,0.9261351708146515,123,True,569.3875945333722,scale,
B,SVM-RBF,121,PRUNED,0.8908998318994727,170,False,1.1573927875031236,auto,
B,SVM-RBF,122,PRUNED,0.9202445624495235,139,True,4602.390696365893,scale,
B,SVM-RBF,123,PRUNED,0.9298328160964247,115,True,799.2871776904045,scale,
B,SVM-RBF,124,PRUNED,0.9276019842436994,130,True,407.54234777730215,scale,
B,SVM-RBF,125,COMPLETE,0.9267172214620156,122,True,162.5230892031782,scale,
B,SVM-RBF,126,PRUNED,0.9202559916156088,127,True,8.361704202957574,scale,
B,SVM-RBF,127,COMPLETE,0.9290896168692677,121,True,56.629397181137676,scale,
B,SVM-RBF,128,PRUNED,0.7705826885109263,53,True,0.025438648271760227,scale,
B,SVM-RBF,129,COMPLETE,0.9261351708146515,123,True,23.735665905103744,scale,
B,SVM-RBF,130,PRUNED,0.9158101610186653,142,True,19.366278947613107,scale,
B,SVM-RBF,131,PRUNED,0.9099394275752414,155,True,233.085154168878,auto,
B,SVM-RBF,132,COMPLETE,0.9261351708146515,123,True,46.097457713054915,scale,
B,SVM-RBF,133,PRUNED,0.9143871578433693,109,False,75.31967782373187,scale,
B,SVM-RBF,134,PRUNED,0.9202951627358331,119,True,20.63992868238311,scale,
B,SVM-RBF,135,PRUNED,0.9283563477247401,111,True,7.92260209120649,scale,
B,SVM-RBF,136,COMPLETE,0.9261351708146515,123,True,90.00212136366359,scale,
B,SVM-RBF,137,PRUNED,0.9202445624495235,139,True,117.91861541156389,scale,
B,SVM-RBF,138,PRUNED,0.0,103,False,0.019932429492857406,value,0.9923980159711326
B,SVM-RBF,139,PRUNED,0.8704896618050997,109,True,268.7947697544351,value,1.0760289111207555e-05
B,SVM-RBF,140,PRUNED,0.9291108804107687,118,False,363.37902813294204,auto,
B,SVM-RBF,141,PRUNED,0.8819804130641635,83,False,3415.9836767853753,value,0.00020392613266086314
B,SVM-RBF,142,COMPLETE,0.9261351708146515,123,True,21.069164107779905,scale,
B,SVM-RBF,143,PRUNED,0.918823030736615,125,True,46.047519195672876,scale,
B,SVM-RBF,144,PRUNED,0.9173682105367211,107,True,46.107807150060964,scale,
B,SVM-RBF,145,PRUNED,0.9187639123069511,137,True,148.48153453800964,scale,
B,SVM-RBF,146,PRUNED,0.0,146,True,64.31491906573943,value,0.23182289888593108
B,SVM-RBF,147,PRUNED,0.92467984173757,99,True,59.8366571388489,scale,
B,SVM-RBF,148,PRUNED,0.9305516553985154,128,True,88.85002460800003,scale,
B,SVM-RBF,149,PRUNED,0.8223344224110989,93,False,0.09994556985486108,auto,
B,SVM-polinomial,0,COMPLETE,0.9048717444565177,76,True,9.846738873614559,2,0.46798356100860794
B,SVM-polinomial,1,PRUNED,0.8836028553651671,28,True,34.70266988650411,2,2.909729556485983
B,SVM-polinomial,2,PRUNED,0.9085954786347485,145,True,0.08260808399079603,3,1.5742692948967134
B,SVM-polinomial,3,PRUNED,0.8735494026306032,85,False,0.04982752357076448,3,1.099085529881075
B,SVM-polinomial,4,COMPLETE,0.9154397646949286,88,True,3.725393839578884,4,0.13935123815999317
B,SVM-polinomial,5,COMPLETE,0.9155089754365007,111,True,555.1721685244722,5,2.4251920443493833
B,SVM-polinomial,6,PRUNED,0.8909195784812339,65,False,1.587678152692399,2,1.4855307303338106
B,SVM-polinomial,7,PRUNED,0.8833429116055207,25,True,20.54051942538844,3,1.5602040635334324
B,SVM-polinomial,8,PRUNED,0.9114604619820034,102,False,75.10418138777538,5,2.6844820512829464
B,SVM-polinomial,9,PRUNED,0.8719165804419312,110,True,0.09548041810464164,2,0.975990992289793
B,SVM-polinomial,10,COMPLETE,0.9190800574908167,143,True,231.51826852036592,5,1.6300627657972249
B,SVM-polinomial,11,COMPLETE,0.9267210172698803,128,True,221.96427218075172,5,1.5035014344716733
B,SVM-polinomial,12,PRUNED,0.9055423493686259,162,True,143.78193304942062,4,1.3018028687923575
B,SVM-polinomial,13,COMPLETE,0.923719185511853,133,True,190.8167394032093,5,0.43074527892734626
B,SVM-polinomial,14,PRUNED,0.9068136092179206,115,False,12.306568381487864,5,0.39984466497002513
B,SVM-polinomial,15,PRUNED,0.919490742982325,86,False,670.6654925888645,4,1.235529739907228
B,SVM-polinomial,16,PRUNED,0.9130112457365485,101,True,249.71460680335272,5,0.5170867610800636
B,SVM-polinomial,17,PRUNED,0.8951158534834294,164,True,654.23379508728,5,0.5738488712997817
B,SVM-polinomial,18,PRUNED,0.8951276011504274,170,False,0.6749028695352286,5,1.4879434686789808
B,SVM-polinomial,19,PRUNED,0.9026312298469266,159,True,2.041316418837134,5,2.539868460875381
B,SVM-polinomial,20,PRUNED,0.899624765783124,90,True,446.0365369845745,3,1.452616875418655
B,SVM-polinomial,21,PRUNED,0.9231827294987803,139,False,960.197210286968,5,1.7832448088416566
B,SVM-polinomial,22,COMPLETE,0.9255556973726353,126,True,37.39567976629043,5,1.3101844901933997
B,SVM-polinomial,23,PRUNED,0.9239817503402852,113,True,2.9898780929227016,5,1.8877224969791104
B,SVM-polinomial,24,PRUNED,0.9144380822438467,111,True,33.94689165925556,5,1.4924957733233
B,SVM-polinomial,25,PRUNED,0.912857804617109,140,False,8.871407103805046,2,1.3115418351952282
B,SVM-polinomial,26,PRUNED,0.91439299730161,140,True,2.8503354435613284,5,0.33937955843102774
B,SVM-polinomial,27,PRUNED,0.9008982118136412,155,False,210.64932505330322,4,0.10156162622026155
B,SVM-polinomial,28,PRUNED,0.9055160079776223,123,True,102.82327417281194,4,0.024819005071250566
B,SVM-polinomial,29,PRUNED,0.8458032459273845,167,False,0.01436857629361503,2,2.7386517702157205
B,SVM-polinomial,30,PRUNED,0.9129707008762069,126,True,6.281732889582815,3,2.3761736017746338
B,SVM-polinomial,31,PRUNED,0.9026355661258518,161,True,99.72701974412496,5,2.1318675133587135
B,SVM-polinomial,32,COMPLETE,0.9255472742830374,134,True,91.05082460003258,5,1.3573997324326021
B,SVM-polinomial,33,PRUNED,0.9254090428502834,98,True,989.9205726837013,5,1.4413342271485465
B,SVM-polinomial,34,PRUNED,0.9040286022274442,162,True,3.920662390371045,5,1.254516614331382
B,SVM-polinomial,35,PRUNED,0.7654510486764433,28,True,0.014535020101288754,2,0.8057806348058232
B,SVM-polinomial,36,COMPLETE,0.9243655335037066,129,True,80.46393363166366,5,0.978089727868382
B,SVM-polinomial,37,COMPLETE,0.9261487935997319,126,True,99.39384724214344,5,1.2954012051397399
B,SVM-polinomial,38,PRUNED,0.9261649399496054,114,False,35.238941365633266,5,1.3716635144903895
B,SVM-polinomial,39,COMPLETE,0.9249554660050417,129,True,32.55737338554485,4,1.2319685147022632
B,SVM-polinomial,40,PRUNED,0.9187776337504594,80,False,0.025802094735698184,5,2.860366722617317
B,SVM-polinomial,41,PRUNED,0.9283726069716874,131,True,23.190038825534813,4,1.390492347314379
B,SVM-polinomial,42,PRUNED,0.9247238054444988,118,True,102.9541283817022,4,1.4219098955535245
B,SVM-polinomial,43,PRUNED,0.9298948490457444,121,True,3.9232620627487114,3,0.6861768793570467
B,SVM-polinomial,44,PRUNED,0.8734012555345319,88,True,0.010118805022401563,3,2.5414847352918093
B,SVM-polinomial,45,COMPLETE,0.9208506654838932,116,True,96.91037745987325,5,1.5269292147824032
B,SVM-polinomial,46,COMPLETE,0.9267546967292661,125,True,12.041896067782295,5,1.0251020310822574
B,SVM-polinomial,47,PRUNED,0.9261794404983738,136,True,20.313944310680363,5,1.289746406200188
B,SVM-polinomial,48,PRUNED,0.914444743585212,79,True,1.43056206093792,5,1.2232440793451242
B,SVM-polinomial,49,PRUNED,0.9158330851721037,87,True,26.550028495843513,5,0.8248061055690156
B,SVM-polinomial,50,PRUNED,0.8979875353620393,46,True,87.53965779794983,3,0.06482449851624561
B,SVM-polinomial,51,PRUNED,0.6174426670430829,141,False,0.017365204002190295,3,0.2335040098756771
B,SVM-polinomial,52,PRUNED,0.9144137775830542,144,True,273.47345954491544,5,1.1993816511278057
B,SVM-polinomial,53,PRUNED,0.9291145748946879,130,True,22.765794500853467,5,0.8119532717520271
B,SVM-polinomial,54,PRUNED,0.9099265814667021,51,False,523.2243329166298,4,2.5004417228117326
B,SVM-polinomial,55,PRUNED,0.9246893840427961,111,True,11.76096764611744,4,0.9317233786226654
B,SVM-polinomial,56,PRUNED,0.9159461385810339,54,False,1.2363061258606385,3,2.8023036480191603
B,SVM-polinomial,57,PRUNED,0.8863954349991952,126,True,0.028485811848310384,5,0.5625014680365408
B,SVM-polinomial,58,PRUNED,0.9173028055499843,133,True,29.714349743139852,5,1.7353801745706998
B,SVM-polinomial,59,PRUNED,0.9100177094589561,58,True,2.051894432504257,4,2.444792707138602
B,SVM-polinomial,60,PRUNED,0.8808567319950498,61,False,0.3477731414059536,2,0.40815901717113423
B,SVM-polinomial,61,PRUNED,0.8995890822836794,166,False,2.034583964642126,3,2.9964271432480416
B,SVM-polinomial,62,PRUNED,0.9298365189473253,135,True,496.6521243133182,5,1.0871354743466042
B,SVM-polinomial,63,PRUNED,0.9284118287809843,117,True,1.6801605630381016,5,1.045892910991014
B,SVM-polinomial,64,PRUNED,0.9298636425906676,132,True,28.641791859891324,5,0.7671889036375434
B,SVM-polinomial,65,PRUNED,0.9144501407692667,105,True,103.09141310135018,5,1.327016162669876
B,SVM-polinomial,66,PRUNED,0.9054509107699574,41,False,24.53450423545732,5,1.0432849465960081
B,SVM-polinomial,67,PRUNED,0.9239247744291871,140,False,174.50462338812673,4,1.2408911569766556
B,SVM-polinomial,68,PRUNED,0.9173640333498186,141,True,68.87613341764055,5,1.2354560979506664
B,SVM-polinomial,69,PRUNED,0.9276367634809095,101,False,21.04564710788427,3,0.33725507766925844
B,SVM-polinomial,70,PRUNED,0.9291023225008259,133,True,133.71625180344134,4,0.7300003485634089
B,SVM-polinomial,71,PRUNED,0.892199675734408,160,True,90.6788251138926,5,0.21044688512401322
B,SVM-polinomial,72,COMPLETE,0.9249686858135995,121,True,643.2952511479211,5,0.5586130540410662
B,SVM-polinomial,73,PRUNED,0.9070505738908397,103,False,1.066554101940176,4,2.009650191410019
B,SVM-polinomial,74,PRUNED,0.8997875965546174,71,False,0.03332156514874363,5,1.2946000260648693
B,SVM-polinomial,75,COMPLETE,0.9262062823703975,121,True,114.96684100585814,5,1.1346148422934794
B,SVM-polinomial,76,PRUNED,0.921697157552775,86,True,583.7323684779034,5,0.9086878778275838
B,SVM-polinomial,77,PRUNED,0.9144219359190746,114,True,741.951211661652,5,2.069790763636666
B,SVM-polinomial,78,PRUNED,0.8803883613531072,38,False,335.42234435427605,2,2.411870549658375
B,SVM-polinomial,79,PRUNED,0.9114852594881635,108,True,474.8890845870294,5,0.4669358353836196
B,SVM-polinomial,80,PRUNED,0.9239737394808296,134,True,42.284223735602225,4,1.7249023594029713
B,SVM-polinomial,81,COMPLETE,0.9255664894481871,126,True,188.0499046883182,5,1.1172302432462298
B,SVM-polinomial,82,PRUNED,0.904123193151366,104,False,713.5838097005644,2,1.0971903103804268
B,SVM-polinomial,83,PRUNED,0.9128254204138619,133,False,503.46834803154314,5,0.6138104845713526
B,SVM-polinomial,84,COMPLETE,0.9249867896911365,127,True,571.4923144603961,4,1.471055355208788
B,SVM-polinomial,85,PRUNED,0.9291632937861731,116,True,419.3207242714651,4,1.1246157487905624
B,SVM-polinomial,86,PRUNED,0.9056254525066703,162,True,326.83467929307665,4,1.7951642649872852
B,SVM-polinomial,87,COMPLETE,0.9273197111026702,130,True,302.1420863864196,5,1.4949928214219228
B,SVM-polinomial,88,PRUNED,0.9261411382232818,130,True,431.76552677429083,5,1.8167359812673318
B,SVM-polinomial,89,COMPLETE,0.9249751923389435,129,True,602.3830104202065,4,1.5858975982373866
B,SVM-polinomial,90,PRUNED,0.9188500197786288,121,False,538.7054528247422,3,2.2582880432832395
B,SVM-polinomial,91,PRUNED,0.9158868679361662,100,True,102.04305085657428,4,2.1669360225381396
B,SVM-polinomial,92,PRUNED,0.9298320530108348,129,True,136.7019382801425,5,1.749074073717124
B,SVM-polinomial,93,PRUNED,0.9298820801729939,128,True,201.23368225873745,3,1.6504489949612946
B,SVM-polinomial,94,PRUNED,0.9283924300311284,135,True,453.99354290728553,4,1.2465783313566698
B,SVM-polinomial,95,COMPLETE,0.9267601372854909,124,True,417.7634551935572,4,1.9643600931753942
B,SVM-polinomial,96,PRUNED,0.8603422484187352,22,True,0.12671696840163849,2,2.396361110871458
B,SVM-polinomial,97,COMPLETE,0.9267476918323465,126,True,66.07869245252301,5,1.1906314029881477
B,SVM-polinomial,98,PRUNED,0.9144131225433035,138,True,293.8947158227802,4,2.847332839019024
B,SVM-polinomial,99,COMPLETE,0.9285042355925182,128,True,107.88171848175274,5,1.2411276443050574
B,SVM-polinomial,100,PRUNED,0.913005995963884,106,True,38.57530012550273,5,1.3414918750396423
B,SVM-polinomial,101,COMPLETE,0.9285016451739063,128,True,41.3229537011286,5,1.3291071581564349
B,SVM-polinomial,102,PRUNED,0.9203524183172214,116,True,77.53945044188319,5,1.2392670328918933
B,SVM-polinomial,103,PRUNED,0.9290998268157796,131,True,5.417241270446379,5,1.3731246802179304
B,SVM-polinomial,104,PRUNED,0.9084106091320343,155,False,10.301025865972742,5,1.3113737669602052
B,SVM-polinomial,105,PRUNED,0.9158764407501797,93,False,343.6439835798733,5,1.8042672087882876
B,SVM-polinomial,106,PRUNED,0.9070439248035564,156,True,101.06518517001223,5,1.042790983202481
B,SVM-polinomial,107,PRUNED,0.9306149118588349,114,True,18.639638432628818,5,0.9618106141729685
B,SVM-polinomial,108,COMPLETE,0.9255399077556452,129,True,98.18415058319043,5,1.0774760577886744
B,SVM-polinomial,109,COMPLETE,0.9267266646212713,130,True,58.84025891193776,5,1.5459737663991264
B,SVM-polinomial,110,PRUNED,0.9261411382232818,130,True,16.35020469526761,5,1.8367552575362833
B,SVM-polinomial,111,PRUNED,0.9291247106454282,124,True,55.93989660953365,5,1.4707650405454735
B,SVM-polinomial,112,PRUNED,0.911479432523588,147,True,467.1044967678435,5,1.4804305699550349
B,SVM-polinomial,113,COMPLETE,0.9249886763667146,123,True,99.23781918778403,5,1.1757554475919356
B,SVM-polinomial,114,PRUNED,0.920283357994369,150,False,0.03085990087034327,5,2.3987219009097096
B,SVM-polinomial,115,PRUNED,0.9189065542132733,103,True,0.020490081552945783,5,1.7238276687888425
B,SVM-polinomial,116,PRUNED,0.914402682732157,93,True,31.65221986672951,5,1.9793321029399054
B,SVM-polinomial,117,PRUNED,0.9159001874539647,107,True,136.12517720886194,5,1.521478693363926
B,SVM-polinomial,118,PRUNED,0.9144040121037309,139,True,45.268566461182104,5,1.2417588272733302
B,SVM-polinomial,119,PRUNED,0.9114628245512006,144,True,28.85008465718256,5,1.6434335005732164
B,SVM-polinomial,120,PRUNED,0.9276600110998655,114,True,330.0848230755036,5,1.345442488277558
B,SVM-polinomial,121,PRUNED,0.8443812606292869,37,False,0.019332690268885382,3,1.9203185578752469
B,SVM-polinomial,122,PRUNED,0.8846586370694469,44,True,736.3459030166508,3,2.691060756115311
B,SVM-polinomial,123,PRUNED,0.9261975805184379,119,True,55.060520031054395,5,1.1330001401776597
B,SVM-polinomial,124,PRUNED,0.9305593278716863,129,False,64.96297356177972,5,1.4535691382893845
B,SVM-polinomial,125,PRUNED,0.9100239169835823,114,True,567.0122791908128,4,2.121694711448361
B,SVM-polinomial,126,PRUNED,0.930588314340071,130,True,10.021126980464333,5,1.1305729658088464
B,SVM-polinomial,127,PRUNED,0.9202747672214214,135,True,109.53123418427022,5,1.728521167731389
B,SVM-polinomial,128,PRUNED,0.9069797144678882,25,False,0.20914044048141767,5,1.8773128522881515
B,SVM-polinomial,129,PRUNED,0.9188157127920678,143,True,185.31739170227442,5,1.4681793752551
B,SVM-polinomial,130,PRUNED,0.9173643961277735,138,True,167.81534213365637,5,0.9764687358669791
B,SVM-polinomial,131,PRUNED,0.926935142597737,119,True,84.94221927709343,5,1.2063323773599792
B,SVM-polinomial,132,COMPLETE,0.9249760778392483,127,True,199.95522970611427,5,0.9839270821343888
B,SVM-polinomial,133,PRUNED,0.9188143003813487,136,True,25.338908984901376,4,0.8300413611983666
B,SVM-polinomial,134,PRUNED,0.9298438871550306,133,True,74.9581056399166,5,1.02275090054529
B,SVM-polinomial,135,COMPLETE,0.9267210172698803,128,True,67.16043127110727,5,1.4978035473487161
B,SVM-polinomial,136,PRUNED,0.9159372563569137,116,True,6.483159207647651,4,1.8700010298069145
B,SVM-polinomial,137,PRUNED,0.9306264612881131,121,True,32.79991470353597,5,1.5253107289888201
B,SVM-polinomial,138,PRUNED,0.9306264612881131,121,True,229.8593504089688,5,1.5247876575266042
B,SVM-polinomial,139,PRUNED,0.8996179393518008,161,True,15.341346092124606,5,1.1927640963222814
B,SVM-polinomial,140,PRUNED,0.9291540302576239,116,True,567.5483022877559,5,1.4403982175816152
B,SVM-polinomial,141,PRUNED,0.9144178206946082,103,True,59.37269815514817,5,0.6298456556907409
B,SVM-polinomial,142,PRUNED,0.911479432523588,147,True,62.48519618772479,5,1.4521016669982707
B,SVM-polinomial,143,COMPLETE,0.9279170715853253,128,True,672.2465441965707,5,1.0860146394943802
B,SVM-polinomial,144,PRUNED,0.8937309854598354,24,True,31.862344089569387,5,1.0674879879956376
B,SVM-polinomial,145,PRUNED,0.9298911033949501,122,True,316.65206320075447,5,1.426076267651412
B,SVM-polinomial,146,PRUNED,0.9115319795067092,105,True,4.874609017532191,5,1.549187494147342
B,SVM-polinomial,147,PRUNED,0.9173700733169332,151,True,595.3620676791825,5,1.1325785432526096
B,SVM-polinomial,148,PRUNED,0.9217885247560806,99,True,71.49394281493242,4,1.4136911761448547
B,SVM-polinomial,149,PRUNED,0.9159508021297462,150,True,628.9913388829667,5,2.150829418519132
B,kNN,0,COMPLETE,0.8677794941658744,76,True,13,uniform,2
B,kNN,1,PRUNED,0.8461645113675818,110,True,20,uniform,2
B,kNN,2,COMPLETE,0.8867615660385078,65,True,8,uniform,2
B,kNN,3,PRUNED,0.8850874156094095,88,True,12,uniform,1
B,kNN,4,PRUNED,0.8439282601890494,29,False,17,uniform,1
B,kNN,5,PRUNED,0.8577117972630333,38,True,19,distance,2
B,kNN,6,PRUNED,0.8502681208114935,102,False,16,uniform,2
B,kNN,7,PRUNED,0.869035730569975,33,True,8,uniform,1
B,kNN,8,COMPLETE,0.8968842053497594,62,True,17,distance,1
B,kNN,9,PRUNED,0.8763451058999034,20,True,16,uniform,1
B,kNN,10,PRUNED,0.8765594036200529,96,True,18,distance,1
B,kNN,11,PRUNED,0.8691895741340818,122,True,7,distance,2
B,kNN,12,PRUNED,0.8842245717668862,52,True,7,uniform,2
B,kNN,13,COMPLETE,0.8945067751207013,64,True,11,distance,1
B,kNN,14,PRUNED,0.8647792370305231,34,True,11,distance,1
B,kNN,15,PRUNED,0.8834979646801742,69,False,12,distance,1
B,kNN,16,PRUNED,0.8706388430518485,24,True,20,distance,1
B,kNN,17,PRUNED,0.8770298408314908,142,False,15,distance,1
B,kNN,18,COMPLETE,0.8970447193971621,107,True,8,distance,1
B,kNN,19,COMPLETE,0.8975378140617571,124,False,5,distance,1
B,kNN,20,COMPLETE,0.9046891500971306,128,False,4,distance,1
B,kNN,21,COMPLETE,0.900543624693438,125,False,3,distance,1
B,kNN,22,COMPLETE,0.899275715615048,125,False,6,distance,1
B,kNN,23,COMPLETE,0.901750812557794,124,False,3,uniform,1
B,kNN,24,PRUNED,0.8904086903390218,93,False,3,uniform,1
B,kNN,25,PRUNED,0.8838850809412664,161,True,3,uniform,1
B,kNN,26,PRUNED,0.8888170388512551,130,False,9,uniform,1
B,kNN,27,PRUNED,0.8875404800525946,80,False,4,distance,2
B,kNN,28,PRUNED,0.8970587564838914,142,False,4,uniform,1
B,kNN,29,COMPLETE,0.905294259625235,159,False,4,distance,1
B,kNN,30,PRUNED,0.8562605116673776,164,False,5,distance,2
B,kNN,31,PRUNED,0.8829291849273886,168,False,7,distance,1
B,kNN,32,PRUNED,0.8880955808502792,143,True,4,distance,1
B,kNN,33,PRUNED,0.8814414363142311,170,False,3,distance,1
B,kNN,34,COMPLETE,0.9023202001512056,128,False,3,distance,1
B,kNN,35,PRUNED,0.8784186132287637,107,False,3,uniform,2
B,kNN,36,PRUNED,0.8488525456549676,166,False,10,uniform,2
B,kNN,37,PRUNED,0.8971698872754521,97,False,3,distance,1
B,kNN,38,PRUNED,0.8865817470522133,111,True,3,uniform,1
B,kNN,39,PRUNED,0.8875040079421748,129,False,4,uniform,1
B,kNN,40,PRUNED,0.8462807993013232,169,True,20,uniform,1
B,kNN,41,COMPLETE,0.9040880782586755,121,False,4,distance,1
B,kNN,42,COMPLETE,0.9017782045691561,145,False,3,distance,1
B,kNN,43,COMPLETE,0.8993738284010334,129,False,3,distance,1
B,kNN,44,PRUNED,0.8815943787797761,117,False,3,distance,2
B,kNN,45,PRUNED,0.8563811804662315,133,True,17,distance,2
B,kNN,46,COMPLETE,0.9017986338554828,144,False,3,distance,1
B,kNN,47,PRUNED,0.8909483902705793,80,True,3,distance,1
B,kNN,48,PRUNED,0.8635030870366991,28,False,11,distance,2
B,kNN,49,PRUNED,0.8956373739929789,135,False,6,distance,1
B,kNN,50,PRUNED,0.8815377621686953,23,False,9,uniform,1
B,kNN,51,PRUNED,0.854811876989179,169,True,3,distance,2
B,kNN,52,PRUNED,0.8986712211445069,148,False,3,distance,1
B,kNN,53,COMPLETE,0.9017782045691561,145,False,3,distance,1
B,kNN,54,PRUNED,0.8237234939181338,170,False,19,distance,2
B,kNN,55,COMPLETE,0.9053496990737189,120,False,3,distance,1
B,kNN,56,PRUNED,0.888858425229736,97,False,8,distance,1
B,kNN,57,COMPLETE,0.9023485042792313,106,False,3,distance,1
B,kNN,58,PRUNED,0.8710750464973198,119,False,11,distance,2
B,kNN,59,PRUNED,0.8891129113984898,104,False,5,distance,1
B,kNN,60,PRUNED,0.8994513904188386,108,False,3,distance,1
B,kNN,61,PRUNED,0.8905704699021664,111,False,3,distance,1
B,kNN,62,PRUNED,0.8903583068776482,51,False,5,distance,1
B,kNN,63,PRUNED,0.9008277883515146,125,False,3,distance,1
B,kNN,64,PRUNED,0.8664474123609236,116,True,7,uniform,2
B,kNN,65,PRUNED,0.8767582031929467,73,False,20,distance,1
B,kNN,66,PRUNED,0.8736453753206508,164,True,8,distance,1
B,kNN,67,PRUNED,0.8881105926171464,131,False,7,distance,1
B,kNN,68,PRUNED,0.8851463421821146,115,True,3,distance,1
B,kNN,69,PRUNED,0.8882191147752762,81,True,20,uniform,1
B,kNN,70,PRUNED,0.8905658085900854,125,False,5,distance,1
B,kNN,71,COMPLETE,0.9023445735245066,136,False,3,distance,1
B,kNN,72,COMPLETE,0.9053233708879338,140,False,3,distance,1
B,kNN,73,COMPLETE,0.902326101085154,120,False,5,distance,1
B,kNN,74,PRUNED,0.8844016453502255,115,False,7,distance,1
B,kNN,75,PRUNED,0.8941221388954872,147,False,7,distance,1
B,kNN,76,PRUNED,0.8994513904188386,108,False,3,distance,1
B,kNN,77,PRUNED,0.8799772450668972,167,False,5,distance,1
B,kNN,78,COMPLETE,0.9005872223798235,112,False,3,distance,1
B,kNN,79,PRUNED,0.8829158717261829,124,False,7,distance,2
B,kNN,80,COMPLETE,0.9035778833445904,137,False,3,distance,1
B,kNN,81,COMPLETE,0.9041229651246769,138,False,3,distance,1
B,kNN,82,PRUNED,0.8605366651758282,58,False,12,uniform,2
B,kNN,83,COMPLETE,0.9028945495208719,135,False,3,distance,1
B,kNN,84,PRUNED,0.8971839242472288,154,False,3,distance,1
B,kNN,85,PRUNED,0.896322836536428,159,True,3,distance,1
B,kNN,86,PRUNED,0.8971958937692202,146,False,3,distance,1
B,kNN,87,COMPLETE,0.9023202001512056,128,False,3,distance,1
B,kNN,88,PRUNED,0.8530249403171264,20,True,11,uniform,2
B,kNN,89,PRUNED,0.8971341697293204,145,False,6,distance,1
B,kNN,90,PRUNED,0.8786024533103092,122,False,3,distance,2
B,kNN,91,COMPLETE,0.9035778833445904,137,False,3,distance,1
B,kNN,92,COMPLETE,0.9047556154657691,143,False,3,distance,1
B,kNN,93,PRUNED,0.8890250651584701,162,False,3,uniform,1
B,kNN,94,COMPLETE,0.9023445735245066,136,False,3,distance,1
B,kNN,95,PRUNED,0.8761848032761718,43,True,3,uniform,1
B,kNN,96,COMPLETE,0.9047556154657691,143,False,3,distance,1
B,kNN,97,PRUNED,0.8904995556988513,161,False,3,distance,1
B,kNN,98,PRUNED,0.8533495066047823,154,False,17,uniform,1
B,kNN,99,COMPLETE,0.9047556154657691,143,False,3,distance,1
B,kNN,100,PRUNED,0.8504855823997219,168,False,4,uniform,2
B,kNN,101,PRUNED,0.8803137181997154,148,False,3,distance,2
B,kNN,102,COMPLETE,0.9022872546545795,149,False,5,distance,1
B,kNN,103,PRUNED,0.8972110889463065,150,False,3,distance,1
B,kNN,104,COMPLETE,0.9047413096497662,141,False,3,distance,1
B,kNN,105,COMPLETE,0.9035380457988114,142,False,3,distance,1
B,kNN,106,PRUNED,0.8637454406668408,108,True,17,uniform,2
B,kNN,107,PRUNED,0.8874289044526829,142,False,7,distance,1
B,kNN,108,PRUNED,0.8830520173162055,169,False,3,distance,1
B,kNN,109,PRUNED,0.8735699361733682,73,True,15,distance,2
B,kNN,110,PRUNED,0.8485226365396796,80,False,18,uniform,1
B,kNN,111,COMPLETE,0.9035778833445904,137,False,3,distance,1
B,kNN,112,COMPLETE,0.9029182731944884,130,False,4,distance,1
B,kNN,113,COMPLETE,0.9035778833445904,137,False,3,distance,1
B,kNN,114,PRUNED,0.8949779078231452,134,False,3,distance,1
B,kNN,115,PRUNED,0.8986419472372881,136,False,5,distance,1
B,kNN,116,PRUNED,0.8737534290825385,118,True,15,uniform,1
B,kNN,117,COMPLETE,0.9029433347707269,119,False,3,uniform,1
B,kNN,118,PRUNED,0.89641282106896,131,False,3,distance,1
B,kNN,119,PRUNED,0.8821995297753948,142,True,8,uniform,1
B,kNN,120,PRUNED,0.8964116970644165,155,False,6,distance,1
B,kNN,121,PRUNED,0.8949779078231452,134,False,3,distance,1
B,kNN,122,PRUNED,0.9023936420489841,136,False,3,distance,1
B,kNN,123,PRUNED,0.8867842111959718,136,True,5,distance,1
B,kNN,124,PRUNED,0.8971958937692202,146,False,3,distance,1
B,kNN,125,PRUNED,0.8875790174890588,123,False,3,distance,1
B,kNN,126,PRUNED,0.8949004985099814,128,False,7,distance,1
B,kNN,127,PRUNED,0.8971839242472288,154,False,3,distance,1
B,kNN,128,PRUNED,0.8875313822383484,126,False,3,distance,1
B,kNN,129,PRUNED,0.8985842499689988,131,False,6,distance,1
B,kNN,130,PRUNED,0.8986835713151055,149,False,3,distance,1
B,kNN,131,PRUNED,0.8559951855483121,49,True,18,uniform,2
B,kNN,132,COMPLETE,0.903541550251207,139,False,3,distance,1
B,kNN,133,COMPLETE,0.9053496990737189,120,False,3,distance,1
B,kNN,134,PRUNED,0.8605905562086995,81,False,18,distance,2
B,kNN,135,PRUNED,0.8875454418955837,94,False,5,distance,1
B,kNN,136,PRUNED,0.8905704699021664,111,False,3,distance,1
B,kNN,137,PRUNED,0.9016787055113195,112,False,3,distance,1
B,kNN,138,PRUNED,0.8920294653510106,137,False,6,distance,1
B,kNN,139,COMPLETE,0.9023202001512056,128,False,3,distance,1
B,kNN,140,PRUNED,0.8939470474723643,123,True,3,distance,1
B,kNN,141,PRUNED,0.8979329096079955,147,False,3,distance,1
B,kNN,142,PRUNED,0.8949154562511505,127,False,3,distance,1
B,kNN,143,COMPLETE,0.9047556154657691,143,False,3,distance,1
B,kNN,144,PRUNED,0.8664366840145197,28,False,16,distance,1
B,kNN,145,PRUNED,0.8814414363142311,170,False,3,distance,1
B,kNN,146,PRUNED,0.869080662103368,26,True,3,distance,2
B,kNN,147,PRUNED,0.8735769831519625,124,True,14,distance,1
B,kNN,148,PRUNED,0.8964205974190578,138,False,6,distance,1
B,kNN,149,COMPLETE,0.9041229651246769,138,False,3,distance,1
B,RandomForest,0,COMPLETE,0.8770410759663066,76,True,198,7,4,1,0.7
B,RandomForest,1,COMPLETE,0.8964436915949253,145,True,76,11,11,5,log2
B,RandomForest,2,PRUNED,0.8961470257952266,88,True,163,19,2,7,0.5
B,RandomForest,3,PRUNED,0.866334941192575,65,False,137,6,11,1,sqrt
B,RandomForest,4,PRUNED,0.8733128249988675,102,False,297,29,19,6,sqrt
B,RandomForest,5,PRUNED,0.8806240201977487,78,False,113,10,12,2,0.3
B,RandomForest,6,PRUNED,0.8974274842023886,20,True,267,24,3,4,log2
B,RandomForest,7,PRUNED,0.8894274903706003,66,False,216,27,10,2,0.5
B,RandomForest,8,PRUNED,0.7569085170930767,98,True,64,3,14,4,log2
B,RandomForest,9,PRUNED,0.8632849765981319,54,False,72,29,17,7,0.5
B,RandomForest,10,PRUNED,0.8777568997059614,150,False,57,23,8,5,log2
B,RandomForest,11,PRUNED,0.8982451566669487,93,True,247,10,7,4,0.7
B,RandomForest,12,PRUNED,0.8950230541393855,168,True,156,9,11,5,log2
B,RandomForest,13,PRUNED,0.828949173545982,48,True,279,4,8,1,0.3
B,RandomForest,14,PRUNED,0.8618850183679746,165,True,313,6,3,1,0.7
B,RandomForest,15,PRUNED,0.87049969589499,62,False,88,8,3,1,0.7
B,RandomForest,16,PRUNED,0.8892533093123371,146,True,53,16,14,2,0.7
B,RandomForest,17,PRUNED,0.8717212213701111,129,True,64,15,8,10,0.7
B,RandomForest,18,PRUNED,0.8848913446653024,145,True,86,18,14,8,log2
B,RandomForest,19,PRUNED,0.8960921041529392,90,True,178,9,2,1,0.5
B,RandomForest,20,PRUNED,0.883594570245691,33,True,293,9,2,2,sqrt
B,RandomForest,21,PRUNED,0.8880096630062309,76,True,241,14,9,6,0.7
B,RandomForest,22,PRUNED,0.8793836693614581,87,True,194,8,11,1,0.7
B,RandomForest,23,PRUNED,0.873472753424835,146,False,69,9,10,6,0.5
B,RandomForest,24,PRUNED,0.8764081651534927,73,False,276,17,6,3,0.7
B,RandomForest,25,PRUNED,0.8618548171493812,69,True,249,6,5,3,0.7
B,RandomForest,26,COMPLETE,0.9032192935389304,129,True,79,10,2,4,sqrt
B,RandomForest,27,COMPLETE,0.9037159522516512,131,True,96,12,3,5,sqrt
B,RandomForest,28,PRUNED,0.8981907217898749,95,True,67,12,3,7,sqrt
B,RandomForest,29,COMPLETE,0.9096046987939642,144,True,77,14,2,2,sqrt
B,RandomForest,30,COMPLETE,0.9089833596765121,156,True,67,13,3,1,sqrt
B,RandomForest,31,COMPLETE,0.9107654085446439,149,True,92,18,3,3,sqrt
B,RandomForest,32,COMPLETE,0.9060081138718488,133,True,76,19,2,1,log2
B,RandomForest,33,COMPLETE,0.9053742366028998,142,True,70,19,4,2,log2
B,RandomForest,34,PRUNED,0.8920708829755879,167,True,61,17,7,1,sqrt
B,RandomForest,35,COMPLETE,0.908462618307361,120,True,96,25,2,2,sqrt
B,RandomForest,36,PRUNED,0.9084435709943439,118,True,94,25,3,3,sqrt
B,RandomForest,37,COMPLETE,0.9156102761770649,162,True,159,16,3,4,0.3
B,RandomForest,38,COMPLETE,0.9132365205302115,142,True,301,20,4,3,0.3
B,RandomForest,39,COMPLETE,0.9185150376618415,144,True,196,22,2,3,0.3
B,RandomForest,40,COMPLETE,0.9143946724643847,133,True,444,22,2,3,0.3
B,RandomForest,41,COMPLETE,0.9132120823289119,145,True,255,25,5,3,0.3
B,RandomForest,42,COMPLETE,0.9132414103162798,159,True,245,18,3,4,0.3
B,RandomForest,43,COMPLETE,0.9144414522694951,144,False,490,20,2,1,0.3
B,RandomForest,44,PRUNED,0.9100440473002296,95,False,476,21,2,2,0.3
B,RandomForest,45,COMPLETE,0.9167281852473183,117,True,470,24,2,1,sqrt
B,RandomForest,46,COMPLETE,0.9173068561305312,71,True,456,25,5,1,sqrt
B,RandomForest,47,COMPLETE,0.9143769036607667,92,True,433,21,4,1,sqrt
B,RandomForest,48,COMPLETE,0.9126772580468178,163,False,350,20,2,1,0.3
B,RandomForest,49,PRUNED,0.9129016296793121,74,True,416,30,4,2,0.3
B,RandomForest,50,PRUNED,0.8982731986833464,139,False,294,23,2,4,sqrt
B,RandomForest,51,PRUNED,0.8907646922518961,30,True,276,21,11,3,sqrt
B,RandomForest,52,PRUNED,0.8953238012874456,80,False,307,29,7,3,sqrt
B,RandomForest,53,PRUNED,0.8864342254171029,114,True,490,20,4,5,0.7
B,RandomForest,54,PRUNED,0.8676044317822449,157,False,152,17,2,5,0.7
B,RandomForest,55,PRUNED,0.9113459305140958,131,True,498,18,4,2,log2
B,RandomForest,56,COMPLETE,0.9160676746996959,144,True,374,17,2,1,sqrt
B,RandomForest,57,COMPLETE,0.9173020039132271,157,True,327,20,2,1,sqrt
B,RandomForest,58,COMPLETE,0.9131791365192143,130,True,343,13,3,2,sqrt
B,RandomForest,59,PRUNED,0.9114373888702956,150,True,238,26,3,1,0.5
B,RandomForest,60,COMPLETE,0.914881414435967,166,True,243,21,2,1,sqrt
B,RandomForest,61,COMPLETE,0.9190268988655067,140,True,307,23,3,1,sqrt
B,RandomForest,62,PRUNED,0.9144282482326199,118,True,447,25,11,1,0.5
B,RandomForest,63,PRUNED,0.8996672453257615,169,True,432,30,5,3,sqrt
B,RandomForest,64,COMPLETE,0.916658472226658,142,True,391,23,5,1,sqrt
B,RandomForest,65,COMPLETE,0.911438234229508,52,True,276,26,4,4,sqrt
B,RandomForest,66,COMPLETE,0.9178436042677814,142,True,415,22,4,1,sqrt
B,RandomForest,67,PRUNED,0.8981533155751906,136,True,389,17,12,2,sqrt
B,RandomForest,68,PRUNED,0.8892723452165946,144,True,327,25,2,1,0.7
B,RandomForest,69,PRUNED,0.8966673103228487,123,True,251,26,7,3,sqrt
B,RandomForest,70,COMPLETE,0.9167160092183437,137,True,373,23,6,1,sqrt
B,RandomForest,71,PRUNED,0.8966208697264176,94,True,238,27,3,1,log2
B,RandomForest,72,PRUNED,0.9143807491852947,123,True,416,26,3,2,sqrt
B,RandomForest,73,PRUNED,0.9025084590971024,139,True,409,24,8,1,sqrt
B,RandomForest,74,PRUNED,0.8776632318561668,30,True,99,23,15,7,0.7
B,RandomForest,75,PRUNED,0.8865249500784831,144,True,148,26,2,5,0.7
B,RandomForest,76,PRUNED,0.9158416668326583,46,True,468,23,6,2,log2
B,RandomForest,77,COMPLETE,0.9172300533984912,135,True,288,21,6,1,sqrt
B,RandomForest,78,PRUNED,0.8965642550889894,139,False,177,17,6,1,sqrt
B,RandomForest,79,PRUNED,0.9121948651301977,83,True,356,28,5,1,sqrt
B,RandomForest,80,PRUNED,0.8706905591144862,157,False,156,25,10,10,0.5
B,RandomForest,81,PRUNED,0.8981507806396084,115,False,473,20,3,1,sqrt
B,RandomForest,82,PRUNED,0.9010309946991433,109,True,361,19,5,1,0.5
B,RandomForest,83,PRUNED,0.9157782566826524,128,True,230,19,6,1,sqrt
B,RandomForest,84,PRUNED,0.8863416400095429,68,True,482,21,12,1,0.7
B,RandomForest,85,PRUNED,0.8832430189008836,168,False,289,27,5,3,log2
B,RandomForest,86,PRUNED,0.8981007185489192,31,True,464,26,6,1,sqrt
B,RandomForest,87,PRUNED,0.9114797430048039,93,True,144,17,4,3,0.3
B,RandomForest,88,COMPLETE,0.9149374798232973,130,True,398,24,6,1,sqrt
B,RandomForest,89,PRUNED,0.8905696837305467,164,True,342,29,3,1,log2
B,RandomForest,90,COMPLETE,0.9161187533112954,143,True,381,23,2,1,sqrt
B,RandomForest,91,COMPLETE,0.9184332686192406,137,True,479,25,3,1,sqrt
B,RandomForest,92,COMPLETE,0.9149480394181359,143,True,165,22,2,2,0.3
B,RandomForest,93,PRUNED,0.8996930596096625,162,True,409,21,4,4,sqrt
B,RandomForest,94,PRUNED,0.8848506834039231,165,True,99,22,17,1,0.5
B,RandomForest,95,PRUNED,0.8745606779052734,82,False,53,23,11,2,log2
B,RandomForest,96,PRUNED,0.8966786345160963,150,False,380,28,5,1,sqrt
B,RandomForest,97,PRUNED,0.8476542086659946,108,False,318,5,2,9,0.3
B,RandomForest,98,PRUNED,0.8441781724495485,31,False,305,11,18,10,log2
B,RandomForest,99,PRUNED,0.8849960186336814,136,False,200,23,6,6,0.3
B,RandomForest,100,PRUNED,0.8951331521856314,126,True,194,18,2,3,log2
B,RandomForest,101,PRUNED,0.9157824297229331,158,True,465,24,2,1,sqrt
B,RandomForest,102,PRUNED,0.9011162414043816,106,True,498,26,2,1,sqrt
B,RandomForest,103,PRUNED,0.8733949861667829,105,False,342,12,18,5,sqrt
B,RandomForest,104,COMPLETE,0.9214326555114758,125,True,285,25,2,1,sqrt
B,RandomForest,105,PRUNED,0.839011732995959,164,False,276,6,17,6,0.7
B,RandomForest,106,PRUNED,0.9025828251244075,106,True,251,22,3,1,sqrt
B,RandomForest,107,PRUNED,0.8878162362871116,149,True,466,21,8,1,0.7
B,RandomForest,108,PRUNED,0.9150502476275117,142,True,167,29,2,3,sqrt
B,RandomForest,109,PRUNED,0.8981692508671563,109,True,173,28,5,6,0.3
B,RandomForest,110,PRUNED,0.910717621725285,146,True,467,26,4,2,0.5
B,RandomForest,111,PRUNED,0.8996681666745996,134,True,456,21,4,1,sqrt
B,RandomForest,112,PRUNED,0.9010557408540609,167,True,261,17,6,1,sqrt
B,RandomForest,113,PRUNED,0.888005984113864,85,True,331,21,4,1,0.7
B,RandomForest,114,PRUNED,0.9010890754810092,154,True,291,16,2,3,0.5
B,RandomForest,115,PRUNED,0.887593661767695,134,True,201,29,15,9,log2
B,RandomForest,116,COMPLETE,0.922611180209255,137,True,412,28,2,1,0.3
B,RandomForest,117,PRUNED,0.9166175403953974,158,True,334,29,9,1,0.3
B,RandomForest,118,PRUNED,0.9151801469764655,157,True,372,29,3,2,0.3
B,RandomForest,119,PRUNED,0.8835054677623093,99,True,97,13,19,2,log2
B,RandomForest,120,PRUNED,0.9165994159614017,151,True,247,29,5,1,sqrt
B,RandomForest,121,PRUNED,0.8966150811974172,138,True,262,21,3,1,sqrt
B,RandomForest,122,PRUNED,0.9150985562249405,98,True,487,25,5,1,0.3
B,RandomForest,123,PRUNED,0.895278651560763,88,True,77,28,18,8,0.3
B,RandomForest,124,PRUNED,0.8981165731706839,67,True,479,29,12,3,sqrt
B,RandomForest,125,PRUNED,0.883455031883707,110,False,333,18,9,1,log2
B,RandomForest,126,PRUNED,0.8660225107510536,23,False,142,18,14,2,0.5
B,RandomForest,127,PRUNED,0.8762587273499367,71,False,483,25,13,6,0.5
B,RandomForest,128,PRUNED,0.7804635082445504,119,True,227,3,10,8,0.5
B,RandomForest,129,COMPLETE,0.9160956574481114,127,True,236,26,3,1,sqrt
B,RandomForest,130,PRUNED,0.8820919043541926,149,False,154,8,3,10,sqrt
B,RandomForest,131,PRUNED,0.8966121888750325,159,True,111,17,20,10,sqrt
B,RandomForest,132,PRUNED,0.7721316546963791,47,False,52,3,11,4,0.5
B,RandomForest,133,PRUNED,0.8967423041672762,116,True,242,20,3,4,sqrt
B,RandomForest,134,COMPLETE,0.917965848691186,131,True,387,23,2,1,0.3
B,RandomForest,135,PRUNED,0.915126380755878,97,True,351,20,2,2,0.3
B,RandomForest,136,PRUNED,0.8341684210863068,28,False,254,23,10,7,0.7
B,RandomForest,137,COMPLETE,0.9155992408840777,126,True,446,24,2,1,0.3
B,RandomForest,138,COMPLETE,0.9178251728983359,144,True,346,23,4,2,sqrt
B,RandomForest,139,PRUNED,0.9137377053953027,159,True,370,9,6,1,0.3
B,RandomForest,140,PRUNED,0.8861837439362996,163,True,267,22,8,4,log2
B,RandomForest,141,PRUNED,0.9165594469256964,137,True,351,25,4,3,sqrt
B,RandomForest,142,COMPLETE,0.9191035700963202,105,True,279,30,3,1,0.3
B,RandomForest,143,PRUNED,0.9092252311112157,84,True,152,30,5,2,0.3
B,RandomForest,144,PRUNED,0.9150724335011273,91,True,206,27,5,1,0.3
B,RandomForest,145,PRUNED,0.9144309226148373,127,False,180,30,6,1,0.3
B,RandomForest,146,PRUNED,0.9121819605609285,121,True,332,28,2,4,0.3
B,RandomForest,147,PRUNED,0.874656873192562,31,True,85,15,5,10,0.3
B,RandomForest,148,COMPLETE,0.9161586524401699,120,True,254,26,3,1,0.3
B,RandomForest,149,PRUNED,0.9025734820380844,157,True,343,22,6,2,sqrt
C,MLP,0,COMPLETE,0.9013064823834099,87,True,83,12,6.025215736203862e-06,0.00014936568554617635
C,MLP,1,PRUNED,0.8862073305814436,176,False,16,118,0.014528246637516038,0.0004335281794951569
C,MLP,2,PRUNED,0.8877430733359726,52,False,68,26,2.8585493941961936e-05,0.006847920095574782
C,MLP,3,PRUNED,0.8729812008800705,45,False,56,70,9.962513222055122e-06,0.003489018845491387
C,MLP,4,PRUNED,0.8452456775223565,127,False,25,9,0.055517216852447225,0.07886714129990492
C,MLP,5,COMPLETE,0.9048930106023233,166,True,106,26,4.075596440072871e-06,0.0030586566669785274
C,MLP,6,PRUNED,0.8626042380714787,26,True,99,18,0.00039841905944346893,0.004366473592979638
C,MLP,7,PRUNED,0.8325300554118585,53,True,216,95,0.000976112544311046,0.058293845429947415
C,MLP,8,PRUNED,0.8818625083699114,36,True,39,23,2.2737628102536852e-05,0.030634622106220845
C,MLP,9,PRUNED,0.728014896241385,84,False,23,73,2.359137306347714e-06,0.09133995846860977
C,MLP,10,PRUNED,0.9003344219728364,188,True,115,24,1.6107167646304654e-06,0.000977191477358841
C,MLP,11,COMPLETE,0.9066970767309941,106,True,75,14,2.3014250083225486e-06,0.00011277104437803752
C,MLP,12,COMPLETE,0.9090222213999744,135,True,86,11,6.016405822780011e-06,0.007207744509957251
C,MLP,13,PRUNED,0.8805884024228314,180,True,30,8,2.8980845454659355e-06,0.0007977462809779875
C,MLP,14,PRUNED,0.7776945521680638,127,False,77,9,1.2345759831199733e-06,0.04548607066267457
C,MLP,15,COMPLETE,0.9078577217943558,108,True,48,16,0.00025371571898545516,0.002367648158349078
C,MLP,16,PRUNED,0.9089911977854377,107,True,166,12,1.719154050268468e-05,0.0253712816405325
C,MLP,17,PRUNED,0.8671647001882559,83,True,23,26,0.00023019587725783307,0.0007070446158541729
C,MLP,18,PRUNED,0.9076880552560387,149,True,46,16,0.013933154446276793,0.0014522712892112595
C,MLP,19,PRUNED,0.8774694544924149,173,True,29,21,1.6260745728672132e-06,0.02530254546533102
C,MLP,20,PRUNED,0.9077499700337124,103,True,66,11,0.00019088652131869145,0.0034700976079812223
C,MLP,21,PRUNED,0.8996224002617885,77,False,50,8,1.3288146307262452e-06,0.0005468597084326989
C,MLP,22,PRUNED,0.8891696390320847,176,True,51,21,9.9977781812933e-05,0.00016720251623549698
C,MLP,23,PRUNED,0.9076560476360128,114,False,87,58,9.99157513548891e-06,0.00012514893170460857
C,MLP,24,PRUNED,0.8788656977361288,150,True,83,29,0.0004509909472846276,0.02690256347887053
C,MLP,25,COMPLETE,0.9090068710040586,92,True,84,11,1.000823981923007e-06,0.004359173814363469
C,MLP,26,COMPLETE,0.9090654310482364,68,True,140,19,1.7219533093521922e-06,0.004837499361991012
C,MLP,27,PRUNED,0.8980457319425541,76,True,117,26,2.619960286147989e-06,0.005090492557706418
C,MLP,28,PRUNED,0.8952188554263243,67,True,120,8,3.0606159464458138e-06,0.004003122814727655
C,MLP,29,PRUNED,0.893716858509551,97,True,36,10,4.31163512287107e-06,0.0060002644857164306
C,MLP,30,COMPLETE,0.9172864491011197,139,False,143,9,9.221115396670925e-06,0.002984036688482364
C,MLP,31,PRUNED,0.8980677961971665,137,False,205,10,4.87403312854214e-06,0.00149237051648281
C,MLP,32,PRUNED,0.8989196117271598,173,False,75,10,4.021537740483413e-05,0.0048379978730626085
C,MLP,33,COMPLETE,0.9101836970649071,78,False,99,20,1.077490170006022e-06,0.008173725643571923
C,MLP,34,PRUNED,0.9128821244320726,67,False,104,18,2.472456353011056e-06,0.010035830023752723
C,MLP,35,PRUNED,0.895198348654602,199,True,134,8,2.3277460499270558e-06,0.005453235250009422
C,MLP,36,PRUNED,0.9121911267385858,98,False,131,11,1.8398647234996754e-05,0.004007661267635379
C,MLP,37,PRUNED,0.8877790737069982,47,True,187,31,2.6547114119020886e-06,0.00031131170098168214
C,MLP,38,PRUNED,0.8936752025416284,162,True,65,11,3.8670828185341826e-05,0.020066679511578214
C,MLP,39,PRUNED,0.8951383323473834,116,False,174,38,1.0014998695024529e-05,0.02729218605453092
C,MLP,40,PRUNED,0.9040094153875318,123,True,217,18,6.514641020846601e-06,0.0016191444339028113
C,MLP,41,PRUNED,0.9107077664645034,125,True,63,18,1.1016146354762508e-06,0.004536183277507215
C,MLP,42,COMPLETE,0.9149834405307076,76,False,164,35,1.4663951293079416e-06,0.006036547586590555
C,MLP,43,PRUNED,0.9025276454970104,71,False,203,35,1.0517766344600145e-06,0.0019425220951070378
C,MLP,44,PRUNED,0.8879070608881205,44,True,248,22,1.9093274045619488e-05,0.006205878871489567
C,MLP,45,PRUNED,0.8907283157188677,57,False,158,53,3.2441059520625703e-06,0.009026729231702682
C,MLP,46,PRUNED,0.9121186769317059,156,False,231,16,5.3118699075730804e-05,0.009672395640395305
C,MLP,47,PRUNED,0.8833263153550791,56,False,49,33,0.0070791537613325095,0.00013405925364481987
C,MLP,48,PRUNED,0.8685268341198449,46,False,45,31,1.471819099642454e-06,0.00512310679259959
C,MLP,49,PRUNED,0.893853624980977,79,False,80,30,3.7943020338955005e-06,0.0266870160340723
C,MLP,50,PRUNED,0.8966344758814835,108,False,61,46,3.595484758469607e-06,0.0030823288271605194
C,MLP,51,PRUNED,0.9039664376674098,128,True,102,13,1.157873083047062e-06,0.023879700871238335
C,MLP,52,COMPLETE,0.908457862077477,132,True,129,10,2.773440413428523e-06,0.001058263561989332
C,MLP,53,PRUNED,0.8788092033570858,196,False,61,39,0.053191875456383236,0.00012024287761985272
C,MLP,54,PRUNED,0.8997174875372377,72,False,195,15,1.4116086003163556e-06,0.007233942328511405
C,MLP,55,PRUNED,0.9010531298497289,56,False,119,21,0.00010696289650393734,0.0009415630203907868
C,MLP,56,PRUNED,0.8905930425163947,163,False,201,8,2.2522405278692514e-06,0.012393982755009693
C,MLP,57,PRUNED,0.869951955799579,28,True,99,23,1.925359642838634e-06,0.003568819526328133
C,MLP,58,PRUNED,0.899714585698054,89,False,66,14,1.056792621814981e-06,0.004590441274205295
C,MLP,59,PRUNED,0.8788664968857911,60,True,18,23,0.03058721194910249,0.07256621718834844
C,MLP,60,PRUNED,0.8983098318608596,69,True,80,18,1.5723621393968368e-06,0.021426613066797082
C,MLP,61,PRUNED,0.9025025634122779,140,True,100,17,1.1448962203653053e-06,0.0007875899449464829
C,MLP,62,PRUNED,0.9076973434068921,132,True,87,8,1.9230391064903387e-06,0.006042127915193799
C,MLP,63,PRUNED,0.8995140651597504,75,True,63,12,1.4856077993620143e-06,0.0005206364944627463
C,MLP,64,PRUNED,0.9122440338920591,131,False,233,8,0.0002847919918650885,0.00029038351254447015
C,MLP,65,PRUNED,0.9114346224105369,161,True,72,8,1.6594834532559354e-05,0.0010523966628449204
C,MLP,66,PRUNED,0.8939047256842201,114,True,200,8,7.010871269327047e-06,0.0007746665315359276
C,MLP,67,PRUNED,0.9076294080070133,57,True,238,19,1.1534367526876382e-06,0.0027594979557637274
C,MLP,68,PRUNED,0.886256280910932,168,True,24,106,1.2049713488023275e-06,0.00010018112681747533
C,MLP,69,PRUNED,0.8659040625698382,55,False,16,8,1.3346366347893374e-05,0.025022865223453688
C,MLP,70,PRUNED,0.8995304252326117,131,False,108,15,6.399847990220727e-06,0.0015137132021840994
C,MLP,71,PRUNED,0.8908096635500412,44,True,78,128,0.0001222140352496552,0.003218114276611404
C,MLP,72,PRUNED,0.9010307122195875,107,True,53,15,0.000840291521712141,0.010359092769853712
C,MLP,73,PRUNED,0.8909284921046761,113,True,45,15,0.0004369190889341122,0.00022352203610279331
C,MLP,74,PRUNED,0.8921588078081266,158,True,25,19,0.00038392221788546794,0.003238315432443991
C,MLP,75,PRUNED,0.9099346539332287,85,True,63,33,0.00012830400007524974,0.001449725856663927
C,MLP,76,PRUNED,0.8878767015003517,143,False,20,11,0.013661056964639153,0.00038364599211512844
C,MLP,77,PRUNED,0.8088077734434762,192,False,143,15,0.01353303862104378,0.042013436301189144
C,MLP,78,PRUNED,0.8967864719431565,94,False,28,11,0.0005967084908828628,0.005667899573582207
C,MLP,79,PRUNED,0.8923537161377808,97,True,36,12,0.00011581178523967907,0.001352925025605235
C,MLP,80,COMPLETE,0.9096760694453275,99,True,246,20,0.030551967652844205,0.0005718646159931422
C,MLP,81,PRUNED,0.9054765141400187,70,True,142,24,0.02556554449564302,0.0007387974645403181
C,MLP,82,COMPLETE,0.9178347388364821,108,False,254,36,0.01291994052809928,0.0004907745265043823
C,MLP,83,COMPLETE,0.9190637707275913,153,True,233,34,0.048896985950636664,0.0007527493605054419
C,MLP,84,PRUNED,0.9010944743190894,176,True,198,26,0.013609185098557871,0.00014416801371037736
C,MLP,85,COMPLETE,0.9119196793162772,119,False,122,27,0.03726165056934499,0.0008402410486064981
C,MLP,86,COMPLETE,0.9136839953866396,99,False,205,62,0.04745633083798035,0.00045378614825791107
C,MLP,87,COMPLETE,0.9125546955330133,99,False,250,41,0.0066183694941309166,0.00023530548666501514
C,MLP,88,COMPLETE,0.9137040074405457,121,False,231,31,0.005663957795606603,0.00040878567448430277
C,MLP,89,COMPLETE,0.9072040088956935,115,False,214,37,0.030782063036541858,0.0001601074563956725
C,MLP,90,PRUNED,0.8935739602702567,119,False,144,117,0.03538488078600358,0.0026344433619380214
C,MLP,91,COMPLETE,0.9190580196299507,112,True,248,41,0.05385584072289618,0.0009956125068309562
C,MLP,92,PRUNED,0.9149877744317425,127,False,245,29,0.0022381973351561094,0.002517689864144429
C,MLP,93,PRUNED,0.9143260263605582,159,False,222,85,0.007763422357027544,0.0003024751083403405
C,MLP,94,COMPLETE,0.9179176346228509,97,True,216,67,0.044590527117579444,0.0006493413939100038
C,MLP,95,COMPLETE,0.9155125774692158,118,True,232,60,0.08646910502882059,0.00014358505589470103
C,MLP,96,COMPLETE,0.9202974447905612,144,True,178,87,0.06617188215891708,0.0005878885964063803
C,MLP,97,COMPLETE,0.911987799755669,88,True,187,92,0.06590250077507538,0.0001032134362319793
C,MLP,98,PRUNED,0.9149946955980833,149,True,109,67,0.038416762514823934,0.0009539897847178604
C,MLP,99,COMPLETE,0.9149621586328817,117,True,238,79,0.010986996439724946,0.0016405371134913104
C,MLP,100,COMPLETE,0.9119135943444094,103,True,231,126,0.008975576781835371,0.0009989828932936578
C,MLP,101,PRUNED,0.8996046171907195,124,True,246,106,0.047310520988865526,0.019515132269242806
C,MLP,102,PRUNED,0.9150940619804734,171,True,241,36,0.0737409525704257,0.0013138361778635304
C,MLP,103,PRUNED,0.8995130512202039,132,True,245,49,0.029987537423750047,0.00026927148480496106
C,MLP,104,PRUNED,0.9054576832937917,146,True,139,61,0.0003598851317890462,0.0010415362013865626
C,MLP,105,COMPLETE,0.9190685400004647,114,True,168,44,0.0671281474552302,0.0023247512650115764
C,MLP,106,PRUNED,0.9040478666166786,119,True,77,55,0.05520918177167459,0.011348337702363823
C,MLP,107,PRUNED,0.9136419506233371,85,True,252,44,0.021812668084812664,0.0009725486008161562
C,MLP,108,COMPLETE,0.9167818016828455,167,True,233,91,0.07550192413069706,0.0020207948563298727
C,MLP,109,COMPLETE,0.9161024449968821,120,True,230,44,0.013936983931780984,0.002320069562221828
C,MLP,110,PRUNED,0.895106953545489,190,True,246,99,0.028089942211552702,0.006893578997842517
C,MLP,111,PRUNED,0.9129213123539701,107,True,157,32,0.0016648761548281707,0.002503178889272331
C,MLP,112,COMPLETE,0.9167608388897195,157,True,221,106,0.053041291585771755,0.001509451944915837
C,MLP,113,COMPLETE,0.9196326282136218,166,True,241,110,0.0649276719772108,0.00016910864796516317
C,MLP,114,PRUNED,0.9011786727741655,163,True,167,108,0.04818787847952722,0.00010344039137907204
C,MLP,115,PRUNED,0.9166027307436293,122,True,161,63,0.0812533936553844,0.0020570796113923134
C,MLP,116,PRUNED,0.913607835184292,156,True,172,108,0.023591768616191094,0.0007738457268376272
C,MLP,117,PRUNED,0.9025633926664831,160,True,208,16,0.03678287074022801,0.012173362254572375
C,MLP,118,PRUNED,0.8953770958573064,179,True,206,91,0.04308873078157543,0.0018254005182396342
C,MLP,119,PRUNED,0.9143957449216027,167,True,247,92,0.07555826658767424,0.00029932831857957626
C,MLP,120,PRUNED,0.9026284227127566,51,True,75,73,0.04229398919631097,0.0006693632439339336
C,MLP,121,PRUNED,0.9085131126691371,123,True,190,37,0.021121649888046497,0.006880259639917089
C,MLP,122,PRUNED,0.8966620379642762,169,False,256,44,0.08307670203092517,0.0011277524293512304
C,MLP,123,PRUNED,0.8980657499626377,175,True,226,92,0.0022108865096876237,0.0001697380148313225
C,MLP,124,COMPLETE,0.9172609007592369,129,True,205,49,0.09831986107792098,0.0001084483902321358
C,MLP,125,PRUNED,0.9069889760428174,146,True,165,56,0.05170562256311599,0.0001112027411226949
C,MLP,126,PRUNED,0.9121902693676113,105,True,100,38,0.038190896866785895,0.0005874694423683861
C,MLP,127,COMPLETE,0.9179070458782373,129,True,252,30,0.037895750652308935,0.0017608378434508867
C,MLP,128,COMPLETE,0.9155421013664036,119,True,253,45,0.06746032364317685,0.00095248367908151
C,MLP,129,PRUNED,0.9150695748815327,150,True,233,16,0.001932252535164892,0.0010151925519025398
C,MLP,130,PRUNED,0.9084376964987463,127,True,109,32,0.038560937574176,0.003128117571866059
C,MLP,131,COMPLETE,0.9196616289353952,114,True,244,34,0.07518993990639061,0.0007299723355853447
C,MLP,132,PRUNED,0.8981837516304425,119,True,205,29,0.02835929392291607,0.0008390010622018306
C,MLP,133,COMPLETE,0.9120291279265722,120,True,246,34,0.0020731429716886202,0.0012614130329731666
C,MLP,134,PRUNED,0.9054978794685284,110,True,231,38,0.02370078996927165,0.00306039437264742
C,MLP,135,COMPLETE,0.9202296516857924,130,True,163,32,0.0818199990537579,0.0006848898451364743
C,MLP,136,PRUNED,0.8745178817338459,182,False,20,113,1.1510673066577235e-06,0.006694771297040596
C,MLP,137,PRUNED,0.9068173075954424,147,True,71,25,0.07480243210195223,0.00010327816729059745
C,MLP,138,PRUNED,0.8725736086869874,174,False,18,40,0.0005745893302921892,0.03150234937224732
C,MLP,139,PRUNED,0.8980021428675833,174,False,139,10,1.480559957786645e-05,0.0005948103861237355
C,MLP,140,COMPLETE,0.9190721203078631,144,True,152,23,0.061933714304864815,0.0013042993375804851
C,MLP,141,PRUNED,0.9172554324877087,130,True,181,24,0.026666492760274902,0.000580049060379079
C,MLP,142,COMPLETE,0.9184883907138806,145,True,116,18,0.03511464687583891,0.0016080040175417633
C,MLP,143,PRUNED,0.9012485798525911,112,False,130,8,2.1059465869517503e-05,0.0118198331723078
C,MLP,144,PRUNED,0.9025005993719138,159,True,143,16,0.01373726016250419,0.0014432852405458505
C,MLP,145,COMPLETE,0.9149310762031311,129,True,143,9,0.0665238256771251,0.0004511874694115422
C,MLP,146,PRUNED,0.8996454351315251,191,True,72,21,0.01383498503938075,0.0007354063459858792
C,MLP,147,PRUNED,0.9011574150270808,89,False,215,22,0.06726636299364291,0.003566539911747837
C,MLP,148,COMPLETE,0.9107187777503057,109,True,129,17,0.02439121234607455,0.005312144497854897
C,MLP,149,PRUNED,0.917326255544918,155,True,179,22,0.07616512269243318,0.0025220825723904143
C,SVM-lineal,0,COMPLETE,0.8624278840147482,87,True,3.907967156822881
C,SVM-lineal,1,COMPLETE,0.8677545477866799,48,True,157.41890047456639
C,SVM-lineal,2,COMPLETE,0.8800953879685895,128,True,659.871107205407
C,SVM-lineal,3,COMPLETE,0.8908858773020318,170,True,0.012601639723276799
C,SVM-lineal,4,PRUNED,0.8792558692130512,75,True,0.055895242052179224
C,SVM-lineal,5,PRUNED,0.876173013143924,130,False,0.1578232781079558
C,SVM-lineal,6,PRUNED,0.8717867733798559,102,True,1.2173252504194043
C,SVM-lineal,7,PRUNED,0.877944149733845,127,False,0.010547383621352036
C,SVM-lineal,8,PRUNED,0.8543144044447781,31,False,70.85721663941601
C,SVM-lineal,9,PRUNED,0.8718129355019755,75,False,0.4374364439939078
C,SVM-lineal,10,PRUNED,0.8910739549974199,189,True,0.001959351783384089
C,SVM-lineal,11,PRUNED,0.8730397441961609,151,True,558.3036251773217
C,SVM-lineal,12,PRUNED,0.8612502929235852,197,True,1.0014119052377968
C,SVM-lineal,13,PRUNED,0.8673938303828022,123,False,65.00360715624453
C,SVM-lineal,14,COMPLETE,0.8897707668107389,144,True,0.008234637873422015
C,SVM-lineal,15,PRUNED,0.8852841068502755,133,True,0.0026217872623110084
C,SVM-lineal,16,COMPLETE,0.899074062621154,151,True,0.05751265648141222
C,SVM-lineal,17,PRUNED,0.8702088928139886,146,True,0.12438264782018357
C,SVM-lineal,18,PRUNED,0.8890508622744374,182,False,0.003200152721112044
C,SVM-lineal,19,PRUNED,0.8761034324132666,159,True,0.11908807011744876
C,SVM-lineal,20,PRUNED,0.8581982552151528,181,False,3.8155294071149832
C,SVM-lineal,21,PRUNED,0.877651759819314,124,True,0.03487091103825667
C,SVM-lineal,22,PRUNED,0.8842110140598725,169,True,0.043877351475705234
C,SVM-lineal,23,PRUNED,0.8765463352365304,154,True,0.0012392667512966227
C,SVM-lineal,24,PRUNED,0.8603496856101821,78,True,0.0010360420885087438
C,SVM-lineal,25,PRUNED,0.8887333034601855,184,True,0.014359412683443767
C,SVM-lineal,26,COMPLETE,0.8949938388125662,142,True,0.019289481045774628
C,SVM-lineal,27,PRUNED,0.8237550011437195,25,False,0.007896338377498757
C,SVM-lineal,28,PRUNED,0.877523294740342,157,True,0.4903215629767035
C,SVM-lineal,29,PRUNED,0.8325868004074566,21,True,0.07479593166172943
C,SVM-lineal,30,PRUNED,0.8776602980428326,125,True,0.06288987931464493
C,SVM-lineal,31,COMPLETE,0.8892821162774458,155,True,0.003299149334847017
C,SVM-lineal,32,PRUNED,0.8820092288805051,187,False,0.08592982142795316
C,SVM-lineal,33,COMPLETE,0.8943838980344347,143,True,0.01987911942375244
C,SVM-lineal,34,PRUNED,0.8953220609337685,136,True,0.040843681471811354
C,SVM-lineal,35,COMPLETE,0.8949920191693836,150,True,0.02357621042544984
C,SVM-lineal,36,PRUNED,0.880707027705202,104,True,0.026602905315535073
C,SVM-lineal,37,PRUNED,0.8937982644793739,139,True,0.03070167257863888
C,SVM-lineal,38,PRUNED,0.8717022058833972,134,True,0.5856629996802079
C,SVM-lineal,39,PRUNED,0.861218803341664,199,False,143.84648405222237
C,SVM-lineal,40,PRUNED,0.8761376738766189,161,True,0.08650209761326794
C,SVM-lineal,41,COMPLETE,0.8979234829678999,159,True,0.01943525381035497
C,SVM-lineal,42,COMPLETE,0.8944053264626742,158,True,0.02001734594493968
C,SVM-lineal,43,PRUNED,0.8938090883274253,171,True,0.03052110963117372
C,SVM-lineal,44,COMPLETE,0.8973186847428425,159,True,0.0222544528505552
C,SVM-lineal,45,PRUNED,0.893200983875048,154,False,0.04942123294623374
C,SVM-lineal,46,COMPLETE,0.9002766172892163,165,True,0.020366472618021096
C,SVM-lineal,47,PRUNED,0.89385578217999,197,True,0.012103044012637773
C,SVM-lineal,48,PRUNED,0.848219244979616,71,True,621.464302026965
C,SVM-lineal,49,PRUNED,0.8780738079547508,149,False,0.0029671489507182296
C,SVM-lineal,50,PRUNED,0.8532737434995487,89,False,0.001469008465425143
C,SVM-lineal,51,COMPLETE,0.8967428596280935,161,True,0.014520641420168656
C,SVM-lineal,52,COMPLETE,0.8955128936561859,168,True,0.025243309495234206
C,SVM-lineal,53,PRUNED,0.8656877150763158,188,True,0.19745465389654218
C,SVM-lineal,54,PRUNED,0.8925191960427821,185,True,0.0064921914032859
C,SVM-lineal,55,PRUNED,0.8878787487615136,166,True,0.0285782338224299
C,SVM-lineal,56,PRUNED,0.8954153759364638,168,True,0.007250959522937057
C,SVM-lineal,57,PRUNED,0.8730615565201799,165,True,0.17725751900634226
C,SVM-lineal,58,PRUNED,0.8790439038203409,176,True,0.03338752530509323
C,SVM-lineal,59,COMPLETE,0.8944689852129482,157,True,0.010259357491730958
C,SVM-lineal,60,PRUNED,0.8437421227677799,81,True,11.600718850827302
C,SVM-lineal,61,PRUNED,0.8867613958783154,119,True,0.0038260665171697995
C,SVM-lineal,62,COMPLETE,0.8928019596020029,148,True,0.00533758642089156
C,SVM-lineal,63,PRUNED,0.8960775885360917,149,True,0.019056457425321333
C,SVM-lineal,64,PRUNED,0.8686913704490938,167,True,0.15573595010191077
C,SVM-lineal,65,PRUNED,0.855330925035928,200,True,52.04562102144845
C,SVM-lineal,66,PRUNED,0.8893344235520518,141,True,0.13303293086588186
C,SVM-lineal,67,PRUNED,0.8734203441964477,166,True,0.0013433845055424115
C,SVM-lineal,68,PRUNED,0.8613083152196329,65,False,74.10351974334259
C,SVM-lineal,69,COMPLETE,0.8979198465385222,151,True,0.023829056271240646
C,SVM-lineal,70,PRUNED,0.8789903833228034,148,False,0.26737869519648194
C,SVM-lineal,71,COMPLETE,0.8925879363325132,144,True,0.03495353731503325
C,SVM-lineal,72,PRUNED,0.8953871102030441,153,True,0.019650895663048843
C,SVM-lineal,73,COMPLETE,0.8956315823895696,149,True,0.01526873856873956
C,SVM-lineal,74,PRUNED,0.8968563669200232,171,True,0.010304797423539607
C,SVM-lineal,75,PRUNED,0.89232401825088,159,True,0.02826277257262116
C,SVM-lineal,76,PRUNED,0.8670998557328782,199,True,0.10675384411914898
C,SVM-lineal,77,PRUNED,0.8734869504503135,130,True,0.0033378954187124337
C,SVM-lineal,78,PRUNED,0.8835229396462511,144,True,0.08675271421296765
C,SVM-lineal,79,PRUNED,0.8967950368905604,165,True,0.013674838230219529
C,SVM-lineal,80,PRUNED,0.868796027106571,160,True,0.11848573328862516
C,SVM-lineal,81,COMPLETE,0.8938123171108894,141,True,0.015923924311402972
C,SVM-lineal,82,PRUNED,0.863097493888259,104,True,0.25898028423152275
C,SVM-lineal,83,PRUNED,0.8850209878589699,128,True,0.009360806344790387
C,SVM-lineal,84,COMPLETE,0.8961840329337442,156,True,0.017243612222934288
C,SVM-lineal,85,PRUNED,0.8893993438861365,168,True,0.028781534985079918
C,SVM-lineal,86,PRUNED,0.8895881773996933,170,True,0.0026816469040848072
C,SVM-lineal,87,PRUNED,0.8945844156688906,167,True,0.017797273153201672
C,SVM-lineal,88,PRUNED,0.8912199721862117,165,False,0.005775659943549049
C,SVM-lineal,89,PRUNED,0.8805219655473651,138,True,0.282344956151626
C,SVM-lineal,90,PRUNED,0.8836408888319613,118,False,0.061653727585582095
C,SVM-lineal,91,PRUNED,0.8879929482178976,133,True,0.02043520966646262
C,SVM-lineal,92,PRUNED,0.8939058934837265,146,True,0.008288834994407161
C,SVM-lineal,93,PRUNED,0.8960195738772638,133,True,0.03527541586131776
C,SVM-lineal,94,PRUNED,0.8953527852068045,164,True,0.013256101464846968
C,SVM-lineal,95,PRUNED,0.8760905631238571,166,True,0.06845929994651778
C,SVM-lineal,96,PRUNED,0.8616275067894947,57,False,0.6251571493881186
C,SVM-lineal,97,COMPLETE,0.8943682462585267,146,True,0.03924225286207212
C,SVM-lineal,98,PRUNED,0.8750528537395028,150,True,0.0013445455708802933
C,SVM-lineal,99,PRUNED,0.8642790481851339,164,True,4.165798403656825
C,SVM-lineal,100,PRUNED,0.8880314216344785,190,True,0.011152270127140812
C,SVM-lineal,101,PRUNED,0.8657624069239944,107,False,7.3892458600146025
C,SVM-lineal,102,PRUNED,0.8952712138684318,155,True,0.04511654312912756
C,SVM-lineal,103,PRUNED,0.8909374111092194,138,True,0.01996913594885004
C,SVM-lineal,104,PRUNED,0.8864490437069585,162,True,0.038552249027423595
C,SVM-lineal,105,COMPLETE,0.8949426705122351,144,True,0.0398443376793787
C,SVM-lineal,106,PRUNED,0.8975667903761473,157,True,0.011380125793086244
C,SVM-lineal,107,PRUNED,0.867216046557046,154,True,0.22868671112868974
C,SVM-lineal,108,PRUNED,0.8760586636193639,177,True,0.060171315509610815
C,SVM-lineal,109,COMPLETE,0.8927716414879641,147,True,0.006077089697587183
C,SVM-lineal,110,PRUNED,0.8968534341886749,158,False,0.02649337717992021
C,SVM-lineal,111,PRUNED,0.867349493800692,123,True,0.10546221990487326
C,SVM-lineal,112,COMPLETE,0.897325313846886,149,True,0.03479279750523114
C,SVM-lineal,113,COMPLETE,0.8949917011127398,142,True,0.01737622120755818
C,SVM-lineal,114,PRUNED,0.8893317170073722,167,True,0.02875706873784763
C,SVM-lineal,115,PRUNED,0.8968778785563812,162,True,0.007633967486846782
C,SVM-lineal,116,PRUNED,0.8878835417352338,131,True,0.05338729448999495
C,SVM-lineal,117,PRUNED,0.8908441275682673,161,True,0.04221012149329415
C,SVM-lineal,118,PRUNED,0.8716397526522386,155,True,0.3634764357487688
C,SVM-lineal,119,PRUNED,0.8556145340989723,97,False,651.788657756729
C,SVM-lineal,120,COMPLETE,0.8927850705453475,148,True,0.005716389200521905
C,SVM-lineal,121,PRUNED,0.8853037683158831,114,True,0.005149247944479152
C,SVM-lineal,122,PRUNED,0.8835951140332765,122,True,0.02267910976700608
C,SVM-lineal,123,COMPLETE,0.8967550754714202,145,True,0.014832865610322687
C,SVM-lineal,124,PRUNED,0.8924487698065322,173,True,0.00957126361824898
C,SVM-lineal,125,PRUNED,0.8820006351653871,152,True,0.05223973473967698
C,SVM-lineal,126,COMPLETE,0.8949820180861975,145,True,0.01580934224776337
C,SVM-lineal,127,PRUNED,0.8953223012989624,169,True,0.01662001978224971
C,SVM-lineal,128,PRUNED,0.8910329663683533,144,True,0.0030639161271778996
C,SVM-lineal,129,PRUNED,0.8730750205475226,173,True,0.1583642145754078
C,SVM-lineal,130,PRUNED,0.8923420682609189,132,True,0.030196376278531757
C,SVM-lineal,131,PRUNED,0.8975275611090029,140,True,0.018329742053240877
C,SVM-lineal,132,COMPLETE,0.892082740804503,145,True,0.01201033096163201
C,SVM-lineal,133,PRUNED,0.880511515363247,152,True,0.05721063683785099
C,SVM-lineal,134,PRUNED,0.8634081209525659,56,True,0.012537567357934673
C,SVM-lineal,135,PRUNED,0.8792870891506441,184,True,0.002012474231830843
C,SVM-lineal,136,PRUNED,0.8953958883397721,154,True,0.009713930001840183
C,SVM-lineal,137,PRUNED,0.8614864852940481,39,True,41.07140400762359
C,SVM-lineal,138,PRUNED,0.8760999357234429,148,True,0.12850651484394884
C,SVM-lineal,139,PRUNED,0.8878574399739352,184,True,0.040692044886242555
C,SVM-lineal,140,PRUNED,0.8777426296934996,121,True,0.009178492209291157
C,SVM-lineal,141,PRUNED,0.8968107336844653,141,True,0.007854366700455553
C,SVM-lineal,142,COMPLETE,0.8961532041904026,141,True,0.035499067704432105
C,SVM-lineal,143,PRUNED,0.8776478555093288,143,True,0.1232728679102509
C,SVM-lineal,144,COMPLETE,0.89672846435828,150,True,0.034128083551174714
C,SVM-lineal,145,PRUNED,0.8590376726240188,129,False,0.0016899058811459128
C,SVM-lineal,146,PRUNED,0.873154702414098,131,True,0.3839257673474762
C,SVM-lineal,147,PRUNED,0.8775211229954462,161,True,0.060463334041900275
C,SVM-lineal,148,PRUNED,0.8923367521459489,160,True,0.021570537767728187
C,SVM-lineal,149,PRUNED,0.8717502291884961,122,True,0.07154569703806768
C,SVM-RBF,0,COMPLETE,0.9219665327970201,87,True,39.07967156822882,scale,
C,SVM-RBF,1,PRUNED,0.4518452627568919,176,False,0.013289448722869189,scale,
C,SVM-RBF,2,PRUNED,0.8296712245660263,52,False,14.077923139972402,value,6.870101665590028e-05
C,SVM-RBF,3,PRUNED,0.8722323078975959,72,False,514.1096648805745,value,1.8997763474111268e-05
C,SVM-RBF,4,COMPLETE,0.9255436493147572,129,True,4935.296209402097,scale,
C,SVM-RBF,5,PRUNED,0.6463824523013155,37,True,0.05397956855996446,value,0.0003570095960030948
C,SVM-RBF,6,COMPLETE,0.9267439219648361,139,False,19.06609163818846,auto,
C,SVM-RBF,7,PRUNED,0.9158264705180705,190,True,3398.1724150105933,auto,
C,SVM-RBF,8,PRUNED,0.8719336167968543,78,True,938.4800715909536,value,7.007213496896404e-05
C,SVM-RBF,9,PRUNED,0.0,165,False,430.00015861626076,value,0.17423847570785803
C,SVM-RBF,10,PRUNED,0.9144545602101517,111,False,2.259709006936544,auto,
C,SVM-RBF,11,PRUNED,0.9276504381724151,112,False,2212.676540216801,scale,
C,SVM-RBF,12,PRUNED,0.9114263448597539,179,False,28.23668905497395,auto,
C,SVM-RBF,13,PRUNED,0.9305579998298666,78,True,3627.105554000298,scale,
C,SVM-RBF,14,PRUNED,0.9239450026835199,177,True,33.482220261164564,scale,
C,SVM-RBF,15,PRUNED,0.9268371869325368,156,True,1695.0725527165598,scale,
C,SVM-RBF,16,PRUNED,0.0,129,True,0.038332411600047626,value,7.548105511070894
C,SVM-RBF,17,COMPLETE,0.9296972574633724,130,True,4.932377782865655,auto,
C,SVM-RBF,18,PRUNED,0.8894404083340811,81,True,0.4358044250375457,auto,
C,SVM-RBF,19,PRUNED,0.9320270785666285,152,True,8.770135537409573,auto,
C,SVM-RBF,20,PRUNED,0.813226898252615,83,False,0.05853658504781706,scale,
C,SVM-RBF,21,PRUNED,0.9173796065242628,124,False,9754.855294955041,auto,
C,SVM-RBF,22,COMPLETE,0.9296197434587352,132,True,16.643148850166764,value,0.011827196553702766
C,SVM-RBF,23,COMPLETE,0.9273066419294931,140,True,14.385621704595414,value,0.0072240284349265
C,SVM-RBF,24,PRUNED,0.9298744446179709,121,True,8.253821536951772,value,0.008229867836858614
C,SVM-RBF,25,PRUNED,0.9268662916907147,93,True,60.075323435451104,auto,
C,SVM-RBF,26,PRUNED,0.8561968877372753,165,True,0.961890856659146,value,0.01966496411264451
C,SVM-RBF,27,PRUNED,0.9283802581831448,135,True,303.535533701567,value,0.00661601082027268
C,SVM-RBF,28,PRUNED,0.0,125,False,0.3665552074995722,value,0.2481341313356355
C,SVM-RBF,29,PRUNED,0.9305831157093308,106,True,4.966233556102697,scale,
C,SVM-RBF,30,PRUNED,0.9040318684659736,199,True,46.068881806597425,value,0.002186830342310971
C,SVM-RBF,31,PRUNED,0.15108116655890885,137,True,3.8135685391907757,value,0.06972980801754512
C,SVM-RBF,32,PRUNED,0.9254948826322865,122,True,1.1250523873512523,auto,
C,SVM-RBF,33,PRUNED,0.9187838779234669,100,False,31.68459887398278,auto,
C,SVM-RBF,34,PRUNED,0.9027874484059959,187,False,4.636672406263521,value,0.0015648379050548404
C,SVM-RBF,35,PRUNED,0.9129229211527907,114,False,16.525686689849127,scale,
C,SVM-RBF,36,COMPLETE,0.9261424947699182,140,False,84.88938659887775,auto,
C,SVM-RBF,37,PRUNED,0.05438967955474472,132,True,62.52892487256443,value,0.08779087918915178
C,SVM-RBF,38,PRUNED,0.9189012271499373,134,False,2.4240703098331466,auto,
C,SVM-RBF,39,PRUNED,0.9011871454019678,29,True,4.9324017048869315,scale,
C,SVM-RBF,40,PRUNED,0.8817343972120019,23,False,310.5760806640872,auto,
C,SVM-RBF,41,PRUNED,0.9144284406497306,112,False,14.500428320930482,value,0.0031644891887199563
C,SVM-RBF,42,PRUNED,0.9099282491451206,192,False,207.94336979116588,scale,
C,SVM-RBF,43,PRUNED,0.915874812101929,127,False,220.2793459312855,auto,
C,SVM-RBF,44,PRUNED,0.0,69,True,34.896002308173884,value,1.4433828530517445
C,SVM-RBF,45,PRUNED,0.8747230122037576,153,True,0.12714137317269078,scale,
C,SVM-RBF,46,PRUNED,0.8237560284100973,41,False,0.11353513830816864,auto,
C,SVM-RBF,47,PRUNED,0.9298171785260392,155,False,24.53250119286499,auto,
C,SVM-RBF,48,COMPLETE,0.927280204307959,150,True,39.01033546089976,auto,
C,SVM-RBF,49,PRUNED,0.920200321264335,162,True,443.1376442873936,auto,
C,SVM-RBF,50,PRUNED,0.8834552231870847,156,True,9.631725543086791,value,0.020661263865006125
C,SVM-RBF,51,COMPLETE,0.9279094382837989,132,True,45.45774573189469,auto,
C,SVM-RBF,52,COMPLETE,0.9284710477158156,148,True,13.262521222703844,auto,
C,SVM-RBF,53,PRUNED,0.9320613666156843,128,True,134.90175597935152,auto,
C,SVM-RBF,54,COMPLETE,0.9284710477158156,148,True,14.322707431240413,auto,
C,SVM-RBF,55,COMPLETE,0.9273182167606858,142,True,4.370428725524225,auto,
C,SVM-RBF,56,PRUNED,0.9202723153128463,186,True,10.211303623933217,auto,
C,SVM-RBF,57,PRUNED,0.8643817823570914,152,True,0.10880329624973747,auto,
C,SVM-RBF,58,PRUNED,0.9188336098231273,113,True,6.605550120709201,auto,
C,SVM-RBF,59,COMPLETE,0.927341703450512,142,True,3.0171905622355606,auto,
C,SVM-RBF,60,PRUNED,0.0,184,False,0.014171919449687861,value,3.0361032819802674
C,SVM-RBF,61,PRUNED,0.9298268035064909,157,True,4.342496129402322,auto,
C,SVM-RBF,62,COMPLETE,0.9279050995954996,136,True,20.97260630931656,auto,
C,SVM-RBF,63,PRUNED,0.9320613666156843,128,True,33.88624350451176,auto,
C,SVM-RBF,64,PRUNED,0.9320734229332936,141,True,4.19832982342559,scale,
C,SVM-RBF,65,COMPLETE,0.9296740469158739,133,True,29.832879937392,auto,
C,SVM-RBF,66,PRUNED,0.9320613666156843,128,True,54.09229800834202,auto,
C,SVM-RBF,67,PRUNED,0.912876712329138,85,True,2071.0118814042344,auto,
C,SVM-RBF,68,COMPLETE,0.9308389573880588,146,True,21.788582864232808,auto,
C,SVM-RBF,69,PRUNED,0.9216942133132296,161,True,23.312054761207246,auto,
C,SVM-RBF,70,PRUNED,0.9232481851314773,102,True,9.620661328502608,auto,
C,SVM-RBF,71,COMPLETE,0.9320325821145025,147,True,15.199114575621179,auto,
C,SVM-RBF,72,COMPLETE,0.9284710477158156,148,True,58.98723997791806,auto,
C,SVM-RBF,73,PRUNED,0.9187944839900922,166,True,62.13773962169924,auto,
C,SVM-RBF,74,PRUNED,0.9201998398188349,163,True,9.602640437057648,auto,
C,SVM-RBF,75,PRUNED,0.9217609076458071,117,True,82.22896944028707,scale,
C,SVM-RBF,76,PRUNED,0.9306043843597532,138,True,3.405018375272606,auto,
C,SVM-RBF,77,PRUNED,0.9320469816069368,140,True,1029.1607111096423,auto,
C,SVM-RBF,78,PRUNED,0.8468503137828063,81,True,0.06284282587337145,scale,
C,SVM-RBF,79,PRUNED,0.8440775232526081,27,True,2355.003622781153,value,1.193399534583106e-05
C,SVM-RBF,80,PRUNED,0.8823177861960791,118,True,6.581598543625643,value,0.0002709062141126347
C,SVM-RBF,81,PRUNED,0.8907417764214263,34,False,51.63788795650062,scale,
C,SVM-RBF,82,COMPLETE,0.9273126867638766,138,True,92.3502878647086,auto,
C,SVM-RBF,83,PRUNED,0.9313395534219409,129,True,42.46902393409714,auto,
C,SVM-RBF,84,PRUNED,0.8733777644173322,162,False,0.37768228597055103,scale,
C,SVM-RBF,85,COMPLETE,0.9284870604351811,143,True,11.88334917595362,auto,
C,SVM-RBF,86,PRUNED,0.9291451329607502,125,True,2.3576595320855374,auto,
C,SVM-RBF,87,PRUNED,0.9312732691805914,155,True,16.342285437427908,auto,
C,SVM-RBF,88,PRUNED,0.9055740851209723,37,True,10.62574312208453,auto,
C,SVM-RBF,89,PRUNED,0.8190290257032747,200,False,0.1023632070144327,auto,
C,SVM-RBF,90,PRUNED,0.9203081283709799,173,True,28.673315141674625,scale,
C,SVM-RBF,91,PRUNED,0.9246564378301796,152,True,39.84154189286407,auto,
C,SVM-RBF,92,COMPLETE,0.9279094382837989,132,True,33.3488743905279,auto,
C,SVM-RBF,93,PRUNED,0.823638107441995,23,True,0.09161165625881652,auto,
C,SVM-RBF,94,PRUNED,0.9231814859720584,149,True,5.425660672666141,auto,
C,SVM-RBF,95,PRUNED,0.0,151,True,332.41735081885577,value,0.6291662420109871
C,SVM-RBF,96,COMPLETE,0.9296740469158739,133,True,16.84432384575966,auto,
C,SVM-RBF,97,COMPLETE,0.9285029651818242,125,True,6.60746683854794,auto,
C,SVM-RBF,98,PRUNED,0.9254507945644643,109,True,1.5186688108753639,auto,
C,SVM-RBF,99,PRUNED,0.9328398655433576,131,True,1.9949831700019045,auto,
C,SVM-RBF,100,PRUNED,0.9085484690328703,180,True,0.97305845890852,auto,
C,SVM-RBF,101,PRUNED,0.0,57,False,0.16682696125036087,value,8.437215495955138
C,SVM-RBF,102,PRUNED,0.9217905408473868,118,True,19.331481813562498,auto,
C,SVM-RBF,103,PRUNED,0.9217758369522497,135,True,8.710774079391083,auto,
C,SVM-RBF,104,PRUNED,0.9312732691805914,155,True,56.56021533242618,auto,
C,SVM-RBF,105,PRUNED,0.9084771915047123,155,True,16.132784693203284,value,0.0006665861635494706
C,SVM-RBF,106,PRUNED,0.9187771425685072,194,True,175.45442937251227,auto,
C,SVM-RBF,107,PRUNED,0.9231667710059057,149,True,9.992056383353866,auto,
C,SVM-RBF,108,PRUNED,0.9298374128700603,106,True,104.18473727526849,auto,
C,SVM-RBF,109,PRUNED,0.9313395534219409,129,True,10.20464914984591,auto,
C,SVM-RBF,110,PRUNED,0.8427788010918404,98,False,0.09724790718312698,auto,
C,SVM-RBF,111,COMPLETE,0.9290744835835822,143,True,71.46345574736331,auto,
C,SVM-RBF,112,PRUNED,0.9143363739820511,195,False,745.0326409728206,auto,
C,SVM-RBF,113,COMPLETE,0.9273126867638766,138,True,266.2243388743965,auto,
C,SVM-RBF,114,PRUNED,0.004184928698068913,114,True,57.752469123375775,value,0.14843894458306445
C,SVM-RBF,115,PRUNED,0.9231667710059057,149,True,28.96950354000601,auto,
C,SVM-RBF,116,PRUNED,0.8239292788520476,94,True,0.4653896411589803,value,0.0003316166139912667
C,SVM-RBF,117,PRUNED,0.9246508074017065,158,True,33.6947323509462,auto,
C,SVM-RBF,118,PRUNED,0.9320641544602064,149,False,4.38416356317801,auto,
C,SVM-RBF,119,PRUNED,0.9173288889904159,114,True,8.710730147712479,auto,
C,SVM-RBF,120,PRUNED,0.932014027376191,155,True,3.5762748615741837,auto,
C,SVM-RBF,121,PRUNED,0.876182049710468,111,False,1841.4259872847022,value,5.7522902553242256e-05
C,SVM-RBF,122,PRUNED,0.9158570549416216,115,True,89.26189431614726,auto,
C,SVM-RBF,123,COMPLETE,0.9290879415508485,130,True,77.90449959829314,auto,
C,SVM-RBF,124,PRUNED,0.9335400875904373,142,True,77.3456006223678,auto,
C,SVM-RBF,125,COMPLETE,0.9296740469158739,133,True,23.926033897159336,auto,
C,SVM-RBF,126,PRUNED,0.9217609076458071,117,True,50.4580167351495,auto,
C,SVM-RBF,127,COMPLETE,0.9285185629412499,124,True,5.533806009530767,auto,
C,SVM-RBF,128,PRUNED,0.9290840172656146,93,True,8.29489313733881,auto,
C,SVM-RBF,129,PRUNED,0.9328083673730998,142,True,12.434050460248594,scale,
C,SVM-RBF,130,PRUNED,0.8998457655992755,128,True,0.5698397339690973,auto,
C,SVM-RBF,131,PRUNED,0.9232851156447074,125,True,4.085293768205099,auto,
C,SVM-RBF,132,PRUNED,0.9218056302409643,125,True,10.801052503999664,auto,
C,SVM-RBF,133,PRUNED,0.9312949907259416,154,True,3.251524199318862,auto,
C,SVM-RBF,134,PRUNED,0.9320613666156843,128,True,33.50169760373683,auto,
C,SVM-RBF,135,PRUNED,0.5665021728241602,128,True,25.302924684791602,value,0.050914855394393846
C,SVM-RBF,136,COMPLETE,0.9290744835835822,143,True,20.28799260093494,auto,
C,SVM-RBF,137,PRUNED,0.932080277692915,137,True,5.418131519313014,auto,
C,SVM-RBF,138,COMPLETE,0.9290744835835822,143,True,256.4166461887382,auto,
C,SVM-RBF,139,COMPLETE,0.9279087397705231,139,True,7209.195839567404,auto,
C,SVM-RBF,140,PRUNED,0.9217905408473868,118,True,329.83669649815783,auto,
C,SVM-RBF,141,PRUNED,0.9216942133132296,161,True,555.0323737405862,auto,
C,SVM-RBF,142,COMPLETE,0.9308389573880588,146,True,236.76901795345705,auto,
C,SVM-RBF,143,PRUNED,0.9320613666156843,128,True,414.56178475302227,auto,
C,SVM-RBF,144,PRUNED,0.9328073968650141,140,True,631.2560433350887,scale,
C,SVM-RBF,145,PRUNED,0.9158471997613852,169,True,236.69735743990933,auto,
C,SVM-RBF,146,PRUNED,0.8458567117448437,142,False,24.166220758070615,value,1.1223781509737205e-05
C,SVM-RBF,147,COMPLETE,0.9290744835835822,143,True,196.72680169286335,auto,
C,SVM-RBF,148,PRUNED,0.9320699536565243,134,True,379.29006948244154,auto,
C,SVM-RBF,149,PRUNED,0.9202358016950456,160,True,310.9540490071161,auto,
C,SVM-polinomial,0,COMPLETE,0.908444889931358,87,True,9.846738873614559,2,0.46798356100860794
C,SVM-polinomial,1,PRUNED,0.8761542903045763,30,True,34.70266988650411,2,2.909729556485983
C,SVM-polinomial,2,COMPLETE,0.9114948210726356,170,True,0.08260808399079603,3,1.5742692948967134
C,SVM-polinomial,3,PRUNED,0.8825225298045338,98,False,0.04982752357076448,3,1.099085529881075
C,SVM-polinomial,4,COMPLETE,0.920770858732783,102,True,3.725393839578884,4,0.13935123815999317
C,SVM-polinomial,5,COMPLETE,0.9202625784434073,129,True,555.1721685244722,5,2.4251920443493833
C,SVM-polinomial,6,PRUNED,0.9028367009601609,75,False,1.587678152692399,2,1.4855307303338106
C,SVM-polinomial,7,PRUNED,0.8758464973512898,26,True,20.54051942538844,3,1.5602040635334324
C,SVM-polinomial,8,PRUNED,0.9232424489960267,118,False,75.10418138777538,5,2.6844820512829464
C,SVM-polinomial,9,PRUNED,0.8853019293735247,128,True,0.09548041810464164,2,0.975990992289793
C,SVM-polinomial,10,COMPLETE,0.9273354709166327,118,True,1.062763553407064,5,0.44094576595462154
C,SVM-polinomial,11,PRUNED,0.9173235763443701,100,True,20.92732706481918,5,0.526326691895184
C,SVM-polinomial,12,PRUNED,0.884959735475791,132,True,0.05191304350183315,5,0.4863592726029465
C,SVM-polinomial,13,PRUNED,0.8893368411843015,46,False,1.5850836771923915,4,0.39172725169252515
C,SVM-polinomial,14,PRUNED,0.9085481284604745,42,True,0.09382452530426319,5,1.5219146708371343
C,SVM-polinomial,15,COMPLETE,0.9249392010900566,143,False,7.9146374788070295,4,0.4388603836094924
C,SVM-polinomial,16,PRUNED,0.9275618399887176,165,False,19.76989175952253,5,1.06278112925532
C,SVM-polinomial,17,PRUNED,0.9231907685798192,193,True,0.9981054827467523,4,0.2301053280947402
C,SVM-polinomial,18,PRUNED,0.9268136704502861,116,False,319.33878925676504,4,0.17793742352711306
C,SVM-polinomial,19,PRUNED,0.9202741685297566,96,False,0.946927989448132,5,1.426941084103853
C,SVM-polinomial,20,COMPLETE,0.9243570570850178,148,False,31.88439283761257,3,0.8746768296603551
C,SVM-polinomial,21,PRUNED,0.902533470093221,187,False,14.887497778563615,3,1.1334256234258273
C,SVM-polinomial,22,COMPLETE,0.9296606218936759,154,False,0.9001865579228395,4,0.718477090208566
C,SVM-polinomial,23,PRUNED,0.8819788919742633,159,False,0.689348094977911,4,0.06202281197286097
C,SVM-polinomial,24,PRUNED,0.9283505193540004,135,False,1.1006916885603413,4,0.9654824486175888
C,SVM-polinomial,25,PRUNED,0.9276302693816101,168,False,0.048446532965723106,5,1.5043978416354764
C,SVM-polinomial,26,PRUNED,0.895435590530296,177,True,45.183689023462954,5,0.10210878231016574
C,SVM-polinomial,27,PRUNED,0.9069061791070119,125,False,3.5101437938161104,5,0.12512437990854652
C,SVM-polinomial,28,PRUNED,0.9158490681323633,135,True,16.99598350359173,3,1.7743183309486044
C,SVM-polinomial,29,PRUNED,0.9115377695241687,126,True,0.49569311049388004,5,1.5074988717022428
C,SVM-polinomial,30,PRUNED,0.8910580593219364,125,False,0.5688655891349116,2,2.893367873405599
C,SVM-polinomial,31,PRUNED,0.9157180623251662,190,False,230.73210204044463,3,0.2436059247679303
C,SVM-polinomial,32,PRUNED,0.9144572475086047,126,False,73.58004776633169,2,0.8433415480657735
C,SVM-polinomial,33,PRUNED,0.9188108971105298,128,False,11.54322984846996,3,0.44042940675321274
C,SVM-polinomial,34,PRUNED,0.9114531793973736,70,True,0.38971296006974926,5,0.5553842635387586
C,SVM-polinomial,35,PRUNED,0.7910926482134861,29,True,0.014535020101288805,2,0.8057806348058234
C,SVM-polinomial,36,COMPLETE,0.9261281541800862,152,True,70.52318207135639,3,0.5877569255781439
C,SVM-polinomial,37,COMPLETE,0.9232154257878469,144,True,78.8508887550077,3,1.1001604177780457
C,SVM-polinomial,38,PRUNED,0.8837532319459718,22,False,0.31743649344362074,3,2.7391486650771553
C,SVM-polinomial,39,PRUNED,0.9189050059887367,114,True,645.915837072467,3,0.4379047771844401
C,SVM-polinomial,40,PRUNED,0.9114783169475165,92,False,0.025802094735698115,5,2.860366722617317
C,SVM-polinomial,41,PRUNED,0.9268777149415459,141,False,131.67013420138235,3,1.2418769247442234
C,SVM-polinomial,42,PRUNED,0.9130009016404732,126,True,0.6450987518452711,5,0.7265537054384591
C,SVM-polinomial,43,PRUNED,0.9269269972999484,142,True,8.010233758853639,2,0.22853994248273296
C,SVM-polinomial,44,PRUNED,0.918807250460909,193,True,773.8235234436187,3,0.3151885786246476
C,SVM-polinomial,45,PRUNED,0.9129563043088564,178,False,0.7450671842778341,3,0.8559431262320301
C,SVM-polinomial,46,PRUNED,0.8498630783463093,124,True,0.4094833034918227,5,0.031871777356165865
C,SVM-polinomial,47,PRUNED,0.9114548853390128,68,False,660.8028241870101,4,1.8095948133957473
C,SVM-polinomial,48,COMPLETE,0.9261314497769376,148,True,19.90651177704518,3,0.62946256470602
C,SVM-polinomial,49,PRUNED,0.9290962830671432,162,True,25.70021897729141,3,0.3390126621181696
C,SVM-polinomial,50,COMPLETE,0.9273070486390479,154,True,7.529338888071887,4,0.9735887187069696
C,SVM-polinomial,51,COMPLETE,0.9255539783756352,140,True,17.858483257798024,4,0.9537411802091297
C,SVM-polinomial,52,PRUNED,0.9159870477918093,126,True,17.97353481690414,4,1.0666028449381333
C,SVM-polinomial,53,PRUNED,0.9239729469460429,178,True,107.03061718358296,4,1.8607023495449428
C,SVM-polinomial,54,PRUNED,0.9202709472298684,101,True,6.024183948918244,3,0.6139839676669916
C,SVM-polinomial,55,PRUNED,0.9217561785064711,173,True,7.319904851164104,4,0.8616960755169892
C,SVM-polinomial,56,COMPLETE,0.9273201043956938,133,True,25.629726955544008,4,0.37405751542634436
C,SVM-polinomial,57,PRUNED,0.884900240241066,64,True,351.718247692258,2,1.59319794545395
C,SVM-polinomial,58,PRUNED,0.9159672450641256,125,True,29.58192687866855,4,0.532149421174029
C,SVM-polinomial,59,PRUNED,0.902646633266919,65,True,2.051894432504257,4,2.444792707138602
C,SVM-polinomial,60,PRUNED,0.9216828897213061,163,True,2.545494048560566,3,1.138503423704479
C,SVM-polinomial,61,PRUNED,0.929846552773606,163,True,36.37061675697919,4,0.7189706793129647
C,SVM-polinomial,62,PRUNED,0.8807957077133219,190,False,0.016800021549019054,3,2.0814705478199507
C,SVM-polinomial,63,COMPLETE,0.9273699912765299,143,True,2.2249987719769058,4,0.17869460043539687
C,SVM-polinomial,64,PRUNED,0.9291716753136516,115,True,0.5191995494276506,4,0.5550693372500932
C,SVM-polinomial,65,PRUNED,0.9084785964473038,184,True,48.61848347730183,2,1.108883645341677
C,SVM-polinomial,66,PRUNED,0.9025878117228279,195,True,1.0028568173362717,3,2.8797487888147666
C,SVM-polinomial,67,PRUNED,0.9188047381138655,131,True,28.099915671903986,4,0.0822243627694631
C,SVM-polinomial,68,PRUNED,0.9129208113123128,172,False,2.40320616770802,4,2.243097669641995
C,SVM-polinomial,69,PRUNED,0.8938826864147381,177,True,0.03240348342570609,4,1.0741578193055261
C,SVM-polinomial,70,PRUNED,0.9026232820442651,126,True,1.056154582993158,4,0.07580641714578434
C,SVM-polinomial,71,PRUNED,0.9312966541585372,156,True,1.0155608132126377,4,0.9334622475495471
C,SVM-polinomial,72,COMPLETE,0.9279415640092651,143,True,24.67972601087672,5,1.2267226104967381
C,SVM-polinomial,73,COMPLETE,0.9255961356681952,150,True,4.9582869594401675,5,0.7241834772882455
C,SVM-polinomial,74,PRUNED,0.931342697469474,138,True,140.10363745026885,5,1.1644589574917703
C,SVM-polinomial,75,PRUNED,0.9174505949976111,126,True,18.637796165297893,5,1.8911125332935748
C,SVM-polinomial,76,PRUNED,0.9305367483641005,152,False,1.1362523707953656,4,1.1005068492494474
C,SVM-polinomial,77,PRUNED,0.9291078492907576,156,True,5.5010023894138635,4,0.1237256363841373
C,SVM-polinomial,78,PRUNED,0.8818779948592794,42,False,335.42234435427605,2,2.411870549658375
C,SVM-polinomial,79,PRUNED,0.9305454811049969,154,True,168.08469188926563,3,0.6419640780903029
C,SVM-polinomial,80,PRUNED,0.9187632700572055,180,True,16.24449050591737,5,1.3875181842052786
C,SVM-polinomial,81,COMPLETE,0.9314874535978991,154,True,20.10223807209601,5,0.808759633805877
C,SVM-polinomial,82,PRUNED,0.9203495500321592,114,True,16.187068478312113,5,0.6687886329258671
C,SVM-polinomial,83,PRUNED,0.9157051007642466,161,False,127.10288377898415,5,0.3629479754859161
C,SVM-polinomial,84,PRUNED,0.8999361420868898,22,False,0.15286719411845087,5,1.7524361934683688
C,SVM-polinomial,85,PRUNED,0.89979053595647,161,False,0.14775272634210912,4,0.4995943620891531
C,SVM-polinomial,86,COMPLETE,0.9320461718574047,147,True,22.015422223294575,5,1.0944090160917157
C,SVM-polinomial,87,PRUNED,0.923957522086507,174,True,51.583110892479354,5,0.8925267671726849
C,SVM-polinomial,88,PRUNED,0.6050285162139939,42,False,0.04038686787831403,3,0.014255231386124834
C,SVM-polinomial,89,PRUNED,0.9188352835153997,127,False,51.576794551085925,5,1.5619348159306137
C,SVM-polinomial,90,PRUNED,0.9291135791289477,167,True,4.916913038481084,5,1.2349582828494965
C,SVM-polinomial,91,PRUNED,0.9173523166035065,103,True,10.52077138863659,5,1.1495594905812672
C,SVM-polinomial,92,COMPLETE,0.9261515767605868,145,True,7.55842417241119,5,1.2876455947380145
C,SVM-polinomial,93,PRUNED,0.9159806224167505,122,True,9.696113034021977,5,1.381210090954457
C,SVM-polinomial,94,COMPLETE,0.9273422415542971,153,True,19.85930100191766,5,0.5893672479982153
C,SVM-polinomial,95,PRUNED,0.7701824033697506,100,False,0.01975809227276811,5,0.3872982883545061
C,SVM-polinomial,96,PRUNED,0.8780078756899445,107,True,0.0794329709921269,2,2.1938525089745697
C,SVM-polinomial,97,PRUNED,0.9084988991776548,124,True,142.12344429827974,5,0.4185022436099175
C,SVM-polinomial,98,PRUNED,0.9024865720586526,52,True,217.90836180923435,5,2.673227727822229
C,SVM-polinomial,99,PRUNED,0.9187962525328125,151,True,19.115180981345212,5,0.3312702684115686
C,SVM-polinomial,100,PRUNED,0.9313150135147006,150,True,5.389027049858077,4,1.9246050625825581
C,SVM-polinomial,101,PRUNED,0.839874586073972,53,False,0.03128173446910623,2,1.5131796563040014
C,SVM-polinomial,102,PRUNED,0.9283685779292833,136,True,29.08173422912594,5,1.1451072149669055
C,SVM-polinomial,103,PRUNED,0.9142461883235076,198,False,1.534081121597532,5,0.8091725378413106
C,SVM-polinomial,104,COMPLETE,0.9332485375071284,146,True,60.74930208681569,5,0.8564904925372505
C,SVM-polinomial,105,PRUNED,0.9099145348754356,150,False,63.38012302854167,2,2.8864680960995424
C,SVM-polinomial,106,COMPLETE,0.9302592164118059,156,True,18.81039282718306,5,0.8621786202432073
C,SVM-polinomial,107,COMPLETE,0.926750614691278,152,True,205.65119220083142,5,0.9210415648143646
C,SVM-polinomial,108,PRUNED,0.9305921120180304,166,True,2.2325475552299463,5,0.7935181475118798
C,SVM-polinomial,109,PRUNED,0.9129266349280675,123,True,8.269242068251637,5,0.28265557460692137
C,SVM-polinomial,110,COMPLETE,0.9290817351778637,165,True,36.90521359167691,5,0.7178993561018214
C,SVM-polinomial,111,PRUNED,0.9188229385420601,198,True,9.757649658985935,5,0.4732344307129182
C,SVM-polinomial,112,PRUNED,0.9158366652657554,171,True,121.13069743051956,5,0.37994438040730866
C,SVM-polinomial,113,COMPLETE,0.9261629106561815,140,True,62.360436688876625,5,0.808343470394253
C,SVM-polinomial,114,PRUNED,0.9313076456783935,161,True,32.360013061568765,5,0.7955610902703534
C,SVM-polinomial,115,COMPLETE,0.9291005339442527,155,True,21.394504268788086,5,0.8320325293053041
C,SVM-polinomial,116,PRUNED,0.9312842590571517,132,False,5.36533941287828,5,1.0364101489383415
C,SVM-polinomial,117,PRUNED,0.9231693837833079,162,True,45.160469730602834,5,1.0944890850973024
C,SVM-polinomial,118,COMPLETE,0.929675754994707,166,True,17.81557285623062,5,0.562893389406494
C,SVM-polinomial,119,PRUNED,0.9283603550228086,157,True,6.062935381943031,5,0.8014534771581824
C,SVM-polinomial,120,PRUNED,0.9201690560425069,165,False,7.709925152036591,4,0.4820963490293717
C,SVM-polinomial,121,PRUNED,0.8355234933646596,161,True,0.18896409828131192,4,0.035301202140577914
C,SVM-polinomial,122,PRUNED,0.9276469146797504,158,True,21.162260199114833,5,0.5542281099544355
C,SVM-polinomial,123,PRUNED,0.8909884099815284,136,False,0.5947617662914526,2,1.576312098127851
C,SVM-polinomial,124,COMPLETE,0.9296621212986486,153,True,15.142911378433698,5,1.0121740738632843
C,SVM-polinomial,125,PRUNED,0.9158325378175447,95,True,1.0218708161696015,5,0.5986237550140663
C,SVM-polinomial,126,PRUNED,0.9202146105518456,165,True,165.2612259748626,5,1.8211018971961905
C,SVM-polinomial,127,PRUNED,0.9010238946900444,49,True,396.9024120523109,5,1.0637085732050713
C,SVM-polinomial,128,PRUNED,0.9113405144677655,183,False,78.78473562417129,5,1.1205722787356567
C,SVM-polinomial,129,PRUNED,0.9313392438152673,136,True,12.602395276222337,5,0.8902516380209697
C,SVM-polinomial,130,PRUNED,0.9298605346230969,167,True,42.268674059576085,5,0.9375637067559399
C,SVM-polinomial,131,COMPLETE,0.9267748641046187,151,True,18.005598558814164,5,0.8953597805237383
C,SVM-polinomial,132,PRUNED,0.9247269413305315,158,True,22.926936986980365,5,0.37697958455060165
C,SVM-polinomial,133,PRUNED,0.9173719283535369,128,True,5.964125532882407,4,0.22876081012601202
C,SVM-polinomial,134,PRUNED,0.8734108966411005,30,True,0.9807668225025942,2,1.29783431020366
C,SVM-polinomial,135,PRUNED,0.9188835133984825,120,True,462.10087787733244,4,0.9251481407166366
C,SVM-polinomial,136,PRUNED,0.9313413216661353,134,True,1.223493101927934,5,0.6733347992778349
C,SVM-polinomial,137,PRUNED,0.9188206005793896,188,True,26.945348587844858,5,0.9559940858212173
C,SVM-polinomial,138,PRUNED,0.9246537388969231,162,True,89.79248991568242,4,1.0816989712388625
C,SVM-polinomial,139,COMPLETE,0.9255862298696277,144,True,31.0008237870814,5,0.723175473157528
C,SVM-polinomial,140,PRUNED,0.921819478135351,129,True,69.36439721950008,5,1.180837811884453
C,SVM-polinomial,141,COMPLETE,0.9291216917360975,149,True,6.167081506305065,4,0.6244321507380862
C,SVM-polinomial,142,PRUNED,0.931329755079211,133,True,4.600495511738652,4,0.47360119894266006
C,SVM-polinomial,143,PRUNED,0.9173834409788547,198,True,815.7050640573665,5,0.9462053692066785
C,SVM-polinomial,144,PRUNED,0.883272119884118,32,False,79.61487781032028,5,1.2767248680307106
C,SVM-polinomial,145,PRUNED,0.9305672287328876,166,True,12.57346809760447,4,0.9157943107116991
C,SVM-polinomial,146,PRUNED,0.857493190439654,143,False,0.07785849039388484,2,0.13792581123506142
C,SVM-polinomial,147,PRUNED,0.9305837933499752,160,True,29.35921488674911,4,0.4619282115104903
C,SVM-polinomial,148,PRUNED,0.9276336964461325,159,True,16.826157812965235,5,1.3163813385548266
C,SVM-polinomial,149,COMPLETE,0.9279322899515077,152,True,6.832089873132632,4,0.4502599664136539
C,kNN,0,COMPLETE,0.8779037020497291,87,True,13,uniform,2
C,kNN,1,PRUNED,0.8548560652961281,128,True,20,uniform,2
C,kNN,2,COMPLETE,0.8847875293296303,75,True,8,uniform,2
C,kNN,3,COMPLETE,0.895312965573309,102,True,12,uniform,1
C,kNN,4,PRUNED,0.8699745950451938,31,False,17,uniform,1
C,kNN,5,PRUNED,0.8476989791237608,42,True,19,distance,2
C,kNN,6,PRUNED,0.8505973032071745,118,False,16,uniform,2
C,kNN,7,PRUNED,0.8720886182589005,36,True,8,uniform,1
C,kNN,8,COMPLETE,0.8970697453258921,70,True,17,distance,1
C,kNN,9,PRUNED,0.8519559625942721,20,True,16,uniform,1
C,kNN,10,PRUNED,0.8847703188225939,111,True,18,distance,1
C,kNN,11,COMPLETE,0.8959056856013838,116,True,13,uniform,1
C,kNN,12,PRUNED,0.8811199942943799,182,True,12,uniform,1
C,kNN,13,COMPLETE,0.9118715319478398,66,False,6,distance,1
C,kNN,14,COMPLETE,0.9083879007408997,112,False,3,distance,1
C,kNN,15,COMPLETE,0.9113011269717365,103,False,3,distance,1
C,kNN,16,PRUNED,0.9030950989403425,51,False,7,distance,1
C,kNN,17,COMPLETE,0.9136594369338138,180,False,6,distance,1
C,kNN,18,PRUNED,0.8810757657576762,189,True,5,distance,1
C,kNN,19,COMPLETE,0.9035622159817329,168,False,7,distance,1
C,kNN,20,PRUNED,0.8892904120243552,166,False,3,uniform,2
C,kNN,21,PRUNED,0.8876461119026859,79,False,9,distance,2
C,kNN,22,COMPLETE,0.906572520935924,66,False,3,uniform,1
C,kNN,23,PRUNED,0.9050108972396889,85,True,3,distance,1
C,kNN,24,PRUNED,0.8906382324959974,178,False,10,distance,2
C,kNN,25,PRUNED,0.8876747006169018,99,False,3,distance,2
C,kNN,26,PRUNED,0.9038367928810349,107,False,9,distance,1
C,kNN,27,PRUNED,0.8964722251884317,122,False,7,uniform,1
C,kNN,28,PRUNED,0.8672158317268139,23,False,3,distance,2
C,kNN,29,COMPLETE,0.9107757449013825,150,False,3,distance,1
C,kNN,30,PRUNED,0.8926142593089271,144,True,4,distance,2
C,kNN,31,PRUNED,0.8965403871959685,177,False,5,uniform,1
C,kNN,32,COMPLETE,0.9172553582564102,146,False,3,distance,1
C,kNN,33,PRUNED,0.8981375766511366,198,False,3,distance,1
C,kNN,34,COMPLETE,0.9136948507111835,85,False,5,distance,1
C,kNN,35,PRUNED,0.9053409197049005,55,False,7,distance,1
C,kNN,36,PRUNED,0.8905630784508296,196,False,10,distance,1
C,kNN,37,PRUNED,0.8863221823336329,185,False,3,distance,2
C,kNN,38,PRUNED,0.9007570861248321,158,True,3,uniform,1
C,kNN,39,COMPLETE,0.9082942014109333,93,False,8,distance,1
C,kNN,40,PRUNED,0.8637112140666666,199,True,20,uniform,1
C,kNN,41,PRUNED,0.8920621805066675,62,False,4,distance,1
C,kNN,42,COMPLETE,0.9201817183972143,97,False,4,distance,1
C,kNN,43,PRUNED,0.8649014001899227,33,True,9,distance,1
C,kNN,44,PRUNED,0.8654993174070336,181,False,18,distance,2
C,kNN,45,COMPLETE,0.9130263373333163,99,False,6,distance,1
C,kNN,46,PRUNED,0.896554464633964,128,False,5,distance,1
C,kNN,47,PRUNED,0.9105401312889835,99,False,5,distance,1
C,kNN,48,PRUNED,0.8890699778112079,113,False,8,uniform,2
C,kNN,49,PRUNED,0.8810753432508276,102,True,14,distance,2
C,kNN,50,PRUNED,0.8970206648000753,116,True,7,distance,1
C,kNN,51,COMPLETE,0.9112953769587208,94,False,5,distance,1
C,kNN,52,COMPLETE,0.9142704734098477,73,False,4,distance,1
C,kNN,53,PRUNED,0.9090547590673872,88,False,3,distance,1
C,kNN,54,PRUNED,0.8905743319932997,65,False,11,uniform,1
C,kNN,55,COMPLETE,0.9064939345052085,158,False,8,distance,1
C,kNN,56,PRUNED,0.8553345009446846,189,True,8,uniform,2
C,kNN,57,PRUNED,0.8994772498168218,141,False,5,distance,1
C,kNN,58,PRUNED,0.8851011355540059,80,True,3,distance,2
C,kNN,59,COMPLETE,0.9202494144965323,80,False,6,distance,1
C,kNN,60,PRUNED,0.8573690619135049,44,True,4,uniform,2
C,kNN,61,COMPLETE,0.9172927318576887,76,False,6,distance,1
C,kNN,62,PRUNED,0.8935704254610493,53,False,5,distance,1
C,kNN,63,PRUNED,0.8950215485070306,62,False,3,distance,1
C,kNN,64,PRUNED,0.9080079369392031,141,True,3,distance,1
C,kNN,65,PRUNED,0.8787172693616996,83,False,20,distance,1
C,kNN,66,PRUNED,0.8755482536305608,60,False,4,uniform,2
C,kNN,67,PRUNED,0.907757745545773,135,False,3,uniform,1
C,kNN,68,PRUNED,0.9009503389389133,84,False,9,distance,1
C,kNN,69,PRUNED,0.8824417847564134,93,True,20,uniform,1
C,kNN,70,COMPLETE,0.9118763090783351,189,False,6,distance,1
C,kNN,71,PRUNED,0.903605894926611,91,True,3,uniform,1
C,kNN,72,PRUNED,0.8996440178190379,102,False,7,distance,1
C,kNN,73,COMPLETE,0.9178224484747144,90,False,6,distance,1
C,kNN,74,PRUNED,0.8935122194544185,71,False,7,distance,2
C,kNN,75,PRUNED,0.9075115305857396,64,False,7,distance,1
C,kNN,76,PRUNED,0.9082948198778579,97,False,3,distance,1
C,kNN,77,PRUNED,0.8920335300725677,59,False,6,uniform,1
C,kNN,78,PRUNED,0.8954076685996699,70,True,6,distance,1
C,kNN,79,PRUNED,0.9106169784602668,158,False,3,distance,1
C,kNN,80,PRUNED,0.8742074170833676,148,False,15,distance,1
C,kNN,81,COMPLETE,0.9166178165294838,92,False,6,distance,1
C,kNN,82,PRUNED,0.8980749091008884,84,False,7,distance,1
C,kNN,83,COMPLETE,0.9143318778620433,84,False,6,distance,1
C,kNN,84,COMPLETE,0.9202494144965323,80,False,6,distance,1
C,kNN,85,PRUNED,0.8876059540109906,58,False,10,distance,1
C,kNN,86,COMPLETE,0.9130223735453772,97,False,7,distance,1
C,kNN,87,PRUNED,0.8950550327509407,129,False,5,distance,2
C,kNN,88,PRUNED,0.866605247697346,20,True,11,uniform,2
C,kNN,89,COMPLETE,0.9160378933555758,72,False,6,distance,1
C,kNN,90,COMPLETE,0.9178473329656753,79,False,6,distance,1
C,kNN,91,PRUNED,0.8980485614097844,61,False,7,distance,1
C,kNN,92,PRUNED,0.8935321821605138,101,False,9,distance,1
C,kNN,93,PRUNED,0.8741765008215632,165,False,13,uniform,1
C,kNN,94,PRUNED,0.9098516696844285,83,False,5,distance,1
C,kNN,95,PRUNED,0.896627796121116,72,False,7,distance,1
C,kNN,96,PRUNED,0.9106097338812811,102,False,6,distance,1
C,kNN,97,PRUNED,0.8861893662960633,95,False,14,distance,2
C,kNN,98,COMPLETE,0.9166714436983868,75,False,6,distance,1
C,kNN,99,PRUNED,0.8652424839782269,116,False,20,uniform,1
C,kNN,100,PRUNED,0.8566324478526475,190,False,16,uniform,2
C,kNN,101,PRUNED,0.890558387228009,101,False,8,uniform,1
C,kNN,102,COMPLETE,0.9124838905511018,67,False,6,distance,1
C,kNN,103,PRUNED,0.859550591918878,187,True,10,distance,2
C,kNN,104,PRUNED,0.9120706661308071,93,False,5,distance,1
C,kNN,105,COMPLETE,0.9184249402327455,74,False,6,distance,1
C,kNN,106,PRUNED,0.8861509717755658,48,False,7,distance,1
C,kNN,107,PRUNED,0.896630782250011,73,False,7,distance,1
C,kNN,108,COMPLETE,0.9159820347426992,120,False,4,distance,1
C,kNN,109,PRUNED,0.8937046195922971,61,False,4,distance,1
C,kNN,110,PRUNED,0.9024040697061283,92,False,4,uniform,1
C,kNN,111,PRUNED,0.909840839024138,119,False,3,distance,1
C,kNN,112,PRUNED,0.9106026157327372,121,False,3,distance,1
C,kNN,113,PRUNED,0.8984901446466961,96,True,10,distance,1
C,kNN,114,PRUNED,0.8964974410776543,116,False,7,distance,1
C,kNN,115,PRUNED,0.896627796121116,72,False,7,distance,1
C,kNN,116,COMPLETE,0.9178388662728295,89,False,6,distance,1
C,kNN,117,PRUNED,0.8579604677335051,21,True,16,distance,1
C,kNN,118,COMPLETE,0.9196318939565853,86,False,6,distance,1
C,kNN,119,COMPLETE,0.9178224484747144,90,False,6,distance,1
C,kNN,120,PRUNED,0.9105387423419391,95,False,7,distance,1
C,kNN,121,PRUNED,0.8766130403127363,72,True,17,uniform,2
C,kNN,122,COMPLETE,0.9202627866213031,81,False,4,distance,1
C,kNN,123,COMPLETE,0.9172791999629425,76,False,4,distance,1
C,kNN,124,PRUNED,0.9098127006377551,85,False,3,distance,1
C,kNN,125,PRUNED,0.8667810660488146,62,False,12,uniform,2
C,kNN,126,PRUNED,0.8680967110542321,142,True,15,uniform,2
C,kNN,127,PRUNED,0.9090734760714929,89,False,3,distance,1
C,kNN,128,PRUNED,0.8964307793882358,65,False,3,distance,1
C,kNN,129,PRUNED,0.8936097155392959,76,False,5,distance,2
C,kNN,130,COMPLETE,0.9172077312910849,95,False,6,distance,1
C,kNN,131,PRUNED,0.8725337317810786,180,True,20,distance,1
C,kNN,132,PRUNED,0.8780134617616101,115,True,8,uniform,2
C,kNN,133,PRUNED,0.9150121435758857,93,False,6,distance,1
C,kNN,134,PRUNED,0.9112661149839896,99,False,7,distance,1
C,kNN,135,COMPLETE,0.9172856806313181,81,False,6,distance,1
C,kNN,136,PRUNED,0.8662612790002557,35,True,3,distance,1
C,kNN,137,COMPLETE,0.9184713820484681,83,False,6,distance,1
C,kNN,138,PRUNED,0.8965974235208591,76,False,11,distance,1
C,kNN,139,PRUNED,0.8892898223329121,56,False,5,distance,1
C,kNN,140,PRUNED,0.8951060538280786,74,False,7,distance,1
C,kNN,141,COMPLETE,0.9202494144965323,80,False,6,distance,1
C,kNN,142,PRUNED,0.8995884878515747,72,False,5,distance,1
C,kNN,143,PRUNED,0.9157636109806793,88,False,5,distance,1
C,kNN,144,COMPLETE,0.9178473329656753,79,False,6,distance,1
C,kNN,145,PRUNED,0.9105553257629994,93,False,8,distance,1
C,kNN,146,PRUNED,0.896915555745612,80,True,5,distance,1
C,kNN,147,PRUNED,0.9127661371919003,75,False,8,distance,1
C,kNN,148,PRUNED,0.8482098043408486,172,True,20,distance,2
C,kNN,149,PRUNED,0.901012831621768,86,False,7,distance,1
C,RandomForest,0,COMPLETE,0.8730474404010362,87,True,198,7,4,1,0.7
C,RandomForest,1,COMPLETE,0.8908158810609723,170,True,76,11,11,5,log2
C,RandomForest,2,PRUNED,0.8923710755572367,102,True,163,19,2,7,0.5
C,RandomForest,3,PRUNED,0.8589653189041573,75,False,137,6,11,1,sqrt
C,RandomForest,4,PRUNED,0.8689631595790761,118,False,297,29,19,6,sqrt
C,RandomForest,5,PRUNED,0.8940137673776025,90,False,113,10,12,2,0.3
C,RandomForest,6,PRUNED,0.8849180042102069,20,True,267,24,3,4,log2
C,RandomForest,7,PRUNED,0.8805301156636416,76,False,216,27,10,2,0.5
C,RandomForest,8,PRUNED,0.7884795925470063,114,True,64,3,14,4,log2
C,RandomForest,9,PRUNED,0.861865235794726,61,False,72,29,17,7,0.5
C,RandomForest,10,PRUNED,0.8748092133871359,175,False,57,23,8,5,log2
C,RandomForest,11,PRUNED,0.8923867100199159,107,True,247,10,7,4,0.7
C,RandomForest,12,PRUNED,0.8915089658408596,197,True,156,9,11,5,log2
C,RandomForest,13,PRUNED,0.821456118140169,53,True,279,4,8,1,0.3
C,RandomForest,14,PRUNED,0.8560877593102114,194,True,313,6,3,1,0.7
C,RandomForest,15,PRUNED,0.8735682525957893,71,False,88,8,3,1,0.7
C,RandomForest,16,PRUNED,0.8819667364743236,171,True,53,16,14,2,0.7
C,RandomForest,17,PRUNED,0.8644897254784405,151,True,64,15,8,10,0.7
C,RandomForest,18,COMPLETE,0.8924544414263412,170,True,86,18,14,8,log2
C,RandomForest,19,PRUNED,0.8700546706952619,176,True,66,18,18,8,log2
C,RandomForest,20,PRUNED,0.8558757053794191,134,False,148,7,14,9,log2
C,RandomForest,21,PRUNED,0.8760689236186461,164,True,50,11,9,5,log2
C,RandomForest,22,PRUNED,0.8158330885329855,97,True,122,4,5,2,0.5
C,RandomForest,23,COMPLETE,0.9050224531797593,183,True,103,19,12,7,0.3
C,RandomForest,24,COMPLETE,0.903761009923804,164,True,142,23,14,6,sqrt
C,RandomForest,25,COMPLETE,0.896680036790088,194,True,170,23,10,7,sqrt
C,RandomForest,26,COMPLETE,0.8983410795333956,195,True,178,24,12,6,sqrt
C,RandomForest,27,COMPLETE,0.9030971571625642,190,True,159,26,17,3,sqrt
C,RandomForest,28,COMPLETE,0.9007813841624299,162,True,133,28,20,2,sqrt
C,RandomForest,29,COMPLETE,0.9055214708167811,168,True,250,20,14,3,0.3
C,RandomForest,30,COMPLETE,0.9050407571445186,121,True,352,14,17,3,0.3
C,RandomForest,31,PRUNED,0.8820293263705042,127,True,313,16,18,5,0.3
C,RandomForest,32,PRUNED,0.9033190487949855,177,True,290,19,10,2,0.5
C,RandomForest,33,COMPLETE,0.9085124959957713,162,True,175,21,13,2,0.3
C,RandomForest,34,COMPLETE,0.9102450976958256,138,True,117,17,11,2,0.3
C,RandomForest,35,COMPLETE,0.9084504845139181,171,True,218,21,16,2,0.3
C,RandomForest,36,COMPLETE,0.9090894838272788,163,True,204,22,14,3,0.3
C,RandomForest,37,COMPLETE,0.9067037355689651,172,True,107,23,9,2,0.3
C,RandomForest,38,PRUNED,0.9048712850349807,112,True,137,17,10,1,sqrt
C,RandomForest,39,PRUNED,0.8880417441935549,141,False,217,25,12,4,0.3
C,RandomForest,40,PRUNED,0.8835921518255224,157,False,141,20,18,1,0.3
C,RandomForest,41,COMPLETE,0.9143830156899384,185,True,105,22,12,1,0.3
C,RandomForest,42,PRUNED,0.9033409617989033,108,True,64,19,11,3,0.3
C,RandomForest,43,PRUNED,0.9032357156896623,168,True,145,22,11,1,log2
C,RandomForest,44,COMPLETE,0.9067243530910899,124,True,155,20,13,1,0.3
C,RandomForest,45,COMPLETE,0.910809176823463,160,True,287,29,8,2,0.3
C,RandomForest,46,COMPLETE,0.907904357197068,103,True,384,27,9,1,0.3
C,RandomForest,47,COMPLETE,0.9161129136889758,177,True,352,24,7,1,0.3
C,RandomForest,48,PRUNED,0.879108736791518,164,False,367,22,5,2,0.7
C,RandomForest,49,COMPLETE,0.9090946573482563,168,True,349,25,4,4,0.3
C,RandomForest,50,COMPLETE,0.9149614680355898,174,True,331,27,7,2,0.3
C,RandomForest,51,COMPLETE,0.9114635041395587,173,True,344,28,5,3,0.3
C,RandomForest,52,COMPLETE,0.9101790070699813,196,True,376,26,6,2,sqrt
C,RandomForest,53,COMPLETE,0.9108442089276186,167,True,329,29,6,2,0.3
C,RandomForest,54,COMPLETE,0.91319335126211,149,True,233,29,4,1,0.3
C,RandomForest,55,PRUNED,0.8908374018951675,133,False,250,27,3,2,0.3
C,RandomForest,56,PRUNED,0.8937426465756895,166,True,181,30,4,3,log2
C,RandomForest,57,COMPLETE,0.9108786441253933,136,True,466,28,5,1,0.5
C,RandomForest,58,COMPLETE,0.9114750985894812,136,True,476,27,5,1,0.5
C,RandomForest,59,PRUNED,0.8848398521416568,158,True,232,27,6,1,0.7
C,RandomForest,60,PRUNED,0.8937557418432571,133,True,209,15,3,1,0.3
C,RandomForest,61,PRUNED,0.909201414535781,107,True,390,28,2,1,0.5
C,RandomForest,62,PRUNED,0.8951859995505638,147,True,406,23,7,2,0.5
C,RandomForest,63,PRUNED,0.8879356966677132,132,False,348,27,6,1,0.5
C,RandomForest,64,PRUNED,0.8950679653675075,129,True,142,29,6,1,0.3
C,RandomForest,65,COMPLETE,0.9155091579827317,156,True,401,19,3,1,log2
C,RandomForest,66,PRUNED,0.8922188932072558,148,True,435,22,5,1,log2
C,RandomForest,67,COMPLETE,0.9125687776757069,194,True,395,16,7,1,0.3
C,RandomForest,68,COMPLETE,0.9161138015385857,185,True,401,16,11,1,0.3
C,RandomForest,69,PRUNED,0.9107409553385658,194,True,287,10,13,1,0.3
C,RandomForest,70,PRUNED,0.9106546902364132,161,True,499,15,5,1,0.3
C,RandomForest,71,COMPLETE,0.9149435929613741,200,True,339,24,10,1,0.3
C,RandomForest,72,PRUNED,0.8879549686855661,197,True,119,26,12,2,0.7
C,RandomForest,73,COMPLETE,0.9184828949932372,189,True,494,20,10,1,0.3
C,RandomForest,74,PRUNED,0.8907989247934756,183,True,282,17,13,2,0.7
C,RandomForest,75,COMPLETE,0.910800358965056,178,True,335,15,10,1,sqrt
C,RandomForest,76,PRUNED,0.882258194658567,169,False,341,8,9,1,log2
C,RandomForest,77,PRUNED,0.8907518405355546,148,True,473,15,2,4,log2
C,RandomForest,78,PRUNED,0.8893730802899092,181,False,269,16,10,1,0.3
C,RandomForest,79,PRUNED,0.9114011062022171,191,True,462,21,14,2,0.3
C,RandomForest,80,PRUNED,0.8922544280193528,158,True,415,22,10,2,0.3
C,RandomForest,81,COMPLETE,0.9184813702046831,191,True,293,22,5,1,0.3
C,RandomForest,82,COMPLETE,0.9083351386163147,194,True,451,16,3,1,log2
C,RandomForest,83,PRUNED,0.9106887513270361,184,True,74,24,13,1,0.3
C,RandomForest,84,PRUNED,0.8879789019034269,181,False,125,24,11,1,0.5
C,RandomForest,85,PRUNED,0.8937428272875987,190,True,381,29,17,1,0.5
C,RandomForest,86,COMPLETE,0.9108262709909776,185,True,181,25,7,1,0.3
C,RandomForest,87,PRUNED,0.7913559983481984,158,False,500,3,3,10,0.3
C,RandomForest,88,PRUNED,0.8922343976633635,189,True,445,20,11,1,log2
C,RandomForest,89,COMPLETE,0.9143752014698029,196,True,347,24,8,1,0.3
C,RandomForest,90,PRUNED,0.9121303264459313,182,True,359,24,7,1,0.3
C,RandomForest,91,PRUNED,0.8877733425244055,196,False,280,24,2,1,log2
C,RandomForest,92,PRUNED,0.8833225163028766,189,True,438,19,9,1,0.7
C,RandomForest,93,PRUNED,0.895092995632324,173,True,476,14,13,1,0.5
C,RandomForest,94,PRUNED,0.8921467087223253,194,True,99,22,17,1,0.5
C,RandomForest,95,COMPLETE,0.908968678017802,176,True,200,20,3,2,sqrt
C,RandomForest,96,PRUNED,0.8937292140999183,189,False,424,26,8,1,0.3
C,RandomForest,97,PRUNED,0.8687658188598332,86,True,272,21,17,8,0.7
C,RandomForest,98,COMPLETE,0.9149611435079134,162,True,294,27,2,1,0.3
C,RandomForest,99,COMPLETE,0.9149581537828949,189,True,222,21,3,2,0.3
C,RandomForest,100,COMPLETE,0.9173585310911863,199,True,168,18,5,1,0.3
C,RandomForest,101,PRUNED,0.8877312536360034,186,True,95,16,5,2,log2
C,RandomForest,102,PRUNED,0.8921638555644065,126,True,353,24,2,1,0.3
C,RandomForest,103,COMPLETE,0.9137515744175421,184,True,267,18,5,3,0.3
C,RandomForest,104,PRUNED,0.8909183715984976,181,True,127,8,4,1,0.3
C,RandomForest,105,PRUNED,0.9128683334858398,149,True,247,19,2,1,log2
C,RandomForest,106,PRUNED,0.9106648365760841,195,True,119,15,5,3,0.3
C,RandomForest,107,COMPLETE,0.9196487468819379,199,True,93,17,9,1,0.3
C,RandomForest,108,PRUNED,0.8938205161833693,173,True,73,14,10,2,0.3
C,RandomForest,109,PRUNED,0.9121948602652004,164,True,207,16,10,1,0.3
C,RandomForest,110,PRUNED,0.8603137223730107,48,False,301,30,3,8,sqrt
C,RandomForest,111,COMPLETE,0.917320248401769,199,True,444,20,12,1,0.3
C,RandomForest,112,PRUNED,0.9121602895553851,180,True,443,17,12,2,0.3
C,RandomForest,113,COMPLETE,0.9161061208352057,187,True,117,20,2,1,0.3
C,RandomForest,114,PRUNED,0.8879891989751916,187,True,71,23,5,1,0.7
C,RandomForest,115,PRUNED,0.9121356337881781,172,True,95,24,2,2,0.3
C,RandomForest,116,PRUNED,0.9121265530906593,194,True,72,12,7,1,sqrt
C,RandomForest,117,COMPLETE,0.9137907016893483,199,True,215,24,4,2,0.3
C,RandomForest,118,PRUNED,0.8893271920138264,177,True,167,18,3,3,0.7
C,RandomForest,119,COMPLETE,0.9161801007588137,192,True,165,17,4,2,0.3
C,RandomForest,120,PRUNED,0.8966677757036678,142,True,95,22,2,1,0.5
C,RandomForest,121,COMPLETE,0.9178690829832824,188,True,198,18,2,1,0.3
C,RandomForest,122,PRUNED,0.8923933777322757,200,False,71,22,9,3,0.3
C,RandomForest,123,PRUNED,0.8923716489090141,188,False,170,12,3,2,0.3
C,RandomForest,124,COMPLETE,0.9161434093078986,199,True,176,20,2,1,0.5
C,RandomForest,125,PRUNED,0.8937803180970432,177,True,183,21,3,2,0.5
C,RandomForest,126,COMPLETE,0.9161412164170644,180,True,159,14,2,1,0.3
C,RandomForest,127,PRUNED,0.9062354187097552,194,True,99,20,5,1,0.5
C,RandomForest,128,PRUNED,0.885051103943286,181,True,123,8,5,3,0.5
C,RandomForest,129,COMPLETE,0.915547927122079,194,True,224,16,2,1,0.3
C,RandomForest,130,COMPLETE,0.9149781100775275,199,True,182,16,4,1,0.3
C,RandomForest,131,COMPLETE,0.9155682138234613,183,True,151,18,4,1,0.3
C,RandomForest,132,PRUNED,0.90999595730905,189,True,102,19,7,1,0.3
C,RandomForest,133,PRUNED,0.8879192794704676,191,False,217,16,3,1,0.5
C,RandomForest,134,COMPLETE,0.9179389524776369,165,True,146,16,2,1,0.3
C,RandomForest,135,PRUNED,0.8922089168825917,140,True,462,24,14,1,sqrt
C,RandomForest,136,COMPLETE,0.9173286128905771,182,True,126,14,3,1,0.3
C,RandomForest,137,PRUNED,0.8996269727839289,151,True,208,13,2,1,0.3
C,RandomForest,138,PRUNED,0.8981127719746322,198,True,102,14,2,3,0.3
C,RandomForest,139,PRUNED,0.9077632223854173,99,True,77,17,4,1,0.3
C,RandomForest,140,PRUNED,0.9136027474969796,142,True,121,21,3,1,0.3
C,RandomForest,141,COMPLETE,0.9149779129538874,179,True,121,14,3,1,0.3
C,RandomForest,142,PRUNED,0.8732660307437972,76,False,189,14,10,6,sqrt
C,RandomForest,143,COMPLETE,0.9161611952082926,150,True,128,16,6,2,0.3
C,RandomForest,144,PRUNED,0.8907591722365578,189,True,120,23,2,2,log2
C,RandomForest,145,PRUNED,0.8895355612493127,191,False,415,14,18,2,0.3
C,RandomForest,146,PRUNED,0.8908022301380197,157,True,144,16,2,4,0.3
C,RandomForest,147,PRUNED,0.8733323007952098,34,True,85,15,5,10,0.3
C,RandomForest,148,PRUNED,0.8778133541563942,180,False,218,9,18,6,sqrt
C,RandomForest,149,PRUNED,0.8923004390860865,179,False,156,21,3,1,0.3
D,MLP,0,COMPLETE,0.9018522628437079,False,121,41,6.026889128682509e-06,0.00029375384576328325
D,MLP,1,PRUNED,0.7535188818274104,False,84,56,1.2674255898937221e-06,0.0812324508558869
D,MLP,2,PRUNED,0.8818269640240772,True,26,13,3.320559103751961e-05,0.0037520558551242854
D,MLP,3,PRUNED,0.8848869468557564,True,86,11,2.8888383623653218e-05,0.001256277350380704
D,MLP,4,PRUNED,0.8832078186885769,False,27,32,0.0009163741808778788,0.000137832374550072
D,MLP,5,PRUNED,0.8922888781394678,True,19,111,0.0673224892077534,0.026619018884890575
D,MLP,6,PRUNED,0.8979988734637846,True,106,26,4.075596440072871e-06,0.0030586566669785274
D,MLP,7,PRUNED,0.8951671019555844,False,32,49,3.618723330959624e-05,0.0036324869566766076
D,MLP,8,PRUNED,0.8790691825763881,True,236,68,0.04983043837494914,0.04835952776465952
D,MLP,9,PRUNED,0.8817416849528963,False,20,13,1.6832027985721922e-06,0.0009462175356461491
D,MLP,10,PRUNED,0.900958514989296,False,95,40,3.864191309269568e-06,0.00033513201942705933
D,MLP,11,COMPLETE,0.9042276761644894,False,88,54,2.304377623406937e-06,0.00033217578999447466
D,MLP,12,COMPLETE,0.9078318073530239,True,144,85,2.6349292352665647e-05,0.0001525377221189074
D,MLP,13,PRUNED,0.9076296117253173,True,208,127,1.5303506230275312e-05,0.0001666555290049902
D,MLP,14,PRUNED,0.8908752409451922,True,51,58,3.278962359781329e-05,0.00014959303306081884
D,MLP,15,PRUNED,0.8922045787293996,True,168,62,5.465289254835553e-05,0.002207224394835294
D,MLP,16,PRUNED,0.9047339534802566,True,138,41,1.2918200142563819e-06,0.0001429654817025594
D,MLP,17,PRUNED,0.8951714608430803,True,69,120,1.2283274893508866e-06,0.001890326580750499
D,MLP,18,PRUNED,0.893546762542379,False,187,52,0.00242252782604308,0.0002814923536265173
D,MLP,19,PRUNED,0.8936377797824191,True,65,82,0.0012835274846127991,0.0005948067687859969
D,MLP,20,PRUNED,0.8921409648580834,False,57,111,1.1250202466187351e-06,0.0002216054999003614
D,MLP,21,PRUNED,0.9038764290966232,False,190,14,5.3968784031272335e-05,0.00015934908954153197
D,MLP,22,PRUNED,0.906167156464436,False,128,47,1.5343953285267458e-05,0.0031983194208667636
D,MLP,23,PRUNED,0.8935872903440332,False,181,56,1.129293227495724e-05,0.0001126900144187407
D,MLP,24,COMPLETE,0.9066416670144664,True,164,44,0.00016818072444704451,0.00014616838452492556
D,MLP,25,COMPLETE,0.9030893030564293,True,226,50,0.00030487378578777306,0.00020584723031350297
D,MLP,26,PRUNED,0.8980159547244282,True,220,15,0.00042137088559863914,0.000631234732777224
D,MLP,27,COMPLETE,0.9078463875572922,True,95,35,0.0002637904597413506,0.00016175555689398294
D,MLP,28,PRUNED,0.9039567932256424,True,107,34,7.991172310202386e-05,0.00021785139050010317
D,MLP,29,PRUNED,0.8863951225345816,True,73,29,0.008988529002350271,0.0002805182465898189
D,MLP,30,PRUNED,0.8862870890197135,False,119,18,0.0437944082260411,0.0020242502653297755
D,MLP,31,PRUNED,0.9046426534242265,True,94,78,6.949797612361462e-05,0.0001230749432210401
D,MLP,32,PRUNED,0.8906545250520335,True,99,34,0.000826005191720945,0.00011490774998396366
D,MLP,33,PRUNED,0.8935846297027461,False,120,86,3.444638243161359e-06,0.0006806038669882286
D,MLP,34,PRUNED,0.8816547502384785,False,58,59,0.0002270864144872807,0.00032640123144413044
D,MLP,35,PRUNED,0.8877966295449664,True,22,91,0.0003554517005902214,0.005950493881684403
D,MLP,36,PRUNED,0.9023816269034068,False,43,48,3.5274225095894935e-06,0.00016777020928783102
D,MLP,37,PRUNED,0.8618221175733971,True,48,9,1.2297998992144165e-06,0.0465884760215535
D,MLP,38,COMPLETE,0.9042407321039626,False,181,8,1.8171764173784264e-06,0.007887285166453569
D,MLP,39,PRUNED,0.883167063823725,False,243,9,1.4584416154562712e-06,0.008078813685137609
D,MLP,40,PRUNED,0.8586037705656704,True,50,126,9.243306488093745e-06,0.09742628737880436
D,MLP,41,PRUNED,0.9076195648341473,False,61,11,3.2077691655618844e-05,0.006274932542702513
D,MLP,42,PRUNED,0.4525696295338914,False,225,18,2.9029174118391925e-05,0.08553015281562863
D,MLP,43,PRUNED,0.893769972113932,False,101,8,3.3185623003181794e-06,0.001550012560187141
D,MLP,44,PRUNED,0.8548200130726213,False,22,23,0.00010675324415660541,0.05972370463536302
D,MLP,45,PRUNED,0.8773440481433445,True,21,13,0.006219477445318806,0.001502407043995021
D,MLP,46,PRUNED,0.9084010803446604,True,153,8,3.876045209991845e-05,0.006753002390653435
D,MLP,47,PRUNED,0.8759762857581208,False,18,80,0.019105818771718432,0.0005601462469416635
D,MLP,48,PRUNED,0.881828434341021,False,125,10,4.210989790596093e-06,0.012759626912090828
D,MLP,49,PRUNED,0.9046936119904925,True,73,21,0.0003891202195452745,0.0024281060213671326
D,MLP,50,PRUNED,0.9076041581448786,True,88,81,3.2921698306053618e-06,0.00027469363500589515
D,MLP,51,COMPLETE,0.9066023950010635,True,242,45,0.0006789480345501079,0.0003276777667234019
D,MLP,52,COMPLETE,0.904845756483766,True,246,35,0.0008313364894362858,0.0009727672366799012
D,MLP,53,PRUNED,0.8891163527665525,True,233,81,0.011031238595120877,0.0016416363689028366
D,MLP,54,PRUNED,0.8950462211671955,True,175,36,0.0005450117713849697,0.0005101829853862412
D,MLP,55,PRUNED,0.8979506870277332,True,160,31,0.007879654332059768,0.0005796499828996381
D,MLP,56,PRUNED,0.9046921179504884,True,245,43,0.0052544038027952334,0.00010059894875526125
D,MLP,57,PRUNED,0.9046152018002289,False,242,49,0.0006188192756195074,0.001910732265115755
D,MLP,58,PRUNED,0.8995057483967509,True,232,37,3.471196560087945e-05,0.00034580514128937915
D,MLP,59,PRUNED,0.9054161509172884,True,200,61,0.0006181476494912589,0.0008517226968759069
D,MLP,60,PRUNED,0.8744831991347537,True,21,8,0.0002675042677662377,0.06607315821158125
D,MLP,61,PRUNED,0.8922437918282062,False,57,128,0.06945723820710058,0.0022210936269845033
D,MLP,62,COMPLETE,0.9042773175553842,True,182,78,0.00013386796943898053,0.0002214485585484007
D,MLP,63,PRUNED,0.8891959027814578,True,149,87,6.813724985674039e-05,0.00010716084523437637
D,MLP,64,PRUNED,0.8950708817644939,True,50,9,1.1769704733914263e-05,0.0001388022163747081
D,MLP,65,COMPLETE,0.9083881543627411,True,153,34,0.0005672189370217335,0.009594099027181063
D,MLP,66,PRUNED,0.9032361362554333,True,115,51,6.291159241420037e-05,0.006654172100691415
D,MLP,67,PRUNED,0.896483960701653,True,119,28,0.002556106535512036,0.013037348805670644
D,MLP,68,PRUNED,0.9009423064521358,True,173,46,9.891231051226494e-05,0.0001594935081931079
D,MLP,69,PRUNED,0.8997303388681841,True,156,107,0.0014076622298511924,0.00025437104919065023
D,MLP,70,PRUNED,0.9061969085674662,True,166,26,0.00025416788994742014,0.008490433011743348
D,MLP,71,PRUNED,0.8980939209374738,True,120,62,0.0013914912335813094,0.01212949465302241
D,MLP,72,PRUNED,0.9055016108713231,True,54,22,0.00012471655889360664,0.0002605899024599697
D,MLP,73,PRUNED,0.8994697606562256,True,250,92,0.0004349443447810605,0.0001276103249953759
D,MLP,74,PRUNED,0.9060861346967893,True,91,72,0.00017786236861973054,0.0005961542476252739
D,MLP,75,COMPLETE,0.9049039093208009,True,236,27,0.004407476714066682,0.0011648294880873791
D,MLP,76,PRUNED,0.8950583684499087,False,215,18,0.002093475089510836,0.00030343743310515633
D,MLP,77,PRUNED,0.8965705865360347,True,230,29,0.0023167513513818704,0.0024265172768229166
D,MLP,78,PRUNED,0.886256558867674,True,131,69,7.667658872028174e-05,0.0005534999197083003
D,MLP,79,PRUNED,0.9061232605088819,True,238,33,0.001786182586956118,0.0012745302203278762
D,MLP,80,PRUNED,0.905443090860928,True,172,31,0.03920588887159949,0.0049834311338137535
D,MLP,81,COMPLETE,0.9036684839283353,True,253,18,0.002923805366145637,0.00031036079802211077
D,MLP,82,PRUNED,0.8951997377705555,False,47,38,0.00096741100562956,0.006662157676017489
D,MLP,83,PRUNED,0.8996435365026165,False,165,13,1.4126997981941263e-06,0.003392408769066975
D,MLP,84,PRUNED,0.881853534309155,False,30,39,1.1494228480044743e-06,0.02168356443292332
D,MLP,85,PRUNED,0.8980990859816936,False,173,8,4.35140786849995e-05,0.014356903226890278
D,MLP,86,PRUNED,0.8966669322411005,False,90,31,0.0003066121355875281,0.0001988910598492686
D,MLP,87,PRUNED,0.8920121925440533,True,103,25,0.000589416726122912,0.000322230321933959
D,MLP,88,COMPLETE,0.9054443501614946,True,224,40,0.0002878610065277867,0.0002919223220374404
D,MLP,89,PRUNED,0.8920430183042531,False,169,47,0.0002154992941557247,0.02838153312289795
D,MLP,90,PRUNED,0.8664881643735708,True,121,28,5.6335502562252103e-05,0.07493032921287558
D,MLP,91,PRUNED,0.901724382222653,True,251,22,7.04482872568993e-05,0.00010103434898796298
D,MLP,92,PRUNED,0.9068270633807033,True,209,49,0.0003515180793547937,0.00030163192839395266
D,MLP,93,PRUNED,0.903839533920848,False,225,8,5.919497536922089e-05,0.0013757444637984267
D,MLP,94,PRUNED,0.89800610132062,True,211,29,0.0005155908477330623,0.0001860519616649079
D,MLP,95,PRUNED,0.8952029120732671,True,140,14,0.046321286920364524,0.0008326987515026416
D,MLP,96,PRUNED,0.8935770701156497,True,80,54,0.0010550432213887835,0.00021129202506537734
D,MLP,97,PRUNED,0.8980012341518502,True,216,35,0.00018335665057163427,0.0007201171352406878
D,MLP,98,PRUNED,0.8995701778124175,True,239,50,2.780195361267443e-05,0.00012898993166929936
D,MLP,99,PRUNED,0.8965215367153248,True,236,52,0.0023014791392506075,0.0005202158470136114
D,MLP,100,PRUNED,0.8834976850896437,True,26,24,0.056112474039404024,0.05043001913418591
D,MLP,101,PRUNED,0.8980192582545585,False,94,64,9.587235541978466e-06,0.0001444988053725477
D,MLP,102,PRUNED,0.8951085395351206,False,149,111,0.0002792916271745281,0.00013540776722056983
D,MLP,103,PRUNED,0.8712944380277731,False,190,12,1.6358271285014778e-06,0.024093349848696526
D,MLP,104,PRUNED,0.8936276418944846,False,87,60,2.0934945648708428e-06,0.0005126670980852738
D,MLP,105,PRUNED,0.901030922946974,True,142,43,7.042989194723593e-05,0.00010435193301962088
D,MLP,106,PRUNED,0.9075963704667969,True,148,91,7.154673313742211e-06,0.00016259167135054
D,MLP,107,PRUNED,0.86361015823169,False,62,13,0.025603366583617903,0.021142490743380114
D,MLP,108,COMPLETE,0.9048653192106697,True,157,37,0.00038781647950436224,0.0029624730002926203
D,MLP,109,PRUNED,0.8937939861016793,True,115,10,1.1535562511860706e-06,0.004549639697075226
D,MLP,110,PRUNED,0.8965440867580281,True,105,35,0.00031742717346044415,0.006490596759166285
D,MLP,111,PRUNED,0.8997904540998777,True,129,44,0.005095886064357873,0.002099958624549954
D,MLP,112,PRUNED,0.8980606483903097,True,210,52,0.0007069765224480483,0.00999256291657418
D,MLP,113,COMPLETE,0.9048420358331459,True,243,20,4.387958375173446e-06,0.012584706068888889
D,MLP,114,PRUNED,0.877290016950083,False,20,73,0.020365959897518215,0.018740784363241204
D,MLP,115,PRUNED,0.8995749359190282,True,187,30,1.6939208459516465e-06,0.005052161948969444
D,MLP,116,COMPLETE,0.9048131049687923,True,172,30,1.3124883299294756e-06,0.0334540185411893
D,MLP,117,PRUNED,0.7182396289500665,True,191,29,1.5196086760337824e-06,0.07418302906065855
D,MLP,118,PRUNED,0.8937819665478959,True,238,15,2.5051641425984055e-05,0.029691271251306443
D,MLP,119,PRUNED,0.8819960828299288,True,134,15,1.1717316134385769e-06,0.03188932850725536
D,MLP,120,PRUNED,0.8905089149249541,True,222,41,1.7777579811494356e-06,0.028237230068753026
D,MLP,121,COMPLETE,0.9101083694097722,True,237,77,3.732561804221187e-05,0.0005403001244091157
D,MLP,122,COMPLETE,0.9054435543794405,True,238,96,6.687042280186348e-06,0.0017604227978863867
D,MLP,123,PRUNED,0.8979371756358154,True,166,79,6.132228932089139e-05,0.0024042610491880486
D,MLP,124,PRUNED,0.8922692181788268,True,76,49,3.394153462586009e-06,0.035592126828053024
D,MLP,125,PRUNED,0.9068446301974423,True,231,103,3.2237518547799107e-06,0.0009341829639336615
D,MLP,126,PRUNED,0.8980188170417014,True,176,110,1.8849889424744967e-05,0.0022210856684117077
D,MLP,127,PRUNED,0.9053918957671601,True,171,21,0.00010339226698992077,0.00269127249886607
D,MLP,128,COMPLETE,0.9043058465637884,True,235,16,8.844385690636345e-06,0.006953755430012443
D,MLP,129,PRUNED,0.8993524569545568,True,174,24,1.4390069724510001e-06,0.016582647948730548
D,MLP,130,PRUNED,0.899584958081288,True,251,65,1.9858757635544564e-05,0.0008233715044647552
D,MLP,131,PRUNED,0.8995341670908978,True,244,21,2.4315450826455042e-05,0.005495547428749423
D,MLP,132,PRUNED,0.9068270598785817,True,255,103,0.00018675644281043244,0.0010755697078465075
D,MLP,133,PRUNED,0.9061076688014716,True,201,12,3.061413252364232e-06,0.003486283057522299
D,MLP,134,PRUNED,0.8964766363668658,True,239,30,0.00020865107973459015,0.0028741610577167668
D,MLP,135,PRUNED,0.9032341450006693,True,213,12,4.942853654733867e-06,0.012079239733287062
D,MLP,136,COMPLETE,0.9160549437890865,True,220,23,0.0392121405572039,0.0016183218415387341
D,MLP,137,PRUNED,0.8904828351373787,True,254,9,0.06890340753860687,0.0026790142510507795
D,MLP,138,PRUNED,0.9090613081801687,True,241,18,0.013828012035896278,0.0026000956276519007
D,MLP,139,COMPLETE,0.9036610590568364,True,193,29,0.0035279746730569397,0.0006301154622913869
D,MLP,140,COMPLETE,0.9060848114092908,True,117,31,0.0006201759546511748,0.0012139448359578919
D,MLP,141,COMPLETE,0.907233601917007,True,232,24,0.03907256010044858,0.0010414727321562155
D,MLP,142,PRUNED,0.896613661493082,True,100,34,0.00011475756849059096,0.0012244336272402786
D,MLP,143,PRUNED,0.898216833932618,True,185,21,0.03240418603296578,0.002885610431252353
D,MLP,144,PRUNED,0.9009693407788935,True,198,33,0.043064074890674445,0.0007537928232511052
D,MLP,145,COMPLETE,0.9078105574571795,True,214,24,0.008370058182357006,0.001248598025938041
D,MLP,146,PRUNED,0.8788462342294034,False,26,9,0.0025967638498319455,0.0001198825816774676
D,MLP,147,PRUNED,0.8892757567984846,False,180,51,0.02659469198094819,0.004531400874381045
D,MLP,148,PRUNED,0.8936420380642534,True,182,19,0.007983083855322667,0.0004852188946248825
D,MLP,149,COMPLETE,0.9114698382476248,True,182,23,0.07626101993869147,0.0008228828862065099
D,SVM-lineal,0,COMPLETE,0.8714289191604552,False,24.658329458549105
D,SVM-lineal,1,PRUNED,0.8661325063628864,True,0.008629132190071854
D,SVM-lineal,2,PRUNED,0.8629268921949507,False,4.0428727350273315
D,SVM-lineal,3,PRUNED,0.859770418150719,True,659.871107205407
D,SVM-lineal,4,PRUNED,0.8661759561809459,True,0.012329623163659839
D,SVM-lineal,5,PRUNED,0.8629361386506817,False,1.40779231399724
D,SVM-lineal,6,COMPLETE,0.8795945958043679,True,4.689400963537685
D,SVM-lineal,7,COMPLETE,0.8793592074046817,False,0.1578232781079558
D,SVM-lineal,8,PRUNED,0.8823556263837913,False,0.01577766363058246
D,SVM-lineal,9,PRUNED,0.8338702869342394,False,0.0018997763474111276
D,SVM-lineal,10,PRUNED,0.8767545935313326,True,4.426347393694017
D,SVM-lineal,11,PRUNED,0.8688007099992037,True,0.9508157333677398
D,SVM-lineal,12,PRUNED,0.8584387107937822,True,24.561204708411513
D,SVM-lineal,13,PRUNED,0.8691231604095301,False,0.21244068129499494
D,SVM-lineal,14,PRUNED,0.8821146660190168,True,0.17069513938396022
D,SVM-lineal,15,PRUNED,0.8613603611967316,False,480.586158425876
D,SVM-lineal,16,PRUNED,0.8661765020682255,False,0.14211240753871424
D,SVM-lineal,17,PRUNED,0.881959459081691,True,2.237062293453718
D,SVM-lineal,18,PRUNED,0.8598607769523345,True,29.928788587278273
D,SVM-lineal,19,PRUNED,0.8705863498623314,False,0.055991148705783124
D,SVM-lineal,20,PRUNED,0.8585736486996943,True,0.32945317057097434
D,SVM-lineal,21,PRUNED,0.8687491982496727,False,32.95114272961003
D,SVM-lineal,22,PRUNED,0.8672947730015346,False,25.06373009663645
D,SVM-lineal,23,PRUNED,0.865895360482599,False,3.7489888282733856
D,SVM-lineal,24,PRUNED,0.8672587497069582,False,103.42571703247731
D,SVM-lineal,25,PRUNED,0.8615208704197895,False,0.9467773791611296
D,SVM-lineal,26,PRUNED,0.861339205515423,True,37.60224456002606
D,SVM-lineal,27,PRUNED,0.8658251246826809,False,17.91709357017776
D,SVM-lineal,28,PRUNED,0.8660840479508359,False,0.3009251965184354
D,SVM-lineal,29,PRUNED,0.860202423409877,True,0.004471871155355884
D,SVM-lineal,30,COMPLETE,0.8843448645261027,True,1.8820137321232728
D,SVM-lineal,31,PRUNED,0.8812159225440286,True,2.4441020680395154
D,SVM-lineal,32,PRUNED,0.8804732852428592,True,2.10677360672517
D,SVM-lineal,33,PRUNED,0.8774861458097419,True,3.752573568038548
D,SVM-lineal,34,PRUNED,0.8703607986999576,True,0.173290156614253
D,SVM-lineal,35,PRUNED,0.8658604187934971,False,4.800637081354049
D,SVM-lineal,36,PRUNED,0.8643048345406799,True,7.571449416349061
D,SVM-lineal,37,PRUNED,0.8568794421582271,True,194.378579455121
D,SVM-lineal,38,PRUNED,0.8815890922615752,False,0.025840776427302516
D,SVM-lineal,39,PRUNED,0.8658851097585596,False,1.4768679301513135
D,SVM-lineal,40,PRUNED,0.8797196164518543,True,1.2154641867212472
D,SVM-lineal,41,PRUNED,0.8544321007682729,False,0.005020085324759787
D,SVM-lineal,42,PRUNED,0.860247922989794,False,0.007445626500878765
D,SVM-lineal,43,PRUNED,0.8808917713955118,False,0.013667847194900986
D,SVM-lineal,44,PRUNED,0.8646905548394443,False,0.11707437393453966
D,SVM-lineal,45,PRUNED,0.8646950144102123,False,0.11161184442978386
D,SVM-lineal,46,PRUNED,0.8294629511358715,False,0.0016585592759515736
D,SVM-lineal,47,PRUNED,0.8774865664791179,True,4.142311682586754
D,SVM-lineal,48,COMPLETE,0.8821686966504053,True,0.08738350577269711
D,SVM-lineal,49,PRUNED,0.8631353409409329,True,0.03251015251282117
D,SVM-lineal,50,PRUNED,0.8661150279210488,True,0.025175835238969893
D,SVM-lineal,51,COMPLETE,0.8844365428533744,True,0.13079549586813344
D,SVM-lineal,52,COMPLETE,0.8792167915892929,True,0.07959455394561807
D,SVM-lineal,53,COMPLETE,0.8780260050341212,True,0.07504877447496522
D,SVM-lineal,54,COMPLETE,0.8774716463745659,True,0.06269605878267144
D,SVM-lineal,55,COMPLETE,0.8833371584135967,True,0.0951914857739383
D,SVM-lineal,56,PRUNED,0.8689009294545343,True,0.2836962720913914
D,SVM-lineal,57,PRUNED,0.868872069915661,True,0.25080280396297294
D,SVM-lineal,58,PRUNED,0.868872069915661,True,0.25257675120734385
D,SVM-lineal,59,PRUNED,0.8690877592106971,True,0.017835858492769606
D,SVM-lineal,60,PRUNED,0.8628801117755445,True,0.7224976162344632
D,SVM-lineal,61,COMPLETE,0.877462236985975,True,0.06337297375916508
D,SVM-lineal,62,COMPLETE,0.8780453642736143,True,0.0641138018364831
D,SVM-lineal,63,PRUNED,0.8703930702771465,True,0.16341276019628695
D,SVM-lineal,64,PRUNED,0.8397055703966328,True,0.0020720357738182238
D,SVM-lineal,65,PRUNED,0.8585736486996943,True,0.33679031837180257
D,SVM-lineal,66,PRUNED,0.8631446964853352,True,0.027994397043213822
D,SVM-lineal,67,PRUNED,0.8702402163335731,True,0.7956257265800304
D,SVM-lineal,68,COMPLETE,0.8792171668168962,True,0.07804659590025075
D,SVM-lineal,69,PRUNED,0.8643048345406799,True,7.5232121787682695
D,SVM-lineal,70,PRUNED,0.870330256483226,True,0.22782934506546731
D,SVM-lineal,71,PRUNED,0.8631740790602758,True,0.024851256547785673
D,SVM-lineal,72,COMPLETE,0.8780453642736143,True,0.0637801207721019
D,SVM-lineal,73,PRUNED,0.8689363065174245,True,0.16868440933866297
D,SVM-lineal,74,COMPLETE,0.8844526678343044,True,0.11387478186170243
D,SVM-lineal,75,PRUNED,0.879717745299286,True,1.0993115742776765
D,SVM-lineal,76,PRUNED,0.8658527847909964,True,0.5289301484913342
D,SVM-lineal,77,PRUNED,0.8646015588084963,False,0.3255151490233413
D,SVM-lineal,78,PRUNED,0.8584387107937822,True,24.737255640054734
D,SVM-lineal,79,PRUNED,0.8676315656506881,True,0.012759590198773799
D,SVM-lineal,80,PRUNED,0.8673190344695263,True,0.638910708165753
D,SVM-lineal,81,PRUNED,0.8836626519306613,True,0.06317735347101777
D,SVM-lineal,82,COMPLETE,0.8781284526625969,True,0.056132733414891875
D,SVM-lineal,83,COMPLETE,0.879812560532665,True,0.08384488806920523
D,SVM-lineal,84,PRUNED,0.867605739828835,False,0.22233005822109883
D,SVM-lineal,85,COMPLETE,0.8827410504024875,True,0.09202461395657652
D,SVM-lineal,86,PRUNED,0.8782295245966435,True,3.9218321618999723
D,SVM-lineal,87,PRUNED,0.868872069915661,True,0.2640729598204953
D,SVM-lineal,88,PRUNED,0.8616798475954197,True,0.02962509013303734
D,SVM-lineal,89,PRUNED,0.8658572810869662,True,0.5383573684665934
D,SVM-lineal,90,PRUNED,0.8675678797256412,False,0.08099606206509878
D,SVM-lineal,91,PRUNED,0.8645643211670946,True,0.04756020930905625
D,SVM-lineal,92,COMPLETE,0.8797754331872374,True,0.07204298029655297
D,SVM-lineal,93,COMPLETE,0.8826987861283018,True,0.15094012675906768
D,SVM-lineal,94,COMPLETE,0.8826987861283018,True,0.14740710529324702
D,SVM-lineal,95,COMPLETE,0.8844526678343044,True,0.11003355493862257
D,SVM-lineal,96,PRUNED,0.8673788833950498,True,0.18540919398509043
D,SVM-lineal,97,PRUNED,0.8843277644103762,True,0.1582546278112007
D,SVM-lineal,98,COMPLETE,0.8844526678343044,True,0.11213907267969664
D,SVM-lineal,99,PRUNED,0.868872069915661,True,0.23474537291634642
D,SVM-lineal,100,PRUNED,0.8676008163949821,True,0.018372645115422886
D,SVM-lineal,101,COMPLETE,0.8844476902425477,True,0.12838897283262007
D,SVM-lineal,102,PRUNED,0.870330256483226,True,0.22559959195407234
D,SVM-lineal,103,PRUNED,0.8673788833950498,True,0.18157174912880086
D,SVM-lineal,104,COMPLETE,0.8838572186245205,True,0.11756667426924478
D,SVM-lineal,105,PRUNED,0.8600356070924435,True,0.354050883441667
D,SVM-lineal,106,PRUNED,0.8676295510098333,True,0.020618383849779078
D,SVM-lineal,107,PRUNED,0.868868919188682,True,0.21283561261377718
D,SVM-lineal,108,PRUNED,0.8703607986999576,True,0.1740094421522779
D,SVM-lineal,109,PRUNED,0.8631702271460088,True,0.030271101509676383
D,SVM-lineal,110,PRUNED,0.8643429487359098,True,0.7325339017290863
D,SVM-lineal,111,COMPLETE,0.8809814952664269,True,0.08622897813600881
D,SVM-lineal,112,PRUNED,0.885081829051864,True,0.07311947459364317
D,SVM-lineal,113,COMPLETE,0.8844526678343044,True,0.11364537082919213
D,SVM-lineal,114,PRUNED,0.8614522600921193,True,0.39217430000583303
D,SVM-lineal,115,PRUNED,0.8674979727414776,True,0.06016726883344493
D,SVM-lineal,116,PRUNED,0.867314999901455,True,0.5611378436882858
D,SVM-lineal,117,PRUNED,0.8676940639201614,True,0.011427609509636139
D,SVM-lineal,118,COMPLETE,0.8844526678343044,True,0.11202327786313608
D,SVM-lineal,119,PRUNED,0.8645906198930062,True,0.03649164763226267
D,SVM-lineal,120,PRUNED,0.868872069915661,True,0.23376580180530257
D,SVM-lineal,121,COMPLETE,0.8838905228120915,True,0.10518948931412889
D,SVM-lineal,122,PRUNED,0.8703644043604208,True,0.06657632184762463
D,SVM-lineal,123,COMPLETE,0.8844526678343044,True,0.11111950693288285
D,SVM-lineal,124,PRUNED,0.8661759561809459,True,0.012416964028915484
D,SVM-lineal,125,COMPLETE,0.8827410504024875,True,0.09199716754815133
D,SVM-lineal,126,PRUNED,0.8826806628339532,True,1.8788610136276953
D,SVM-lineal,127,PRUNED,0.8858407859900632,True,0.0837588339711663
D,SVM-lineal,128,PRUNED,0.8613913738130361,True,0.44562415838568825
D,SVM-lineal,129,PRUNED,0.8631702271460088,True,0.029163576466865303
D,SVM-lineal,130,PRUNED,0.885802010393504,True,0.14465734713005957
D,SVM-lineal,131,PRUNED,0.86897976891608,True,0.0591351859975138
D,SVM-lineal,132,COMPLETE,0.8833298280042519,True,0.09928008517712039
D,SVM-lineal,133,PRUNED,0.8585736486996943,True,0.336818901905319
D,SVM-lineal,134,PRUNED,0.8645658632454224,True,0.041195055808417924
D,SVM-lineal,135,PRUNED,0.8630131359148876,True,0.3109652389131458
D,SVM-lineal,136,PRUNED,0.8645643211670946,True,0.0508152753628748
D,SVM-lineal,137,PRUNED,0.8673190344695263,True,0.6361164019443778
D,SVM-lineal,138,PRUNED,0.8572759003367113,True,0.004140137319856974
D,SVM-lineal,139,COMPLETE,0.8827349683892847,True,0.09963711856284205
D,SVM-lineal,140,PRUNED,0.8843370766809737,True,0.07388686295578156
D,SVM-lineal,141,PRUNED,0.8850960748108483,True,0.08062381479673357
D,SVM-lineal,142,COMPLETE,0.8844526678343044,True,0.10910427915213344
D,SVM-lineal,143,PRUNED,0.8613913738130361,True,0.45154152842847234
D,SVM-lineal,144,PRUNED,0.8689580069608095,True,0.06100274097032068
D,SVM-lineal,145,PRUNED,0.868872069915661,True,0.2605193507459788
D,SVM-lineal,146,PRUNED,0.8822970053884559,True,0.01709912993815111
D,SVM-lineal,147,PRUNED,0.868778677955764,True,1.0199494392166062
D,SVM-lineal,148,COMPLETE,0.8833371584135967,True,0.09577681631195237
D,SVM-lineal,149,PRUNED,0.861258148970536,True,725.2010554140209
D,SVM-RBF,0,COMPLETE,0.9131011504310909,False,246.5832945854911,scale,
D,SVM-RBF,1,PRUNED,0.0,False,40.42872735027332,value,0.9877700294007907
D,SVM-RBF,2,PRUNED,0.8601794690511757,True,0.12601639723276803,auto,
D,SVM-RBF,3,PRUNED,0.0,False,0.06870101665590027,value,0.5141096648805742
D,SVM-RBF,4,COMPLETE,0.9131011504310909,False,35.84985580340473,auto,
D,SVM-RBF,5,COMPLETE,0.9131011504310909,False,6220.0259768191545,scale,
D,SVM-RBF,6,PRUNED,0.6438644451560448,True,0.05397956855996446,value,0.0003570095960030948
D,SVM-RBF,7,PRUNED,0.012914249545645351,True,13.194961490425664,value,0.44750401913509
D,SVM-RBF,8,PRUNED,0.9024862885700133,True,38.672288491177454,scale,
D,SVM-RBF,9,PRUNED,0.9012134767133417,False,2.148145718198269,auto,
D,SVM-RBF,10,COMPLETE,0.915476599093253,False,13.89810061906264,scale,
D,SVM-RBF,11,PRUNED,0.9172100235112881,False,22.02707190074378,scale,
D,SVM-RBF,12,PRUNED,0.8544825686885089,False,0.21674686056925846,scale,
D,SVM-RBF,13,COMPLETE,0.9131011504310909,False,6385.848430579996,auto,
D,SVM-RBF,14,COMPLETE,0.9131011504310909,False,176.9112441691145,scale,
D,SVM-RBF,15,PRUNED,0.8777362318316527,True,3336.9021012751755,value,1.2166156024217404e-05
D,SVM-RBF,16,PRUNED,0.8939403485694126,True,0.5629979801320848,scale,
D,SVM-RBF,17,PRUNED,0.9024862885700133,True,4282.965092578703,scale,
D,SVM-RBF,18,PRUNED,0.8936208413678157,False,8150.243076673613,value,0.007722020634514023
D,SVM-RBF,19,PRUNED,0.9025372767476727,False,7.46212576874287,scale,
D,SVM-RBF,20,PRUNED,0.9010175887588368,True,22.895682842335077,auto,
D,SVM-RBF,21,COMPLETE,0.9131011504310909,False,66.62041167057338,auto,
D,SVM-RBF,22,COMPLETE,0.9131011504310909,False,228.8431880576304,auto,
D,SVM-RBF,23,COMPLETE,0.9131011504310909,False,314.00263014738425,scale,
D,SVM-RBF,24,COMPLETE,0.915476599093253,False,13.062380436375069,auto,
D,SVM-RBF,25,PRUNED,0.8382527326614195,False,0.14431608979637442,auto,
D,SVM-RBF,26,PRUNED,0.9040332076650147,False,4.64352965161682,scale,
D,SVM-RBF,27,COMPLETE,0.9131011504310909,False,132.10837836770705,scale,
D,SVM-RBF,28,PRUNED,0.8852082213334764,False,3.69813551582562,value,0.005728325534180682
D,SVM-RBF,29,PRUNED,0.9010175887588368,True,506.5490147313621,auto,
D,SVM-RBF,30,PRUNED,0.874919270775532,False,230.03213524212737,value,0.0003539125877722043
D,SVM-RBF,31,COMPLETE,0.913730519335678,False,8.86988651149481,auto,
D,SVM-RBF,32,PRUNED,0.9040110200543701,False,5.277157435701787,auto,
D,SVM-RBF,33,COMPLETE,0.915476599093253,False,12.368836856938133,auto,
D,SVM-RBF,34,PRUNED,0.9040110200543701,False,5.263968949363394,auto,
D,SVM-RBF,35,PRUNED,0.9010547928750303,False,6.943880345012926,auto,
D,SVM-RBF,36,COMPLETE,0.9166728775780939,False,10.74884248741144,auto,
D,SVM-RBF,37,PRUNED,0.9040293906360224,True,2.31783626379359,auto,
D,SVM-RBF,38,PRUNED,0.917937217728369,False,45.34797040982268,auto,
D,SVM-RBF,39,PRUNED,0.0,False,29.65341693805888,value,6.483516322008316
D,SVM-RBF,40,PRUNED,0.9172100235112881,False,20.670510360775616,auto,
D,SVM-RBF,41,PRUNED,0.9010725854157089,False,7.495410420219743,auto,
D,SVM-RBF,42,PRUNED,0.8997516152325334,False,2.0085662905908617,auto,
D,SVM-RBF,43,COMPLETE,0.91370434161388,False,20.120043810103784,auto,
D,SVM-RBF,44,PRUNED,0.7473696239923626,True,0.010142734868727325,auto,
D,SVM-RBF,45,COMPLETE,0.9154826125368214,False,11.46233669915211,auto,
D,SVM-RBF,46,PRUNED,0.9180598563097733,False,4.5302408512077985,scale,
D,SVM-RBF,47,PRUNED,0.917937217728369,False,45.782714478296064,auto,
D,SVM-RBF,48,PRUNED,0.8823267495671256,False,0.8030223855322374,auto,
D,SVM-RBF,49,PRUNED,0.9024862885700133,True,39.44522641352183,scale,
D,SVM-RBF,50,PRUNED,0.9156810962877358,True,4.059671332578319,value,0.03142010005729512
D,SVM-RBF,51,COMPLETE,0.9166804685875075,False,9.864073141759484,auto,
D,SVM-RBF,52,COMPLETE,0.9166728775780939,False,10.392295847229311,auto,
D,SVM-RBF,53,PRUNED,0.9165819670647533,False,4.335059105450988,auto,
D,SVM-RBF,54,PRUNED,0.917937217728369,False,59.71422438204708,auto,
D,SVM-RBF,55,COMPLETE,0.9154841347979744,False,15.662233917886594,scale,
D,SVM-RBF,56,PRUNED,0.917937217728369,False,38.09582720269378,scale,
D,SVM-RBF,57,PRUNED,0.9010547928750303,False,6.2797073837343325,scale,
D,SVM-RBF,58,PRUNED,0.0,False,0.01220854619666843,value,1.3552706141551626e-05
D,SVM-RBF,59,PRUNED,0.9172100235112881,False,20.669702476521373,scale,
D,SVM-RBF,60,PRUNED,0.8984032925839451,False,1.6684880172839522,scale,
D,SVM-RBF,61,PRUNED,0.9010547928750303,False,6.005210509220756,auto,
D,SVM-RBF,62,PRUNED,0.917937217728369,False,36.78025470243128,scale,
D,SVM-RBF,63,PRUNED,0.8441751697118194,False,1.6298446043717119,value,0.0009640251969692603
D,SVM-RBF,64,PRUNED,0.917937217728369,False,103.42638764252814,auto,
D,SVM-RBF,65,PRUNED,0.9144090683748991,False,2.9600638857239394,auto,
D,SVM-RBF,66,PRUNED,0.9010175887588368,True,53.41387617948207,auto,
D,SVM-RBF,67,PRUNED,0.9172100235112881,False,21.39279756004118,auto,
D,SVM-RBF,68,PRUNED,0.9040293906360224,True,2.3730234388210247,scale,
D,SVM-RBF,69,COMPLETE,0.913730519335678,False,8.892874912911765,auto,
D,SVM-RBF,70,COMPLETE,0.915476599093253,False,13.569675163089583,scale,
D,SVM-RBF,71,COMPLETE,0.9160798850907834,False,16.824375926972404,auto,
D,SVM-RBF,72,PRUNED,0.917937217728369,False,39.01873943424068,auto,
D,SVM-RBF,73,PRUNED,0.9010547928750303,False,6.219513889791595,auto,
D,SVM-RBF,74,PRUNED,0.917937217728369,False,279.7004072504071,auto,
D,SVM-RBF,75,PRUNED,0.8808423498264021,False,0.7904223471617495,auto,
D,SVM-RBF,76,PRUNED,0.8993994976696373,False,37.3921464192422,value,0.035475815975448965
D,SVM-RBF,77,PRUNED,0.917937217728369,False,26.89791957126885,auto,
D,SVM-RBF,78,PRUNED,0.9180107940344213,False,8.605161116940247,auto,
D,SVM-RBF,79,PRUNED,0.8338825526742609,False,0.11545031885826175,scale,
D,SVM-RBF,80,PRUNED,0.9172100235112881,False,20.605810291722268,scale,
D,SVM-RBF,81,COMPLETE,0.9160765052928482,False,11.05219088612978,auto,
D,SVM-RBF,82,PRUNED,0.9039278256379741,True,8.9840032715345,auto,
D,SVM-RBF,83,COMPLETE,0.915476599093253,False,12.565307238155077,auto,
D,SVM-RBF,84,COMPLETE,0.9148901706085162,False,12.18502461755424,auto,
D,SVM-RBF,85,PRUNED,0.8984032925839451,False,1.6537091862055182,auto,
D,SVM-RBF,86,PRUNED,0.917937217728369,False,47.7921438114791,auto,
D,SVM-RBF,87,COMPLETE,0.915476599093253,False,13.607141740686751,auto,
D,SVM-RBF,88,PRUNED,0.9041178283403677,False,2.3705208277004783,auto,
D,SVM-RBF,89,PRUNED,0.917937217728369,False,28.6220518066932,auto,
D,SVM-RBF,90,PRUNED,0.9040332076650147,False,4.663442480522817,scale,
D,SVM-RBF,91,COMPLETE,0.9154826125368214,False,11.648964806593566,auto,
D,SVM-RBF,92,PRUNED,0.9025372767476727,False,7.302183057562592,auto,
D,SVM-RBF,93,PRUNED,0.917937217728369,False,32.639718190187395,auto,
D,SVM-RBF,94,PRUNED,0.0,True,172.08103487212801,value,8.874731856863425
D,SVM-RBF,95,PRUNED,0.8235555030151588,False,7.634578748046251,value,9.14151721311293e-05
D,SVM-RBF,96,PRUNED,0.9173521410004457,False,3.2630320739358094,auto,
D,SVM-RBF,97,PRUNED,0.917937217728369,False,189.45880295701306,scale,
D,SVM-RBF,98,PRUNED,0.917937217728369,False,42.74894101503663,auto,
D,SVM-RBF,99,PRUNED,0.9173361028306666,False,3.896280589059155,auto,
D,SVM-RBF,100,PRUNED,0.9172100235112881,False,22.043026825658522,auto,
D,SVM-RBF,101,PRUNED,0.9010547928750303,False,6.245631552983465,auto,
D,SVM-RBF,102,PRUNED,0.917937217728369,False,26.218063455704826,auto,
D,SVM-RBF,103,PRUNED,0.9025372767476727,False,7.427440791619432,auto,
D,SVM-RBF,104,COMPLETE,0.915476599093253,False,13.17495896059755,scale,
D,SVM-RBF,105,PRUNED,0.8791706853863812,True,0.34640728204601345,auto,
D,SVM-RBF,106,PRUNED,0.917937217728369,False,327.5842040634183,auto,
D,SVM-RBF,107,PRUNED,0.8997516152325334,False,1.9718413242106247,auto,
D,SVM-RBF,108,COMPLETE,0.91370434161388,False,20.207452848638578,auto,
D,SVM-RBF,109,PRUNED,0.917937217728369,False,24.772704800231896,auto,
D,SVM-RBF,110,PRUNED,0.8995639152370198,False,6.544033990722456,scale,
D,SVM-RBF,111,PRUNED,0.917937217728369,False,37.09259853408111,scale,
D,SVM-RBF,112,COMPLETE,0.9160789532188465,False,14.881644293441722,scale,
D,SVM-RBF,113,PRUNED,0.8984032925839451,False,1.5818733813966503,scale,
D,SVM-RBF,114,PRUNED,0.9010725854157089,False,7.619807289579386,scale,
D,SVM-RBF,115,PRUNED,0.8053746925416303,True,0.1582665237340475,value,0.06588896114246914
D,SVM-RBF,116,PRUNED,0.917937217728369,False,220.19515849093713,scale,
D,SVM-RBF,117,PRUNED,0.9010175887588368,True,4032.491664685838,auto,
D,SVM-RBF,118,PRUNED,0.9010547928750303,False,6.982746970679366,auto,
D,SVM-RBF,119,PRUNED,0.917937217728369,False,28.935670144467014,scale,
D,SVM-RBF,120,PRUNED,0.7607663567900937,True,0.014641772783730795,scale,
D,SVM-RBF,121,PRUNED,0.9172100235112881,False,21.03989667980524,scale,
D,SVM-RBF,122,PRUNED,0.9010547928750303,False,6.271959722015183,scale,
D,SVM-RBF,123,PRUNED,0.9010547928750303,False,7.036579808519036,scale,
D,SVM-RBF,124,PRUNED,0.917937217728369,False,40.00467418775762,scale,
D,SVM-RBF,125,COMPLETE,0.9166804685875075,False,10.121379663809396,auto,
D,SVM-RBF,126,PRUNED,0.8995639152370198,False,6.765044122668824,auto,
D,SVM-RBF,127,PRUNED,0.8647486257963533,False,0.3507659537353202,auto,
D,SVM-RBF,128,PRUNED,0.917937217728369,False,80.449856851566,auto,
D,SVM-RBF,129,PRUNED,0.9040110200543701,False,5.2658541544678465,auto,
D,SVM-RBF,130,PRUNED,0.8995326180923351,True,15.969013040235799,auto,
D,SVM-RBF,131,PRUNED,0.9024862885700133,True,241.89887761461884,scale,
D,SVM-RBF,132,PRUNED,0.917937217728369,False,31.42651414987645,auto,
D,SVM-RBF,133,COMPLETE,0.9149041418373848,False,9.101957446727983,auto,
D,SVM-RBF,134,PRUNED,0.8952517489822618,False,27.217763047028754,value,0.0044358588110997455
D,SVM-RBF,135,COMPLETE,0.9149041418373848,False,9.205312509859802,auto,
D,SVM-RBF,136,PRUNED,0.917937217728369,False,43.19800159080723,auto,
D,SVM-RBF,137,PRUNED,0.9159022217784315,False,2.6198193937830903,auto,
D,SVM-RBF,138,PRUNED,0.917937217728369,False,25.738912474198553,scale,
D,SVM-RBF,139,COMPLETE,0.91370434161388,False,19.889537315975478,auto,
D,SVM-RBF,140,PRUNED,0.9144090683748991,False,2.9278449652822887,auto,
D,SVM-RBF,141,PRUNED,0.917937217728369,False,26.520558815728496,auto,
D,SVM-RBF,142,COMPLETE,0.915476599093253,False,12.743417361332302,auto,
D,SVM-RBF,143,COMPLETE,0.914295365838799,False,11.991819478463679,auto,
D,SVM-RBF,144,PRUNED,0.917937217728369,False,91.7446641393278,auto,
D,SVM-RBF,145,PRUNED,0.9041178283403677,False,2.3808784508410823,auto,
D,SVM-RBF,146,PRUNED,0.8983310257573491,False,1.8065272368315806,scale,
D,SVM-RBF,147,COMPLETE,0.915476599093253,False,12.985951315341877,auto,
D,SVM-RBF,148,PRUNED,0.917937217728369,False,39.75016211756645,scale,
D,SVM-RBF,149,COMPLETE,0.9143244920152064,False,8.835530546767382,auto,
D,SVM-polinomial,0,COMPLETE,0.9113552567518894,False,45.70563099801453,4,0.46805592132730955
D,SVM-polinomial,1,PRUNED,0.9010917061150372,True,214.23021757741054,4,2.1242177333881367
D,SVM-polinomial,2,PRUNED,0.8965885634672521,False,145.28246637516014,2,0.5454749016213019
D,SVM-polinomial,3,PRUNED,0.9055060619450681,False,4.205156450913866,3,0.8736874205941257
D,SVM-polinomial,4,PRUNED,0.9144719362930213,True,0.2888838362365318,3,1.3682099526511078
D,SVM-polinomial,5,PRUNED,0.9054468140332507,True,3.725393839578884,4,0.13935123815999317
D,SVM-polinomial,6,PRUNED,0.9055506490110851,True,0.021147447960615712,5,2.896896099223678
D,SVM-polinomial,7,PRUNED,0.8968997820325681,True,0.030786517836196188,4,1.320457481218804
D,SVM-polinomial,8,PRUNED,0.8471309079428846,False,0.014857392806279237,5,0.7763399448000508
D,SVM-polinomial,9,PRUNED,0.9039983697079899,True,3.9841905944346854,4,0.5545633665765811
D,SVM-polinomial,10,COMPLETE,0.9125661103912348,False,173.55154832543698,5,1.3129843320753722
D,SVM-polinomial,11,PRUNED,0.9120357972196588,False,680.3756367024969,5,0.663326368350086
D,SVM-polinomial,12,PRUNED,0.9025315870802492,False,39.24004796919337,4,1.2682539750584232
D,SVM-polinomial,13,PRUNED,0.9010675438123283,False,95.59640200691013,5,1.9964344874743576
D,SVM-polinomial,14,PRUNED,0.895133406694073,False,5.83655223260199,5,0.09320418212628567
D,SVM-polinomial,15,PRUNED,0.9128310647867596,True,10.198007195781873,5,1.7063750699081897
D,SVM-polinomial,16,PRUNED,0.895206987431094,False,0.571120460458953,3,2.761671732710127
D,SVM-polinomial,17,PRUNED,0.9150509161707951,True,348.3018350527108,4,0.603496429818003
D,SVM-polinomial,18,PRUNED,0.9157582094616596,False,0.7428665539419255,5,1.7655875814780162
D,SVM-polinomial,19,PRUNED,0.8862480433869999,True,140.18518137181343,2,1.6151682345780665
D,SVM-polinomial,20,PRUNED,0.9068721583420332,False,56.69197778853623,3,0.06467534525428165
D,SVM-polinomial,21,PRUNED,0.9025321806117725,False,0.1950062421299728,5,2.2494675132070743
D,SVM-polinomial,22,COMPLETE,0.9125661103912348,False,1.4571646745393623,5,1.3415858458956675
D,SVM-polinomial,23,PRUNED,0.9054585383560502,False,4.612153453201941,5,1.0392855798612768
D,SVM-polinomial,24,PRUNED,0.9150199895874758,False,123.90532745763866,4,0.4254099760157567
D,SVM-polinomial,25,COMPLETE,0.9107846851112896,False,913.5523045797603,5,1.6781163081507224
D,SVM-polinomial,26,PRUNED,0.8633659635753183,False,0.025195304120785904,3,1.750788438568721
D,SVM-polinomial,27,PRUNED,0.9040224554713936,False,9.651812379828153,4,2.0507579576229835
D,SVM-polinomial,28,COMPLETE,0.9125411398116976,False,31.8639068351229,5,1.5807308174003887
D,SVM-polinomial,29,COMPLETE,0.9107912180258578,False,47.43100527999178,5,1.206048958798299
D,SVM-polinomial,30,PRUNED,0.905513383341229,False,10.063360055878789,5,1.807745756319172
D,SVM-polinomial,31,PRUNED,0.9128322476771111,True,100.70210327261029,5,1.3114921011230745
D,SVM-polinomial,32,PRUNED,0.8862997613466589,False,635.9064446017015,2,2.518617808448181
D,SVM-polinomial,33,PRUNED,0.8130469559169893,False,0.07109581564134802,3,0.14483866989833993
D,SVM-polinomial,34,PRUNED,0.8834301551614651,True,5.171506753469435,2,2.5633603760289194
D,SVM-polinomial,35,PRUNED,0.9055957543664976,False,0.44743529637392365,4,1.0105899180214803
D,SVM-polinomial,36,PRUNED,0.9040017474778571,False,19.9373081018184,4,0.7792895895335594
D,SVM-polinomial,37,COMPLETE,0.9125411398116976,False,58.246573580276994,5,1.5382890206740025
D,SVM-polinomial,38,COMPLETE,0.9137377774245172,False,43.72361957807922,5,1.416967624224549
D,SVM-polinomial,39,PRUNED,0.896653541305074,True,6.375303304307471,4,2.9656770789920404
D,SVM-polinomial,40,PRUNED,0.9143407248841123,False,0.37404119900002164,5,1.14373327070296
D,SVM-polinomial,41,COMPLETE,0.9137376704345271,False,42.50840261808285,5,1.4862066469378494
D,SVM-polinomial,42,COMPLETE,0.9143321690772146,False,33.9515633258456,5,1.4497900943358857
D,SVM-polinomial,43,PRUNED,0.9180156617954093,False,188.84847299334402,5,1.0772797701602126
D,SVM-polinomial,44,PRUNED,0.9172639503791948,False,12.60253912518565,5,1.1631513632401984
D,SVM-polinomial,45,PRUNED,0.9025321806117725,False,93.91110934227021,4,1.6213316484116733
D,SVM-polinomial,46,PRUNED,0.8440974291292229,True,0.09156148653823162,2,0.14698715725123845
D,SVM-polinomial,47,COMPLETE,0.9137377774245172,False,101.84469380650573,5,1.4238168900080412
D,SVM-polinomial,48,PRUNED,0.9172639503791948,False,93.62365240723142,5,1.091570423198745
D,SVM-polinomial,49,COMPLETE,0.9125411398116976,False,105.36106193804736,5,1.5335249664223078
D,SVM-polinomial,50,PRUNED,0.8892248183243918,True,253.88555866818126,2,0.5640356321036152
D,SVM-polinomial,51,PRUNED,0.905512713724804,True,1.1483481561426752,5,1.4608431782570321
D,SVM-polinomial,52,COMPLETE,0.9143263033422967,False,3.9213835125025045,5,1.4353102029638307
D,SVM-polinomial,53,PRUNED,0.9025321806117725,False,30.839332439604448,5,2.3884102437265042
D,SVM-polinomial,54,PRUNED,0.9040608080857317,True,944.3474617687995,5,2.3581920975071027
D,SVM-polinomial,55,PRUNED,0.9069385976700775,False,12.66435073748808,5,1.6196366964824427
D,SVM-polinomial,56,PRUNED,0.8867413352640177,False,0.3900262613972429,2,1.2731658974645526
D,SVM-polinomial,57,PRUNED,0.9069385976700775,False,79.49578854572628,5,1.6096190875826568
D,SVM-polinomial,58,PRUNED,0.8823061638110123,True,0.07435042296777689,2,2.365322906745609
D,SVM-polinomial,59,PRUNED,0.8907076830632263,True,652.6228546307356,3,2.7961228546309154
D,SVM-polinomial,60,COMPLETE,0.913152197628636,False,437.00979554195777,5,1.3703640691173422
D,SVM-polinomial,61,PRUNED,0.9172639503791948,False,841.5023264425548,5,1.1175246247371255
D,SVM-polinomial,62,PRUNED,0.9025321806117725,False,851.1397244607915,4,1.64994271744501
D,SVM-polinomial,63,COMPLETE,0.9143321690772146,False,390.7732851179932,5,1.4679995269637356
D,SVM-polinomial,64,PRUNED,0.9172437913253245,False,318.2674361048873,5,1.681598176495065
D,SVM-polinomial,65,PRUNED,0.9040558190102326,True,19.990821762645773,4,1.26498860594402
D,SVM-polinomial,66,PRUNED,0.9172639503791948,False,18.289272709796055,5,1.1938794998234463
D,SVM-polinomial,67,COMPLETE,0.9137377774245172,False,695.312692373106,5,1.388258974516228
D,SVM-polinomial,68,PRUNED,0.9025315870802492,False,520.373727782001,5,1.9277809390656138
D,SVM-polinomial,69,PRUNED,0.9083061637326064,True,64.64327502753525,5,0.3084150755484505
D,SVM-polinomial,70,PRUNED,0.9025321806117725,False,5.552031174499074,4,1.6204823150978998
D,SVM-polinomial,71,COMPLETE,0.9143321690772146,False,321.133093568229,5,1.451085414453063
D,SVM-polinomial,72,PRUNED,0.9120953913936197,True,570.5942442376172,5,1.6004796503551746
D,SVM-polinomial,73,PRUNED,0.863297286333556,True,0.18411546220016803,5,0.1811630125106496
D,SVM-polinomial,74,PRUNED,0.9157580936032544,False,413.53629291428456,4,1.178664567191868
D,SVM-polinomial,75,COMPLETE,0.9131366201023807,False,77.19658751571399,5,1.5006541105256248
D,SVM-polinomial,76,PRUNED,0.9069741030022015,False,760.504722065424,5,1.1662752352552976
D,SVM-polinomial,77,PRUNED,0.8749960269698339,False,0.019021800936698238,3,2.9149177036665903
D,SVM-polinomial,78,PRUNED,0.9179652631193743,False,6.8385348909263834,5,1.5919361461496102
D,SVM-polinomial,79,PRUNED,0.9179652631193743,False,893.2846059767072,5,1.6073271548529446
D,SVM-polinomial,80,PRUNED,0.9069741030022015,False,49.94909093536371,5,1.1097665923682334
D,SVM-polinomial,81,PRUNED,0.9179959875409099,False,551.7708516182342,5,1.2829083114446016
D,SVM-polinomial,82,PRUNED,0.9157582094616596,False,182.4935875984177,5,1.7489947208011638
D,SVM-polinomial,83,COMPLETE,0.9137376704345271,False,204.9357042377428,5,1.4897711646883076
D,SVM-polinomial,84,PRUNED,0.9054549871344404,False,30.971532847178572,5,1.659056926878516
D,SVM-polinomial,85,PRUNED,0.9025315870802492,False,25.659682845629636,4,1.24529053312636
D,SVM-polinomial,86,COMPLETE,0.9143321690772146,False,86.19530891340807,5,1.4697649023185528
D,SVM-polinomial,87,PRUNED,0.9054585383560502,False,10.902000988710554,5,1.0374455965083134
D,SVM-polinomial,88,PRUNED,0.9128310647867596,True,20.919619338576677,5,1.7101514188345481
D,SVM-polinomial,89,COMPLETE,0.9143321690772146,False,59.88051925137069,5,1.4562461742914694
D,SVM-polinomial,90,COMPLETE,0.9143321690772146,False,57.69147587286268,5,1.4648856439252342
D,SVM-polinomial,91,PRUNED,0.9025544349886727,False,72.39484606650903,4,2.0884711576508486
D,SVM-polinomial,92,PRUNED,0.906911612146123,False,116.04902020039307,5,0.8544039736670929
D,SVM-polinomial,93,PRUNED,0.9187076900308652,False,73.7513158160291,5,1.5408423419769184
D,SVM-polinomial,94,COMPLETE,0.9125661103912348,False,40.30483786716161,5,1.326389778229447
D,SVM-polinomial,95,PRUNED,0.9179652631193743,False,1.6346920089474464,5,1.5917388403981643
D,SVM-polinomial,96,PRUNED,0.9040002343859568,False,86.01138669101753,5,1.8911253030561204
D,SVM-polinomial,97,PRUNED,0.8484912750407414,True,0.011190678750721004,3,1.483084680557761
D,SVM-polinomial,98,PRUNED,0.9069741030022015,False,97.59787562054277,5,1.1028328726234813
D,SVM-polinomial,99,PRUNED,0.9069752103039789,True,0.07337113018858107,4,2.362010342404984
D,SVM-polinomial,100,PRUNED,0.9025321806117725,False,55.22844507816047,4,1.5323362429415397
D,SVM-polinomial,101,PRUNED,0.9054549871344404,False,21.964689331621216,5,1.6679025775749374
D,SVM-polinomial,102,COMPLETE,0.9131366201023807,False,36.49710109704511,5,1.5019739141913722
D,SVM-polinomial,103,COMPLETE,0.9143321690772146,False,130.02890884952566,5,1.4677740240494714
D,SVM-polinomial,104,PRUNED,0.9187076900308652,False,254.98321770269334,5,1.5689490545236633
D,SVM-polinomial,105,COMPLETE,0.9125661103912348,False,103.31952997546509,5,1.3430072576181233
D,SVM-polinomial,106,COMPLETE,0.9125661103912348,False,315.6480639656809,5,1.322208348962896
D,SVM-polinomial,107,PRUNED,0.8951743288152276,True,717.5881007008755,3,1.4608076676729815
D,SVM-polinomial,108,PRUNED,0.9069586858228031,True,201.572989540161,5,0.9348058299637744
D,SVM-polinomial,109,PRUNED,0.9025321806117725,False,477.55976659051623,5,2.2720564132913594
D,SVM-polinomial,110,PRUNED,0.9069741030022015,False,5.16695390759773,5,1.0790535498478682
D,SVM-polinomial,111,PRUNED,0.9040224554713936,False,1.5205489135421084,5,2.9454798847431993
D,SVM-polinomial,112,PRUNED,0.9040002343859568,False,27.307523354848584,5,1.8098791174985345
D,SVM-polinomial,113,COMPLETE,0.9131366201023807,False,120.29397327957365,5,1.5044038052886264
D,SVM-polinomial,114,PRUNED,0.9040002343859568,False,83.99618499395046,4,1.221049182593707
D,SVM-polinomial,115,COMPLETE,0.9137377774245172,False,20.79797923656614,5,1.4055989103413924
D,SVM-polinomial,116,COMPLETE,0.9137377774245172,False,4.695723517506854,5,1.4149145667974723
D,SVM-polinomial,117,PRUNED,0.8808786277612948,False,0.7922159651834497,2,0.17999661793312338
D,SVM-polinomial,118,PRUNED,0.9187389032552868,False,13.250444466194233,5,1.361973783568604
D,SVM-polinomial,119,PRUNED,0.898074020884556,False,940.0080102557814,2,0.44264156316906234
D,SVM-polinomial,120,PRUNED,0.9039666323291069,False,56.96349155884362,5,1.002428425529255
D,SVM-polinomial,121,COMPLETE,0.9131366201023807,False,1.6558472773159683,5,1.5182557654742994
D,SVM-polinomial,122,PRUNED,0.9010675438123283,False,3.7299551611749244,5,2.050319564577938
D,SVM-polinomial,123,PRUNED,0.9069741030022015,False,3.0146062287674904,5,1.160018425670072
D,SVM-polinomial,124,COMPLETE,0.9137377774245172,False,9.073152561549756,5,1.4132436116473572
D,SVM-polinomial,125,COMPLETE,0.9137377774245172,False,202.0306715198551,5,1.4130042497534223
D,SVM-polinomial,126,PRUNED,0.9187076900308652,False,34.80684352106146,5,1.5302331937864149
D,SVM-polinomial,127,PRUNED,0.906911612146123,False,898.6006782021625,5,0.8040753480650319
D,SVM-polinomial,128,PRUNED,0.9069786288753485,False,120.71746897949993,5,1.7704747417836668
D,SVM-polinomial,129,PRUNED,0.9025321806117725,False,8.540614130656213,4,1.3861558774279614
D,SVM-polinomial,130,PRUNED,0.9187389032552868,False,828.2545989860024,5,1.329184486968158
D,SVM-polinomial,131,PRUNED,0.9069786288753485,False,6.221771741912141,5,1.6797443318913265
D,SVM-polinomial,132,PRUNED,0.9069741030022015,False,11.893570319620842,5,1.1888060774148639
D,SVM-polinomial,133,COMPLETE,0.913152197628636,False,7.39986628401976,5,1.3791983675710187
D,SVM-polinomial,134,PRUNED,0.9187389032552868,False,30.6567653772978,5,1.3236949223250138
D,SVM-polinomial,135,PRUNED,0.9025321806117725,False,325.5943509123887,4,1.551190220903642
D,SVM-polinomial,136,PRUNED,0.9069741030022015,False,75.61697925191096,5,1.2100821730709006
D,SVM-polinomial,137,COMPLETE,0.9137377774245172,False,8.816195370997091,5,1.4112061986882931
D,SVM-polinomial,138,COMPLETE,0.9143321690772146,False,99.33971466044657,5,1.469016395953775
D,SVM-polinomial,139,PRUNED,0.9040002343859568,False,185.05886545913924,5,1.8380673065202986
D,SVM-polinomial,140,COMPLETE,0.9137376704345271,False,206.83807572274634,5,1.4898792345819634
D,SVM-polinomial,141,PRUNED,0.9040002343859568,False,10.967194062445593,5,1.8267898998090115
D,SVM-polinomial,142,PRUNED,0.9187076900308652,False,75.09445299079117,5,1.5466286507185345
D,SVM-polinomial,143,PRUNED,0.9187389032552868,False,68.95095653745089,5,1.3393556422518336
D,SVM-polinomial,144,PRUNED,0.9069816695131552,True,41.19198279149419,5,1.1936815620284775
D,SVM-polinomial,145,PRUNED,0.9055620731366532,False,1.1913196545859137,4,0.538232423121943
D,SVM-polinomial,146,PRUNED,0.9069741030022015,False,115.00508873416273,5,1.164140332773643
D,SVM-polinomial,147,PRUNED,0.9187076900308652,False,950.0113939694228,5,1.587645627411844
D,SVM-polinomial,148,PRUNED,0.9068727135523555,False,39.92019084299041,5,0.61830755959066
D,SVM-polinomial,149,PRUNED,0.9025321806117725,False,34.67972764754003,4,1.5766992358797058
D,kNN,0,COMPLETE,0.8749343580764816,False,16,uniform,1
D,kNN,1,COMPLETE,0.888305134666402,True,15,distance,1
D,kNN,2,PRUNED,0.8727142116597806,False,8,uniform,2
D,kNN,3,PRUNED,0.8756999809619797,False,9,distance,2
D,kNN,4,PRUNED,0.8709410628912629,True,13,uniform,2
D,kNN,5,PRUNED,0.8734597174741419,True,4,uniform,2
D,kNN,6,PRUNED,0.8821902297460583,False,7,uniform,2
D,kNN,7,PRUNED,0.8593791730191135,False,16,uniform,2
D,kNN,8,PRUNED,0.8904141766725274,False,3,distance,2
D,kNN,9,PRUNED,0.8680071212142706,True,12,distance,2
D,kNN,10,PRUNED,0.8897500061324055,True,17,distance,1
D,kNN,11,PRUNED,0.8726573092871363,False,19,uniform,1
D,kNN,12,COMPLETE,0.8923529069865799,True,8,distance,1
D,kNN,13,COMPLETE,0.8923529069865799,True,8,distance,1
D,kNN,14,PRUNED,0.883707914923712,True,5,distance,1
D,kNN,15,PRUNED,0.8852831212773878,True,9,uniform,1
D,kNN,16,COMPLETE,0.899456035957846,False,9,distance,1
D,kNN,17,PRUNED,0.8860930018864579,False,12,distance,1
D,kNN,18,COMPLETE,0.9048381600830453,False,4,distance,1
D,kNN,19,COMPLETE,0.8988486502645776,False,3,distance,1
D,kNN,20,PRUNED,0.8815081451183672,False,8,uniform,1
D,kNN,21,COMPLETE,0.9048381600830453,False,4,distance,1
D,kNN,22,COMPLETE,0.8988686740220274,False,7,distance,1
D,kNN,23,COMPLETE,0.8988686740220274,False,7,distance,1
D,kNN,24,PRUNED,0.8890723889074315,False,3,uniform,1
D,kNN,25,PRUNED,0.8986800320832449,False,3,distance,1
D,kNN,26,COMPLETE,0.8988686740220274,False,7,distance,1
D,kNN,27,PRUNED,0.8721102645649019,True,4,distance,2
D,kNN,28,COMPLETE,0.8982074793719832,False,10,distance,1
D,kNN,29,COMPLETE,0.9059810995809219,False,5,distance,1
D,kNN,30,PRUNED,0.8986800320832449,False,3,distance,1
D,kNN,31,PRUNED,0.8636886777793771,True,20,distance,2
D,kNN,32,COMPLETE,0.9101000716934063,False,6,distance,1
D,kNN,33,COMPLETE,0.9059810995809219,False,5,distance,1
D,kNN,34,COMPLETE,0.9004818692378634,True,3,uniform,1
D,kNN,35,COMPLETE,0.9101000716934063,False,6,distance,1
D,kNN,36,PRUNED,0.8742246125528536,False,20,distance,1
D,kNN,37,PRUNED,0.8994408263182287,False,7,distance,1
D,kNN,38,PRUNED,0.8801949082766005,False,8,distance,2
D,kNN,39,COMPLETE,0.9101000716934063,False,6,distance,1
D,kNN,40,PRUNED,0.8994408263182287,False,7,distance,1
D,kNN,41,PRUNED,0.8883236064343162,True,19,uniform,1
D,kNN,42,COMPLETE,0.9101000716934063,False,6,distance,1
D,kNN,43,PRUNED,0.8994408263182287,False,7,distance,1
D,kNN,44,PRUNED,0.883106515954448,False,6,distance,2
D,kNN,45,PRUNED,0.8994408263182287,False,7,distance,1
D,kNN,46,PRUNED,0.8636118946389746,True,20,uniform,2
D,kNN,47,PRUNED,0.8875943695310515,False,7,uniform,1
D,kNN,48,COMPLETE,0.9101000716934063,False,6,distance,1
D,kNN,49,COMPLETE,0.9004996188096335,True,3,distance,1
D,kNN,50,PRUNED,0.8994408263182287,False,7,distance,1
D,kNN,51,PRUNED,0.8698063833336777,False,18,distance,2
D,kNN,52,COMPLETE,0.9101000716934063,False,6,distance,1
D,kNN,53,COMPLETE,0.9101000716934063,False,6,distance,1
D,kNN,54,PRUNED,0.8994408263182287,False,7,distance,1
D,kNN,55,PRUNED,0.8845250949112764,False,3,uniform,2
D,kNN,56,PRUNED,0.8994408263182287,False,7,distance,1
D,kNN,57,COMPLETE,0.9101000716934063,False,6,distance,1
D,kNN,58,PRUNED,0.8895686013870256,True,8,distance,1
D,kNN,59,PRUNED,0.8637697263783083,False,13,uniform,2
D,kNN,60,COMPLETE,0.9059810995809219,False,5,distance,1
D,kNN,61,COMPLETE,0.9101000716934063,False,6,distance,1
D,kNN,62,COMPLETE,0.9029713591886226,False,8,distance,1
D,kNN,63,COMPLETE,0.9059810995809219,False,5,distance,1
D,kNN,64,PRUNED,0.8875125426994692,False,5,distance,2
D,kNN,65,PRUNED,0.8905444083154062,False,10,distance,1
D,kNN,66,COMPLETE,0.9059810995809219,False,5,distance,1
D,kNN,67,PRUNED,0.8751235387724574,True,8,uniform,2
D,kNN,68,PRUNED,0.8904789568676312,False,6,uniform,1
D,kNN,69,COMPLETE,0.9059810995809219,False,5,distance,1
D,kNN,70,COMPLETE,0.9029713591886226,False,8,distance,1
D,kNN,71,COMPLETE,0.9059810995809219,False,5,distance,1
D,kNN,72,COMPLETE,0.9101000716934063,False,6,distance,1
D,kNN,73,PRUNED,0.8710868602193149,False,14,uniform,1
D,kNN,74,COMPLETE,0.9101000716934063,False,6,distance,1
D,kNN,75,PRUNED,0.889186272362823,False,4,distance,1
D,kNN,76,PRUNED,0.8905413257921944,False,9,distance,1
D,kNN,77,PRUNED,0.8766408398347465,True,8,distance,2
D,kNN,78,COMPLETE,0.9101000716934063,False,6,distance,1
D,kNN,79,PRUNED,0.8994408263182287,False,7,distance,1
D,kNN,80,PRUNED,0.8896076964443227,True,6,distance,1
D,kNN,81,COMPLETE,0.9059810995809219,False,5,distance,1
D,kNN,82,PRUNED,0.8994408263182287,False,7,distance,1
D,kNN,83,PRUNED,0.8905906280830194,False,3,distance,1
D,kNN,84,PRUNED,0.8802998280642669,False,12,distance,2
D,kNN,85,PRUNED,0.8994408263182287,False,7,distance,1
D,kNN,86,PRUNED,0.8994408263182287,False,7,distance,1
D,kNN,87,PRUNED,0.8955872704489146,True,12,distance,1
D,kNN,88,COMPLETE,0.9101000716934063,False,6,distance,1
D,kNN,89,COMPLETE,0.9059810995809219,False,5,distance,1
D,kNN,90,PRUNED,0.8905413257921944,False,9,distance,1
D,kNN,91,COMPLETE,0.9101000716934063,False,6,distance,1
D,kNN,92,COMPLETE,0.9101000716934063,False,6,distance,1
D,kNN,93,COMPLETE,0.9059810995809219,False,5,distance,1
D,kNN,94,PRUNED,0.8801083278028989,False,4,uniform,1
D,kNN,95,COMPLETE,0.9029713591886226,False,8,distance,1
D,kNN,96,PRUNED,0.8801860848903211,False,7,distance,2
D,kNN,97,PRUNED,0.889186272362823,False,4,distance,1
D,kNN,98,PRUNED,0.8906320712858147,False,7,distance,1
D,kNN,99,COMPLETE,0.9101000716934063,False,6,distance,1
D,kNN,100,PRUNED,0.887477266600442,False,9,uniform,1
D,kNN,101,COMPLETE,0.9101000716934063,False,6,distance,1
D,kNN,102,COMPLETE,0.9101000716934063,False,6,distance,1
D,kNN,103,PRUNED,0.8906320712858147,False,7,distance,1
D,kNN,104,PRUNED,0.8905906280830194,False,3,distance,1
D,kNN,105,COMPLETE,0.9029713591886226,False,8,distance,1
D,kNN,106,COMPLETE,0.9101000716934063,False,6,distance,1
D,kNN,107,COMPLETE,0.9101000716934063,False,6,distance,1
D,kNN,108,PRUNED,0.8882505002569797,True,7,distance,1
D,kNN,109,PRUNED,0.8874271677170846,False,3,distance,2
D,kNN,110,PRUNED,0.8563594257066655,False,18,uniform,2
D,kNN,111,COMPLETE,0.9101000716934063,False,6,distance,1
D,kNN,112,PRUNED,0.904645742575753,False,5,distance,1
D,kNN,113,COMPLETE,0.9029713591886226,False,8,distance,1
D,kNN,114,PRUNED,0.8694909146467685,True,14,uniform,2
D,kNN,115,PRUNED,0.904645742575753,False,5,distance,1
D,kNN,116,PRUNED,0.8985082022563519,True,12,uniform,1
D,kNN,117,PRUNED,0.8905413257921944,False,9,distance,1
D,kNN,118,PRUNED,0.904645742575753,False,5,distance,1
D,kNN,119,PRUNED,0.8906320712858147,False,7,distance,1
D,kNN,120,PRUNED,0.889186272362823,False,4,distance,1
D,kNN,121,COMPLETE,0.9101000716934063,False,6,distance,1
D,kNN,122,PRUNED,0.8906320712858147,False,7,distance,1
D,kNN,123,COMPLETE,0.9101000716934063,False,6,distance,1
D,kNN,124,PRUNED,0.8906320712858147,False,7,distance,1
D,kNN,125,PRUNED,0.889186272362823,False,4,distance,1
D,kNN,126,PRUNED,0.8905413257921944,False,9,distance,1
D,kNN,127,COMPLETE,0.9101000716934063,False,6,distance,1
D,kNN,128,COMPLETE,0.9101000716934063,False,6,distance,1
D,kNN,129,PRUNED,0.904645742575753,False,5,distance,1
D,kNN,130,PRUNED,0.892053622964966,False,8,distance,1
D,kNN,131,COMPLETE,0.9101000716934063,False,6,distance,1
D,kNN,132,PRUNED,0.904645742575753,False,5,distance,1
D,kNN,133,PRUNED,0.8904789568676312,False,6,uniform,1
D,kNN,134,PRUNED,0.8906320712858147,False,7,distance,1
D,kNN,135,PRUNED,0.8905906280830194,False,3,distance,1
D,kNN,136,PRUNED,0.8906320712858147,False,7,distance,1
D,kNN,137,PRUNED,0.883707914923712,True,5,distance,1
D,kNN,138,COMPLETE,0.9101000716934063,False,6,distance,1
D,kNN,139,PRUNED,0.8801860848903211,False,7,distance,2
D,kNN,140,PRUNED,0.8905413257921944,False,9,distance,1
D,kNN,141,COMPLETE,0.9101000716934063,False,6,distance,1
D,kNN,142,COMPLETE,0.9101000716934063,False,6,distance,1
D,kNN,143,PRUNED,0.904645742575753,False,5,distance,1
D,kNN,144,COMPLETE,0.9101000716934063,False,6,distance,1
D,kNN,145,PRUNED,0.8727142116597806,False,8,uniform,2
D,kNN,146,PRUNED,0.8651409943581883,True,15,distance,2
D,kNN,147,PRUNED,0.8906320712858147,False,7,distance,1
D,kNN,148,PRUNED,0.8830310065509714,False,14,distance,1
D,kNN,149,PRUNED,0.8905906280830194,False,3,distance,1
D,RandomForest,0,COMPLETE,0.8967873518935902,False,269,19,4,2,log2
D,RandomForest,1,PRUNED,0.8821650632990989,True,81,8,5,4,0.5
D,RandomForest,2,PRUNED,0.8719434266308199,False,142,24,5,6,0.3
D,RandomForest,3,PRUNED,0.8545317937400593,False,321,11,3,7,0.7
D,RandomForest,4,PRUNED,0.8732168742231763,False,102,17,12,2,sqrt
D,RandomForest,5,PRUNED,0.8254640204159399,True,78,4,8,4,log2
D,RandomForest,6,PRUNED,0.8732574247096185,False,59,30,16,2,log2
D,RandomForest,7,PRUNED,0.8747979850265261,False,65,27,13,4,0.5
D,RandomForest,8,PRUNED,0.8989069631773162,True,65,22,16,6,sqrt
D,RandomForest,9,PRUNED,0.8887810567836563,True,216,11,11,10,0.3
D,RandomForest,10,COMPLETE,0.8990966099463332,False,314,21,5,1,log2
D,RandomForest,11,PRUNED,0.8732511175899439,False,467,26,2,4,log2
D,RandomForest,12,COMPLETE,0.9002328259509162,False,255,17,2,1,log2
D,RandomForest,13,PRUNED,0.8618098551378626,False,484,7,6,1,0.5
D,RandomForest,14,PRUNED,0.894625862988491,False,383,28,13,1,log2
D,RandomForest,15,COMPLETE,0.9055707441887731,True,464,16,2,3,sqrt
D,RandomForest,16,PRUNED,0.8719452288602136,True,386,7,3,2,sqrt
D,RandomForest,17,PRUNED,0.903268086255919,True,313,24,2,1,0.7
D,RandomForest,18,COMPLETE,0.9020195671343674,True,322,23,7,4,sqrt
D,RandomForest,19,PRUNED,0.8953316559664072,True,296,19,10,6,sqrt
D,RandomForest,20,PRUNED,0.900390175207379,True,301,21,4,5,0.5
D,RandomForest,21,COMPLETE,0.9062025839792849,True,425,18,2,3,0.3
D,RandomForest,22,COMPLETE,0.9067791521690676,True,492,18,5,4,0.3
D,RandomForest,23,COMPLETE,0.913815125336642,True,300,16,4,1,0.3
D,RandomForest,24,COMPLETE,0.9050362911995764,True,300,13,10,1,0.3
D,RandomForest,25,PRUNED,0.9055656849903354,True,233,12,5,5,0.3
D,RandomForest,26,COMPLETE,0.9108442699536248,True,268,17,3,2,0.3
D,RandomForest,27,PRUNED,0.8907337056720667,True,410,22,9,5,0.3
D,RandomForest,28,PRUNED,0.8921542706706032,True,165,21,4,3,0.3
D,RandomForest,29,PRUNED,0.8850552861095193,True,224,9,3,2,0.7
D,RandomForest,30,PRUNED,0.8921207872057506,True,225,19,8,1,0.5
D,RandomForest,31,PRUNED,0.8863698286644919,False,476,16,2,2,0.3
D,RandomForest,32,COMPLETE,0.9061915564498673,True,459,18,4,4,0.3
D,RandomForest,33,COMPLETE,0.9108237676422913,True,315,20,3,1,0.3
D,RandomForest,34,COMPLETE,0.9078746845638719,True,216,17,5,1,0.3
D,RandomForest,35,PRUNED,0.9092596240941069,True,266,10,3,1,0.3
D,RandomForest,36,COMPLETE,0.9102377471922525,True,267,20,5,1,0.3
D,RandomForest,37,COMPLETE,0.9102811360613753,True,225,25,9,1,0.3
D,RandomForest,38,COMPLETE,0.909660339669794,True,200,18,2,1,sqrt
D,RandomForest,39,PRUNED,0.893655429578825,True,230,27,12,3,0.3
D,RandomForest,40,PRUNED,0.8907999214168896,True,176,24,16,1,sqrt
D,RandomForest,41,COMPLETE,0.9085306960535899,True,289,21,2,1,0.3
D,RandomForest,42,PRUNED,0.8804680344234854,False,288,25,6,3,0.3
D,RandomForest,43,PRUNED,0.9128774862905089,True,311,22,7,1,0.3
D,RandomForest,44,PRUNED,0.9099274359490441,True,294,14,3,1,log2
D,RandomForest,45,PRUNED,0.8820391511043666,False,114,25,3,1,0.7
D,RandomForest,46,PRUNED,0.887896636984588,False,173,17,5,2,0.3
D,RandomForest,47,PRUNED,0.8616487171676979,False,382,13,20,8,log2
D,RandomForest,48,PRUNED,0.887684974849063,True,94,25,5,2,log2
D,RandomForest,49,COMPLETE,0.9096782449866996,True,198,23,9,1,0.3
D,RandomForest,50,PRUNED,0.8848740143624717,True,279,28,10,2,0.7
D,RandomForest,51,PRUNED,0.907729602933214,True,102,24,12,2,0.3
D,RandomForest,52,COMPLETE,0.9096687992204527,True,173,24,11,1,0.3
D,RandomForest,53,PRUNED,0.8850101347225054,False,238,20,11,1,0.3
D,RandomForest,54,PRUNED,0.889159481498428,True,297,23,10,1,log2
D,RandomForest,55,PRUNED,0.8128011520509546,True,54,4,16,8,sqrt
D,RandomForest,56,PRUNED,0.8748214502071385,False,57,10,9,3,0.5
D,RandomForest,57,COMPLETE,0.912617008428424,True,135,27,4,1,0.3
D,RandomForest,58,COMPLETE,0.9114521763309575,True,144,30,4,2,sqrt
D,RandomForest,59,PRUNED,0.8906911875397838,True,180,29,2,3,sqrt
D,RandomForest,60,PRUNED,0.913649210219087,True,188,29,3,1,log2
D,RandomForest,61,PRUNED,0.8936628977712291,True,101,24,7,1,sqrt
D,RandomForest,62,PRUNED,0.8936164229077206,True,440,17,3,2,0.5
D,RandomForest,63,PRUNED,0.9135663577344494,True,146,30,3,3,0.3
D,RandomForest,64,PRUNED,0.8921393214570893,True,84,29,4,3,0.7
D,RandomForest,65,PRUNED,0.8893816785533344,True,57,25,3,3,0.3
D,RandomForest,66,PRUNED,0.8893591196638795,True,128,28,2,4,0.5
D,RandomForest,67,COMPLETE,0.9085109429044478,True,163,24,3,1,0.3
D,RandomForest,68,PRUNED,0.779296537960133,False,50,3,19,2,log2
D,RandomForest,69,PRUNED,0.8603020317453624,False,105,11,8,8,0.5
D,RandomForest,70,PRUNED,0.8790634063129708,False,208,27,9,3,sqrt
D,RandomForest,71,PRUNED,0.8546589436416445,False,218,18,13,9,0.7
D,RandomForest,72,PRUNED,0.8878480691097995,True,218,19,8,2,0.7
D,RandomForest,73,PRUNED,0.9136400160724703,True,250,25,7,1,0.3
D,RandomForest,74,PRUNED,0.8908896267721358,False,164,28,7,1,0.3
D,RandomForest,75,COMPLETE,0.910291707314553,True,108,30,7,1,0.3
D,RandomForest,76,PRUNED,0.8951323847814703,True,101,30,4,1,sqrt
D,RandomForest,77,PRUNED,0.8909424766162501,False,93,30,2,3,sqrt
D,RandomForest,78,PRUNED,0.8631574534274344,False,148,22,2,9,sqrt
D,RandomForest,79,PRUNED,0.9092085555844495,True,110,29,9,1,0.3
D,RandomForest,80,COMPLETE,0.9149736621882951,True,436,17,4,1,0.3
D,RandomForest,81,COMPLETE,0.9143847844017923,True,379,21,4,1,0.3
D,RandomForest,82,COMPLETE,0.91327383077737,True,458,15,2,1,0.3
D,RandomForest,83,PRUNED,0.8908063040751513,True,490,14,5,1,0.7
D,RandomForest,84,COMPLETE,0.9155622322439152,True,435,17,4,1,0.3
D,RandomForest,85,COMPLETE,0.9120852927732785,True,438,15,5,1,0.3
D,RandomForest,86,COMPLETE,0.912619627987049,True,456,16,6,1,0.3
D,RandomForest,87,COMPLETE,0.9085044888956295,True,500,18,9,2,0.3
D,RandomForest,88,COMPLETE,0.9103231742346886,True,424,15,4,2,0.3
D,RandomForest,89,COMPLETE,0.9150172658228533,True,482,14,4,1,0.3
D,RandomForest,90,PRUNED,0.8806198120853934,False,481,13,9,1,0.3
D,RandomForest,91,PRUNED,0.8865701605233607,True,478,8,8,1,0.3
D,RandomForest,92,PRUNED,0.8850144219705055,True,467,11,7,3,log2
D,RandomForest,93,PRUNED,0.9143729728381796,True,428,13,4,1,0.3
D,RandomForest,94,PRUNED,0.8951656708703235,True,487,14,7,1,sqrt
D,RandomForest,95,COMPLETE,0.9150090201118386,True,496,21,2,1,0.3
D,RandomForest,96,PRUNED,0.8907737645134671,False,437,20,5,2,sqrt
D,RandomForest,97,COMPLETE,0.9143986366352508,True,496,19,3,1,0.3
D,RandomForest,98,COMPLETE,0.9143849607570178,True,476,23,5,1,0.3
D,RandomForest,99,COMPLETE,0.9120413847802837,True,474,25,4,2,0.3
D,RandomForest,100,COMPLETE,0.9150107426819044,True,468,17,5,1,0.3
D,RandomForest,101,PRUNED,0.9165708431972576,True,425,20,5,1,0.3
D,RandomForest,102,PRUNED,0.8892946405388451,True,421,21,4,3,log2
D,RandomForest,103,PRUNED,0.9151376508070512,True,470,12,2,1,0.3
D,RandomForest,104,PRUNED,0.8936840823845673,True,447,24,7,1,0.5
D,RandomForest,105,PRUNED,0.9165751715674122,True,388,20,2,1,0.3
D,RandomForest,106,COMPLETE,0.9167892531379008,True,454,19,2,1,0.3
D,RandomForest,107,COMPLETE,0.9126559865592027,True,432,22,3,2,0.3
D,RandomForest,108,PRUNED,0.8762910896838021,True,71,25,13,7,0.7
D,RandomForest,109,PRUNED,0.8703563915184354,True,448,9,6,9,log2
D,RandomForest,110,PRUNED,0.8907528564846829,True,475,27,2,4,sqrt
D,RandomForest,111,COMPLETE,0.9150163004315516,True,453,17,2,1,0.3
D,RandomForest,112,PRUNED,0.8560291327513228,False,369,30,11,9,0.3
D,RandomForest,113,COMPLETE,0.91327383077737,True,451,15,2,1,0.3
D,RandomForest,114,PRUNED,0.8819945738450067,False,461,26,3,3,0.3
D,RandomForest,115,PRUNED,0.8790612561419693,False,250,15,2,2,0.7
D,RandomForest,116,PRUNED,0.8966333873516449,True,388,21,5,1,log2
D,RandomForest,117,COMPLETE,0.9150074709785201,True,435,29,2,1,0.3
D,RandomForest,118,COMPLETE,0.9144157531343374,True,457,23,2,1,0.3
D,RandomForest,119,PRUNED,0.8966434332608164,True,472,30,2,2,log2
D,RandomForest,120,COMPLETE,0.9161478127447186,True,457,26,4,1,0.3
D,RandomForest,121,COMPLETE,0.9132201310185393,True,452,27,5,1,0.3
D,RandomForest,122,PRUNED,0.8922030923214422,True,428,25,6,2,0.7
D,RandomForest,123,PRUNED,0.8981017576202937,True,345,24,4,1,sqrt
D,RandomForest,124,PRUNED,0.8863837122984699,False,499,19,2,1,0.5
D,RandomForest,125,COMPLETE,0.9132296935783419,True,475,29,2,1,0.3
D,RandomForest,126,PRUNED,0.8746561634805085,True,192,8,3,9,0.5
D,RandomForest,127,COMPLETE,0.9132334455222171,True,481,21,2,1,0.3
D,RandomForest,128,PRUNED,0.9151063326448673,True,473,22,7,1,0.3
D,RandomForest,129,PRUNED,0.9172929470143348,True,384,22,2,2,0.3
D,RandomForest,130,PRUNED,0.8732066419102706,True,256,24,19,10,log2
D,RandomForest,131,COMPLETE,0.9150090201118386,True,492,21,2,1,0.3
D,RandomForest,132,PRUNED,0.8559087858052465,False,83,17,18,5,0.7
D,RandomForest,133,PRUNED,0.8864286847886268,False,418,19,4,1,0.3
D,RandomForest,134,PRUNED,0.8804570341800291,True,104,27,19,3,log2
D,RandomForest,135,PRUNED,0.8272854061824384,False,248,4,8,5,log2
D,RandomForest,136,PRUNED,0.7585800487570982,False,202,3,20,1,0.7
D,RandomForest,137,PRUNED,0.8516493211439893,False,92,7,14,9,log2
D,RandomForest,138,PRUNED,0.9180242182245008,True,483,19,3,1,0.3
D,RandomForest,139,PRUNED,0.8921889346386076,True,320,29,4,5,0.3
D,RandomForest,140,PRUNED,0.9165694775433112,True,335,26,2,2,0.3
D,RandomForest,141,PRUNED,0.8789355939788115,True,497,17,17,1,0.7
D,RandomForest,142,COMPLETE,0.9143703067684065,True,408,22,3,1,0.3
D,RandomForest,143,PRUNED,0.8863131479610307,True,475,19,3,2,0.7
D,RandomForest,144,COMPLETE,0.915000476979192,True,445,24,2,1,0.3
D,RandomForest,145,COMPLETE,0.9132334696674738,True,464,23,2,1,0.3
D,RandomForest,146,PRUNED,0.895193991940187,True,467,19,2,1,log2
D,RandomForest,147,PRUNED,0.9165627275373616,True,314,27,3,1,0.3
D,RandomForest,148,COMPLETE,0.9132447575156896,True,492,22,2,1,0.3
D,RandomForest,149,PRUNED,0.889202317711193,True,247,26,2,2,0.5
E,MLP,0,COMPLETE,0.9284541734628047,False,121,41,6.026889128682509e-06,0.00029375384576328325
E,MLP,1,PRUNED,0.6641062867030914,False,84,56,1.2674255898937221e-06,0.0812324508558869
E,MLP,2,PRUNED,0.9263457818836414,True,26,13,3.320559103751961e-05,0.0037520558551242854
E,MLP,3,COMPLETE,0.9297076024518661,True,86,11,2.8888383623653218e-05,0.001256277350380704
E,MLP,4,PRUNED,0.9262699206898353,False,27,32,0.0009163741808778788,0.000137832374550072
E,MLP,5,PRUNED,0.9024178614300482,True,19,111,0.0673224892077534,0.026619018884890575
E,MLP,6,PRUNED,0.9218437287672556,True,106,26,4.075596440072871e-06,0.0030586566669785274
E,MLP,7,PRUNED,0.9247186922730355,False,32,49,3.618723330959624e-05,0.0036324869566766076
E,MLP,8,PRUNED,0.8243971022742859,True,236,68,0.04983043837494914,0.04835952776465952
E,MLP,9,PRUNED,0.9262804940308379,False,20,13,1.6832027985721922e-06,0.0009462175356461491
E,MLP,10,COMPLETE,0.9321057923941953,True,135,8,0.009697400408293167,0.0004455874033445652
E,MLP,11,PRUNED,0.9189842382359255,True,159,8,0.013688526919008815,0.0001539730910500514
E,MLP,12,PRUNED,0.9130611852611821,True,166,8,7.262733585604357e-05,0.004610809830763101
E,MLP,13,PRUNED,0.9159845023851498,True,39,12,0.0034804606712350063,0.0001831418408375938
E,MLP,14,PRUNED,0.914521544965384,True,104,36,0.015489367661109936,0.00038228686243952617
E,MLP,15,COMPLETE,0.9332666924306527,False,75,8,0.00010145057817370387,0.001794237685113671
E,MLP,16,PRUNED,0.9224845135621268,False,95,17,0.000851446212890719,0.007720171467204916
E,MLP,17,PRUNED,0.9233795805520488,False,205,8,0.0006454784985232649,0.0015444455604119716
E,MLP,18,PRUNED,0.9159360439635635,False,35,12,0.09775488509194254,0.0015040450960137172
E,MLP,19,PRUNED,0.9203243820498253,False,43,8,0.00027290980676517826,0.00010377611780375269
E,MLP,20,PRUNED,0.9219990414080702,True,85,9,0.007228571189092341,0.0010118783868315801
E,MLP,21,PRUNED,0.9248407694697965,False,76,18,1.1398225876628711e-05,0.003118175973037173
E,MLP,22,PRUNED,0.9219130865537899,True,100,12,1.7296217255195883e-06,0.00017224579605124604
E,MLP,23,PRUNED,0.9232600666862654,False,61,8,0.0003708365273648285,0.001362994838741401
E,MLP,24,PRUNED,0.9159368251249805,True,61,14,4.382823642812647e-05,0.00033729010833624846
E,MLP,25,PRUNED,0.9232611003405484,True,208,15,6.650726298860426e-05,0.00018333912196750866
E,MLP,26,PRUNED,0.904215482613505,True,178,8,0.04202464856555998,0.002940569303006165
E,MLP,27,PRUNED,0.9232743481829664,False,105,8,4.203438125286822e-06,0.0018657087333446877
E,MLP,28,PRUNED,0.9071435886292385,False,24,9,0.0015467856576378753,0.019183079608151653
E,MLP,29,PRUNED,0.9007477065295924,False,49,9,1.5590890322344388e-05,0.016471884949896255
E,MLP,30,PRUNED,0.9174932648411329,True,72,11,0.0002845948273115226,0.002546274357951888
E,MLP,31,PRUNED,0.9203332361112915,False,150,56,1.3501215104344167e-05,0.00033565230213580284
E,MLP,32,PRUNED,0.9174871018265697,False,75,52,2.309478421616193e-06,0.0004283007288710933
E,MLP,33,PRUNED,0.923276756069672,False,190,17,3.7310192963212136e-06,0.0003343208301806875
E,MLP,34,PRUNED,0.9233112133113569,False,181,17,0.08014725578818026,0.00036948378938048935
E,MLP,35,PRUNED,0.9203756280603012,True,125,109,5.3836238147179674e-05,0.0003246263999961901
E,MLP,36,PRUNED,0.921965093946628,True,65,11,4.861608260348613e-06,0.003750599432144081
E,MLP,37,PRUNED,0.8837712679236227,False,45,38,0.07299319908923184,0.010017126072447558
E,MLP,38,PRUNED,0.9203142567751639,True,98,8,1.606543902858539e-05,0.001218284323736028
E,MLP,39,COMPLETE,0.9291403950318216,False,57,21,7.847854680179241e-06,0.00017245400782965318
E,MLP,40,PRUNED,0.852172501517979,False,20,113,0.00010202238775689713,0.08498572423769712
E,MLP,41,PRUNED,0.920378758556452,False,63,19,6.366098496094272e-06,0.00015149408588356093
E,MLP,42,PRUNED,0.920300159291385,False,110,38,5.334869988968535e-06,0.00011331751771249298
E,MLP,43,PRUNED,0.9202776870954998,False,89,33,0.00013364559399186204,0.0006162721679191389
E,MLP,44,PRUNED,0.9144607687234667,True,16,83,0.00018265380114613474,0.00063013999434184
E,MLP,45,PRUNED,0.9269303812118451,False,41,15,2.2138199482206328e-05,0.0010357543810173499
E,MLP,46,PRUNED,0.6275950033507955,True,28,28,0.0026629855775291,0.04391827889687191
E,MLP,47,PRUNED,0.9086433535363508,False,232,42,2.1977857498951325e-05,0.012340303424111453
E,MLP,48,PRUNED,0.925432319333967,True,34,25,1.2669839603366413e-06,0.00042691818243230053
E,MLP,49,PRUNED,0.9204028334072958,True,102,25,0.00013673333506167921,0.000633087588018449
E,MLP,50,PRUNED,0.9254766287583073,True,197,12,0.008572607972234912,0.0005756342774145793
E,MLP,51,PRUNED,0.9173300070571802,False,32,26,1.724702906255445e-05,0.0003181918506904357
E,MLP,52,PRUNED,0.9203346338852468,False,42,17,1.089214203989463e-05,0.001100722195866668
E,MLP,53,PRUNED,0.9284074029968435,True,136,8,0.0006568166862394339,0.0005216324722683496
E,MLP,54,COMPLETE,0.929144030197428,True,119,11,0.00043220327816377384,0.00030811728837228103
E,MLP,55,PRUNED,0.9145201671699539,True,95,11,0.004228418232788672,0.0002445206676306666
E,MLP,56,PRUNED,0.8007350486915885,False,98,105,0.0027361814689549884,0.03073021205383956
E,MLP,57,PRUNED,0.9128666733318147,False,107,8,6.578713062555487e-05,0.0007027080069534707
E,MLP,58,PRUNED,0.920375166462054,True,119,9,0.06887384365227216,0.0004424699106662071
E,MLP,59,PRUNED,0.9041189193741024,False,102,10,0.00012106267218585722,0.004921141699902313
E,MLP,60,PRUNED,0.9224335768319737,False,150,8,0.0013200345947933757,0.00025947374601464494
E,MLP,61,PRUNED,0.913022241515816,True,93,12,0.0002755936567588897,0.0003809448963137766
E,MLP,62,PRUNED,0.9158647995414607,True,153,8,0.0011612039115048273,0.00045050781835001785
E,MLP,63,COMPLETE,0.9326679502050995,True,213,10,7.222363468890556e-05,0.0009077410034007237
E,MLP,64,PRUNED,0.9159049760842777,False,60,9,0.00014138963353955064,0.002004205537235513
E,MLP,65,PRUNED,0.926913643400767,True,89,48,2.9429538127911925e-06,0.0002920438995065255
E,MLP,66,PRUNED,0.9284266437334321,True,171,16,8.77678333610748e-06,0.0009869891182428038
E,MLP,67,PRUNED,0.928380349410499,False,129,37,1.60455693440931e-06,0.0008719284731082743
E,MLP,68,COMPLETE,0.9314605355222975,False,43,70,3.875015466612894e-05,0.00015925046285975253
E,MLP,69,PRUNED,0.9115394725746144,False,17,115,0.0004280081832210317,0.0003236337546479849
E,MLP,70,PRUNED,0.9217847546035518,False,52,59,1.0570248064932294e-05,0.00010400255062018477
E,MLP,71,PRUNED,0.9188558968618696,True,200,10,5.593621180893294e-05,0.0010065407888012704
E,MLP,72,PRUNED,0.9283236953733454,False,32,85,1.258455035550693e-05,0.000497235731359384
E,MLP,73,PRUNED,0.9158470662591243,False,91,38,0.00022378306600895337,0.00010510808798162739
E,MLP,74,PRUNED,0.5507450863383585,True,144,91,8.474751871193204e-05,0.09882134453902412
E,MLP,75,PRUNED,0.9143297688394405,False,21,57,5.089907040890912e-05,0.00014056668649845916
E,MLP,76,PRUNED,0.9174964308114634,True,219,8,3.511849771497423e-05,0.00013353795168056007
E,MLP,77,COMPLETE,0.929711130877446,True,202,15,0.00021084280258662597,0.0009806310195669863
E,MLP,78,PRUNED,0.9158965936572795,False,63,107,0.0001933142029466353,0.0001233204446850687
E,MLP,79,COMPLETE,0.9315014188906803,True,233,19,9.239218858322e-05,0.001081571436810925
E,MLP,80,PRUNED,0.9276888079453689,True,171,22,0.0012839233944973991,0.004634222047928382
E,MLP,81,PRUNED,0.9218634097332341,True,149,19,0.00024267595412412712,0.0009364116871045478
E,MLP,82,PRUNED,0.9283878406938947,True,239,21,3.607978449283741e-05,0.0010844603159447482
E,MLP,83,PRUNED,0.920389617438649,True,238,16,0.0011278244743434765,0.002753712561706374
E,MLP,84,PRUNED,0.9174289246607729,False,30,39,1.1494228480044743e-06,0.02168356443292332
E,MLP,85,PRUNED,0.9203758271974635,False,38,65,0.00019928378611409504,0.0006756784644194221
E,MLP,86,PRUNED,0.9144686564108622,False,18,56,0.0028791027085985537,0.003918879536597236
E,MLP,87,PRUNED,0.9217953582728711,True,210,16,0.0006235969658666703,0.0008449139753690329
E,MLP,88,COMPLETE,0.9362273368285223,True,247,13,6.917264017916128e-05,0.0026999041209106837
E,MLP,89,PRUNED,0.9291355931182483,False,196,21,8.070108262269272e-05,0.0031168564276713656
E,MLP,90,PRUNED,0.9210149771179076,True,148,13,2.1227597737254572e-05,0.010710003582384218
E,MLP,91,PRUNED,0.9239322042573734,True,29,8,2.9998970763954573e-05,0.0011747854477540864
E,MLP,92,COMPLETE,0.9344556814941427,True,85,15,3.5470014490467566e-05,0.0011611679807731702
E,MLP,93,PRUNED,0.921961406852381,True,90,17,9.42170203343959e-06,0.0016630892762014367
E,MLP,94,PRUNED,0.9225083195230398,True,73,17,7.273589479827108e-05,0.0019494859851505062
E,MLP,95,PRUNED,0.9240436391722413,True,167,9,0.0001180492798945229,0.0027077802210961955
E,MLP,96,PRUNED,0.9143820441922856,True,29,73,1.2119541650857662e-06,0.00011285806622249374
E,MLP,97,COMPLETE,0.9320490292127637,True,235,10,2.3439440032471595e-05,0.00214824365256043
E,MLP,98,PRUNED,0.9269487668056904,True,240,15,0.00012240842155034214,0.0026038747035504466
E,MLP,99,COMPLETE,0.9350759529664823,True,173,49,4.0977530941897724e-05,0.0013753714872578923
E,MLP,100,PRUNED,0.8846366085193677,True,230,25,4.7180760440512614e-05,0.01575875503714818
E,MLP,101,PRUNED,0.9276502691145546,True,153,72,3.3904077164811666e-06,0.0025324783407214514
E,MLP,102,PRUNED,0.9174723355249801,True,92,77,7.319368240496403e-05,0.0013954919040324
E,MLP,103,PRUNED,0.9174376057401478,True,166,9,1.5184991620882189e-05,0.0012958636026576334
E,MLP,104,PRUNED,0.9219031137341978,True,165,58,0.0006886575737774693,0.0005795255739696307
E,MLP,105,PRUNED,0.8584798535223586,True,32,24,9.559744684965895e-06,0.04624911587468325
E,MLP,106,PRUNED,0.9219217090015589,True,218,10,8.065319625228068e-05,0.0021646431064594697
E,MLP,107,PRUNED,0.9283970786863432,True,170,29,4.955897593326865e-06,0.002689663419359447
E,MLP,108,PRUNED,0.9241078519096431,True,232,14,3.6974801815690295e-05,0.003947572694907196
E,MLP,109,PRUNED,0.9247241397446391,True,111,38,4.940100968708938e-05,0.004937580531831536
E,MLP,110,PRUNED,0.9174863480614,True,29,31,0.0008107204091855902,0.0010128569028374946
E,MLP,111,PRUNED,0.9203415800547702,True,106,15,7.85778990313464e-05,0.00017481778480512737
E,MLP,112,PRUNED,0.9159437555007086,True,103,13,5.4933507763754996e-05,0.0006481907031281325
E,MLP,113,PRUNED,0.11626373913270505,True,244,8,1.1664350273409217e-06,0.07705454604689609
E,MLP,114,COMPLETE,0.9332157586825289,True,247,15,1.1300962792379502e-05,0.0005195212944505986
E,MLP,115,PRUNED,0.9203614481070481,True,188,23,2.4462771911286932e-06,0.00025051305638878015
E,MLP,116,PRUNED,0.920356589579299,True,245,20,1.291293724260764e-05,0.00021662967029637754
E,MLP,117,COMPLETE,0.9356038361621273,True,213,55,9.016768470763975e-06,0.0008720770114910444
E,MLP,118,COMPLETE,0.9362090115954869,True,173,41,2.4776231164263527e-05,0.0005560545154840557
E,MLP,119,PRUNED,0.9219215417343677,True,139,32,7.920514246718368e-05,0.00029432948424483273
E,MLP,120,PRUNED,0.9158889110426884,True,223,56,7.972510752823452e-06,0.0006118640133115582
E,MLP,121,PRUNED,0.9204191305815912,True,256,12,0.00014753781358402035,0.0006347099271662919
E,MLP,122,PRUNED,0.9218247409735034,True,207,34,4.978470630835462e-05,0.0017084099817961228
E,MLP,123,COMPLETE,0.9332111487229235,True,249,53,0.000140993713279273,0.0020870111554030743
E,MLP,124,PRUNED,0.9189290047936418,True,190,56,1.997701298793567e-05,0.00035610829917760977
E,MLP,125,COMPLETE,0.9332207619305581,True,191,67,0.0002017771656446358,0.004694189109004881
E,MLP,126,PRUNED,0.920294705104255,True,156,93,0.0004582350737859676,0.005889956328932511
E,MLP,127,PRUNED,0.9284006853006095,True,165,48,0.001001931113561966,0.004347749730629727
E,MLP,128,PRUNED,0.9204207512676565,True,206,69,0.00015864438243104746,0.0009440327418984133
E,MLP,129,PRUNED,0.9072524605751242,True,223,71,9.525570557503593e-05,0.005198261382591768
E,MLP,130,PRUNED,0.9130702763523999,True,248,48,0.0004847797007433623,0.0021768724392344564
E,MLP,131,PRUNED,0.9204095986798398,False,174,80,6.259119732172822e-05,0.001050159019522298
E,MLP,132,COMPLETE,0.935013223415835,True,127,48,1.9201721378152273e-05,0.0010039650397230928
E,MLP,133,PRUNED,0.9298095671461601,True,248,10,6.754885215436714e-06,0.001242740638527687
E,MLP,134,PRUNED,0.916069695391137,True,199,51,8.47025070166073e-06,0.002317576331516115
E,MLP,135,PRUNED,0.918886705079637,True,103,45,8.132439626920322e-05,0.0009122547462545418
E,MLP,136,COMPLETE,0.9315011194869575,True,202,64,3.4374752865991446e-05,0.0012938609757322304
E,MLP,137,PRUNED,0.870708973125731,False,160,28,0.017187249629182888,0.029497103782123568
E,MLP,138,PRUNED,0.9276521675177236,True,166,45,9.658002530784193e-06,0.0011247101405542374
E,MLP,139,PRUNED,0.9174413253288063,True,234,10,0.007730349653315725,0.0001110326568541623
E,MLP,140,PRUNED,0.9233819594127612,True,140,50,4.004166996841299e-06,0.0006266543346294312
E,MLP,141,PRUNED,0.9218619976519429,False,183,10,8.319959080777124e-06,0.0019285756214798878
E,MLP,142,COMPLETE,0.9344454788283049,True,200,114,1.9959772932008494e-05,0.003090861802501922
E,MLP,143,PRUNED,0.9189623573237813,True,114,127,6.39830314740479e-05,0.009958665024403296
E,MLP,144,PRUNED,0.8923164214449087,False,220,71,0.015779735338926678,0.002308647323551645
E,MLP,145,PRUNED,0.9277534307332682,True,195,80,8.488031786116613e-06,0.003917452080218918
E,MLP,146,PRUNED,0.9218458492310316,True,169,122,3.1433213239105676e-05,0.0028204049711743483
E,MLP,147,PRUNED,0.9247972696966965,True,63,54,0.005089367514104182,0.008807221287999085
E,MLP,148,PRUNED,0.9204540652875222,False,98,11,0.0031554490207836117,0.0011884560744102161
E,MLP,149,PRUNED,0.917427166228932,False,59,8,7.030732251572882e-05,0.0003600405823704649
E,SVM-lineal,0,COMPLETE,0.9052356640152184,False,24.658329458549105
E,SVM-lineal,1,PRUNED,0.9098864526063584,True,0.008629132190071854
E,SVM-lineal,2,COMPLETE,0.9052356640152184,False,4.0428727350273315
E,SVM-lineal,3,COMPLETE,0.9052356640152184,True,659.871107205407
E,SVM-lineal,4,PRUNED,0.9099037235829348,True,0.012329623163659839
E,SVM-lineal,5,COMPLETE,0.9052356640152184,False,1.40779231399724
E,SVM-lineal,6,COMPLETE,0.9052356640152184,True,4.689400963537685
E,SVM-lineal,7,COMPLETE,0.9052356640152184,False,0.1578232781079558
E,SVM-lineal,8,COMPLETE,0.9070353229446819,False,0.01577766363058246
E,SVM-lineal,9,PRUNED,0.910143300283748,False,0.0018997763474111276
E,SVM-lineal,10,COMPLETE,0.9088102819164131,False,0.02243311092248155
E,SVM-lineal,11,COMPLETE,0.9099802844627508,False,0.024014997084620727
E,SVM-lineal,12,COMPLETE,0.9075978488799258,False,0.07473563538303421
E,SVM-lineal,13,PRUNED,0.9086671574133317,False,0.0014382637623292617
E,SVM-lineal,14,PRUNED,0.9113684242483829,False,0.053361258376054016
E,SVM-lineal,15,PRUNED,0.8970544340669432,True,0.5046278231332566
E,SVM-lineal,16,PRUNED,0.8970544340669432,False,682.3924742807375
E,SVM-lineal,17,COMPLETE,0.9082142602306117,False,0.03187362526793396
E,SVM-lineal,18,PRUNED,0.9086321585881754,True,0.001229889472064311
E,SVM-lineal,19,PRUNED,0.8970544340669432,False,0.4520804885997925
E,SVM-lineal,20,PRUNED,0.9084287204187133,False,0.008767490942268402
E,SVM-lineal,21,COMPLETE,0.9082142602306117,False,0.0317667485533951
E,SVM-lineal,22,COMPLETE,0.913567756870368,False,0.03433425089698229
E,SVM-lineal,23,COMPLETE,0.913567756870368,False,0.03236619695809931
E,SVM-lineal,24,COMPLETE,0.912979475270172,False,0.237922275457188
E,SVM-lineal,25,PRUNED,0.8970544340669432,False,0.7730180511880266
E,SVM-lineal,26,PRUNED,0.8970544340669432,True,0.1852120888818493
E,SVM-lineal,27,PRUNED,0.8970544340669432,False,0.43301520019768885
E,SVM-lineal,28,PRUNED,0.8970544340669432,False,0.3537999494284654
E,SVM-lineal,29,PRUNED,0.8970544340669432,False,35.19883171428125
E,SVM-lineal,30,PRUNED,0.8970544340669432,False,0.20103708271999904
E,SVM-lineal,31,COMPLETE,0.9135727622397714,False,0.022721206272199094
E,SVM-lineal,32,PRUNED,0.9128389070003737,False,0.013227373105663506
E,SVM-lineal,33,PRUNED,0.9113684242483829,False,0.04326352454930304
E,SVM-lineal,34,PRUNED,0.8970544340669432,True,0.03336273986394678
E,SVM-lineal,35,PRUNED,0.8978181665052021,False,0.06534091520853397
E,SVM-lineal,36,PRUNED,0.8970544340669432,True,80.06528954592955
E,SVM-lineal,37,PRUNED,0.9070089061952942,False,0.007390145418568875
E,SVM-lineal,38,PRUNED,0.8970544340669432,False,5.380248723246222
E,SVM-lineal,39,PRUNED,0.8970544340669432,False,0.15194985407304434
E,SVM-lineal,40,PRUNED,0.8970522516934122,True,0.024810832922154462
E,SVM-lineal,41,COMPLETE,0.908225930622282,False,0.016359156414620598
E,SVM-lineal,42,COMPLETE,0.9141717416735032,False,0.01860404287787353
E,SVM-lineal,43,PRUNED,0.9113695058355811,False,0.00939501568945029
E,SVM-lineal,44,PRUNED,0.8978181665052021,False,0.05775092593416722
E,SVM-lineal,45,PRUNED,0.9071137119555617,False,0.00419252932928748
E,SVM-lineal,46,PRUNED,0.8978049549236335,False,0.08877715225948288
E,SVM-lineal,47,PRUNED,0.9113684242483829,False,0.02990250824947293
E,SVM-lineal,48,PRUNED,0.9116100372848517,False,0.0020868526086824757
E,SVM-lineal,49,PRUNED,0.8970544340669432,False,0.10902445199277168
E,SVM-lineal,50,PRUNED,0.8978059836011557,False,0.04068927630618294
E,SVM-lineal,51,COMPLETE,0.907629561673974,False,0.016477578936268087
E,SVM-lineal,52,COMPLETE,0.9076259176286878,False,0.01798834952417073
E,SVM-lineal,53,PRUNED,0.8978181665052021,False,0.0593474281672494
E,SVM-lineal,54,PRUNED,0.9098988066836087,False,0.009136441564558423
E,SVM-lineal,55,PRUNED,0.8970544340669432,False,0.15163398959245553
E,SVM-lineal,56,PRUNED,0.9113695058355811,False,0.009758432931066267
E,SVM-lineal,57,PRUNED,0.8970544340669432,True,936.5321426304171
E,SVM-lineal,58,COMPLETE,0.912979475270172,True,2.0461697580734115
E,SVM-lineal,59,PRUNED,0.8970544340669432,True,1.9637503404562977
E,SVM-lineal,60,COMPLETE,0.912979475270172,True,2.053472861730064
E,SVM-lineal,61,PRUNED,0.8970544340669432,True,1.5625743598190303
E,SVM-lineal,62,PRUNED,0.8970544340669432,True,0.9368345232363517
E,SVM-lineal,63,PRUNED,0.8970544340669432,True,4.073540320356295
E,SVM-lineal,64,COMPLETE,0.912979475270172,True,8.207238160567181
E,SVM-lineal,65,PRUNED,0.8970544340669432,True,0.364169172319384
E,SVM-lineal,66,PRUNED,0.8970544340669432,True,16.09284207093595
E,SVM-lineal,67,PRUNED,0.8970544340669432,True,1.5475857573950678
E,SVM-lineal,68,PRUNED,0.8970544340669432,True,0.3537040304480205
E,SVM-lineal,69,PRUNED,0.8970544340669432,False,0.5472023281763642
E,SVM-lineal,70,PRUNED,0.8970544340669432,False,2.155122891415161
E,SVM-lineal,71,PRUNED,0.8970544340669432,True,19.1196749963539
E,SVM-lineal,72,PRUNED,0.8970544340669432,True,7.610154955298375
E,SVM-lineal,73,PRUNED,0.8970544340669432,True,7.423621340797291
E,SVM-lineal,74,COMPLETE,0.912979475270172,True,5.609752049318023
E,SVM-lineal,75,PRUNED,0.8970544340669432,True,6.544225742686985
E,SVM-lineal,76,PRUNED,0.8970544340669432,True,1.1690855811795036
E,SVM-lineal,77,PRUNED,0.9128343867456439,True,0.017587524304511777
E,SVM-lineal,78,PRUNED,0.8970544340669432,True,73.62759860792718
E,SVM-lineal,79,PRUNED,0.8970544340669432,False,0.602894909277516
E,SVM-lineal,80,PRUNED,0.9113684242483829,False,0.05422335312006349
E,SVM-lineal,81,PRUNED,0.8970544340669432,True,3.6181329991502262
E,SVM-lineal,82,PRUNED,0.8970544340669432,True,13.879221441202413
E,SVM-lineal,83,PRUNED,0.8970544340669432,True,3.250477908649076
E,SVM-lineal,84,PRUNED,0.8970544340669432,True,7.8362834013933815
E,SVM-lineal,85,PRUNED,0.8970544340669432,True,0.23624288834678012
E,SVM-lineal,86,PRUNED,0.8970544340669432,False,166.59252451530242
E,SVM-lineal,87,PRUNED,0.897067973748988,False,0.07349989384641094
E,SVM-lineal,88,PRUNED,0.8970544340669432,True,23.415027320598252
E,SVM-lineal,89,PRUNED,0.9071137119555617,False,0.004148749029253586
E,SVM-lineal,90,COMPLETE,0.9058360807005705,False,0.08061003601468009
E,SVM-lineal,91,COMPLETE,0.9141526641607658,False,0.023914089718166696
E,SVM-lineal,92,COMPLETE,0.9082125421539751,False,0.019051910771944937
E,SVM-lineal,93,PRUNED,0.9128383865512395,False,0.02643977460760618
E,SVM-lineal,94,PRUNED,0.9113533103048166,False,0.011604556655901144
E,SVM-lineal,95,PRUNED,0.8970544340669432,False,0.09034375094495835
E,SVM-lineal,96,COMPLETE,0.9184501181336527,False,0.0024584865973744517
E,SVM-lineal,97,PRUNED,0.9086671574133317,False,0.0015478537799605812
E,SVM-lineal,98,PRUNED,0.9071137119555617,False,0.003944876661913587
E,SVM-lineal,99,PRUNED,0.9056005047090161,True,0.002270646869218352
E,SVM-lineal,100,PRUNED,0.9085756446066653,False,0.0035382246231371014
E,SVM-lineal,101,PRUNED,0.9086671574133317,False,0.0015792249238402425
E,SVM-lineal,102,PRUNED,0.9128383865512395,False,0.027143723886191018
E,SVM-lineal,103,PRUNED,0.8970544340669432,True,1.6224259597371034
E,SVM-lineal,104,COMPLETE,0.9064317001398374,False,0.03806027029715858
E,SVM-lineal,105,PRUNED,0.8970544340669432,False,0.36209310965038194
E,SVM-lineal,106,PRUNED,0.9099155644958676,False,0.00859268817633605
E,SVM-lineal,107,PRUNED,0.8970544340669432,True,1.5877538574879049
E,SVM-lineal,108,COMPLETE,0.9088102819164131,False,0.02290327941993574
E,SVM-lineal,109,PRUNED,0.8970544340669432,False,0.13116472202219892
E,SVM-lineal,110,PRUNED,0.8970544340669432,True,6.027303776735162
E,SVM-lineal,111,COMPLETE,0.9070353229446819,False,0.015913295488254885
E,SVM-lineal,112,COMPLETE,0.9082142602306117,False,0.03236841800456586
E,SVM-lineal,113,COMPLETE,0.9082170780761778,False,0.016744404953109047
E,SVM-lineal,114,PRUNED,0.9101302083507117,False,0.0011767886716327642
E,SVM-lineal,115,PRUNED,0.8970544340669432,False,0.25672201265720757
E,SVM-lineal,116,COMPLETE,0.9088068236389895,False,0.01724345226801824
E,SVM-lineal,117,PRUNED,0.8970544340669432,False,18.655752808299
E,SVM-lineal,118,COMPLETE,0.912979475270172,True,0.3639535585879553
E,SVM-lineal,119,PRUNED,0.8970544340669432,True,0.09102054469165372
E,SVM-lineal,120,PRUNED,0.8970544340669432,True,0.7539433590778557
E,SVM-lineal,121,PRUNED,0.8970544340669432,True,0.20478512587306244
E,SVM-lineal,122,PRUNED,0.8970544340669432,True,1.346148039067295
E,SVM-lineal,123,PRUNED,0.8970544340669432,True,0.15436995628620256
E,SVM-lineal,124,PRUNED,0.8970544340669432,True,8.500612283357988
E,SVM-lineal,125,PRUNED,0.8970544340669432,False,0.12369822321609678
E,SVM-lineal,126,PRUNED,0.8970544340669432,True,1.0264067952536657
E,SVM-lineal,127,COMPLETE,0.9088102819164131,False,0.02222723322520009
E,SVM-lineal,128,PRUNED,0.8970544340669432,True,54.02559369768402
E,SVM-lineal,129,PRUNED,0.9098988066836087,False,0.009158464787882056
E,SVM-lineal,130,COMPLETE,0.912979475270172,False,2.2274801066676506
E,SVM-lineal,131,PRUNED,0.8970544340669432,False,2.468371926954172
E,SVM-lineal,132,COMPLETE,0.912979475270172,False,6.18718348722096
E,SVM-lineal,133,PRUNED,0.8970544340669432,False,10.357759591525504
E,SVM-lineal,134,PRUNED,0.8970544340669432,False,6.581018446905882
E,SVM-lineal,135,PRUNED,0.8970544340669432,False,1.898231954770119
E,SVM-lineal,136,PRUNED,0.8970544340669432,False,6.480323396241701
E,SVM-lineal,137,PRUNED,0.8970544340669432,False,1.4338107263479796
E,SVM-lineal,138,PRUNED,0.8970544340669432,False,2.9043176216419826
E,SVM-lineal,139,PRUNED,0.8970544340669432,False,29.385365847397274
E,SVM-lineal,140,PRUNED,0.8970544340669432,True,1.823853884917324
E,SVM-lineal,141,PRUNED,0.8970544340669432,False,0.3118676414679462
E,SVM-lineal,142,PRUNED,0.897067973748988,False,0.0686588078369404
E,SVM-lineal,143,PRUNED,0.8970544340669432,True,4.889704951334626
E,SVM-lineal,144,PRUNED,0.9114017707411506,False,0.008402791193634332
E,SVM-lineal,145,COMPLETE,0.912979475270172,False,0.690423647941475
E,SVM-lineal,146,PRUNED,0.8970544340669432,False,1.289248229572982
E,SVM-lineal,147,PRUNED,0.8970544340669432,False,0.35452973811954996
E,SVM-lineal,148,PRUNED,0.8970544340669432,False,2.773358709161307
E,SVM-lineal,149,PRUNED,0.8970544340669432,False,0.7771435394282467
E,SVM-RBF,0,COMPLETE,0.9342952445322208,False,246.5832945854911,scale,
E,SVM-RBF,1,PRUNED,0.0,False,40.42872735027332,value,0.9877700294007907
E,SVM-RBF,2,PRUNED,0.8521648184533552,True,0.12601639723276803,auto,
E,SVM-RBF,3,PRUNED,0.0,False,0.06870101665590027,value,0.5141096648805742
E,SVM-RBF,4,COMPLETE,0.9342952445322208,False,35.84985580340473,auto,
E,SVM-RBF,5,COMPLETE,0.9342952445322208,False,6220.0259768191545,scale,
E,SVM-RBF,6,PRUNED,0.8114856522864657,True,0.05397956855996446,value,0.0003570095960030948
E,SVM-RBF,7,PRUNED,0.002090493007934513,True,13.194961490425664,value,0.44750401913509
E,SVM-RBF,8,PRUNED,0.9245024855757136,True,38.672288491177454,scale,
E,SVM-RBF,9,PRUNED,0.9201730078182477,False,2.148145718198269,auto,
E,SVM-RBF,10,PRUNED,0.92747103201516,False,13.89810061906264,scale,
E,SVM-RBF,11,COMPLETE,0.9342952445322208,False,194.32344807696276,auto,
E,SVM-RBF,12,PRUNED,0.9274587385469106,True,4204.492084007478,auto,
E,SVM-RBF,13,PRUNED,0.9128540168601555,False,4541.979419482944,value,1.2432194172194457e-05
E,SVM-RBF,14,COMPLETE,0.9342952445322208,False,176.9112441691145,scale,
E,SVM-RBF,15,PRUNED,0.7181863543107756,False,0.05233735688962499,scale,
E,SVM-RBF,16,PRUNED,0.9274587385469106,True,71.73129455326054,auto,
E,SVM-RBF,17,PRUNED,0.9245024855757136,True,4282.965092578703,scale,
E,SVM-RBF,18,COMPLETE,0.9342952445322208,False,2121.667164808698,auto,
E,SVM-RBF,19,COMPLETE,0.9343026450284748,False,12.17131602857162,auto,
E,SVM-RBF,20,PRUNED,0.010094913287353513,False,0.01572649342799207,auto,
E,SVM-RBF,21,COMPLETE,0.9342952445322208,False,23.417219096983054,auto,
E,SVM-RBF,22,PRUNED,0.9274901629892854,False,7.794093613455711,auto,
E,SVM-RBF,23,PRUNED,0.9311491229305754,False,314.00263014738425,scale,
E,SVM-RBF,24,COMPLETE,0.9342952445322208,False,56.83947773921591,auto,
E,SVM-RBF,25,COMPLETE,0.9342952445322208,False,21.33877459516192,scale,
E,SVM-RBF,26,PRUNED,0.63958281237949,True,0.014620157916374242,scale,
E,SVM-RBF,27,PRUNED,0.2234590849115341,True,7753.937014581889,value,0.007316217617286468
E,SVM-RBF,28,PRUNED,0.9296708953267638,True,2.7824072911943563,auto,
E,SVM-RBF,29,PRUNED,0.1746377996345117,False,13.760920257775298,value,0.007306398212296871
E,SVM-RBF,30,PRUNED,0.931222568210103,False,230.03213524212737,value,0.0003539125877722043
E,SVM-RBF,31,COMPLETE,0.9342952445322208,False,6711.1951570121955,scale,
E,SVM-RBF,32,COMPLETE,0.9342952445322208,False,3524.4388966794754,scale,
E,SVM-RBF,33,COMPLETE,0.9342952445322208,False,9869.168775800399,scale,
E,SVM-RBF,34,COMPLETE,0.9342977262010871,False,12.531585516760435,auto,
E,SVM-RBF,35,PRUNED,0.926018782301103,False,4.071506156392818,auto,
E,SVM-RBF,36,COMPLETE,0.9342952445322208,False,29.017710905274072,auto,
E,SVM-RBF,37,COMPLETE,0.9342952445322208,False,22.942512317502583,auto,
E,SVM-RBF,38,PRUNED,0.9156612114835647,True,1.6218970215849557,scale,
E,SVM-RBF,39,PRUNED,0.0011894775063542862,False,1.0336384661177047,value,6.483516322008316
E,SVM-RBF,40,PRUNED,0.9128044559356694,False,1.3323595894109972,auto,
E,SVM-RBF,41,COMPLETE,0.9342952445322208,False,88.47746036938675,auto,
E,SVM-RBF,42,COMPLETE,0.9342952445322208,False,519.1732023268537,scale,
E,SVM-RBF,43,PRUNED,0.9274901629892854,False,6.869307795234676,auto,
E,SVM-RBF,44,PRUNED,0.6499431848410241,True,0.010142734868727325,auto,
E,SVM-RBF,45,PRUNED,0.9245024855757136,True,341.3807050961149,scale,
E,SVM-RBF,46,PRUNED,0.9311491229305754,False,73.59871304124991,scale,
E,SVM-RBF,47,COMPLETE,0.9342952445322208,False,662.8183256091353,auto,
E,SVM-RBF,48,PRUNED,0.002090493007934513,True,26.521507056912085,value,0.036592273277443896
E,SVM-RBF,49,COMPLETE,0.9342952445322208,False,28.034465536638656,auto,
E,SVM-RBF,50,PRUNED,0.9274587385469106,True,62.96179989759067,auto,
E,SVM-RBF,51,COMPLETE,0.9342952445322208,False,251.94531593895843,auto,
E,SVM-RBF,52,COMPLETE,0.9342952445322208,False,366.3605022162802,auto,
E,SVM-RBF,53,COMPLETE,0.9342952445322208,False,514.4890359910929,scale,
E,SVM-RBF,54,COMPLETE,0.9342952445322208,False,21.51315918491627,auto,
E,SVM-RBF,55,PRUNED,0.914273120599339,False,1.730067376597195,scale,
E,SVM-RBF,56,PRUNED,0.9311491229305754,False,85.8330907933002,auto,
E,SVM-RBF,57,PRUNED,0.9128540168601555,False,2649.35556189298,value,1.0564213280064956e-05
E,SVM-RBF,58,PRUNED,0.9311491229305754,False,5852.143011634951,auto,
E,SVM-RBF,59,COMPLETE,0.9342952445322208,False,534.3023475802111,scale,
E,SVM-RBF,60,PRUNED,0.868031538315189,True,0.7072211595312099,value,0.0014014016207245243
E,SVM-RBF,61,COMPLETE,0.9342952445322208,False,57.83332590137816,scale,
E,SVM-RBF,62,COMPLETE,0.9342952445322208,False,249.37944727168613,scale,
E,SVM-RBF,63,PRUNED,0.0,False,0.015886183156539634,value,0.05246714336823529
E,SVM-RBF,64,COMPLETE,0.9342952445322208,False,39.84333831161998,scale,
E,SVM-RBF,65,PRUNED,0.9311491229305754,False,6060.392525243333,scale,
E,SVM-RBF,66,PRUNED,0.9216016205807481,False,2.731980802669991,auto,
E,SVM-RBF,67,PRUNED,0.0,False,72.59184325277039,value,6.21428680713093
E,SVM-RBF,68,COMPLETE,0.9342952445322208,False,44.14373391415876,auto,
E,SVM-RBF,69,COMPLETE,0.9342952445322208,False,1313.4404055544253,scale,
E,SVM-RBF,70,PRUNED,0.9274901629892854,False,10.79527978816203,auto,
E,SVM-RBF,71,COMPLETE,0.9342952445322208,False,1325.9843760265426,auto,
E,SVM-RBF,72,COMPLETE,0.9342952445322208,False,1623.0473041471575,auto,
E,SVM-RBF,73,COMPLETE,0.9342952445322208,False,619.1130919425229,auto,
E,SVM-RBF,74,PRUNED,0.9274587385469106,True,611.3837991471298,auto,
E,SVM-RBF,75,COMPLETE,0.9342952445322208,False,5117.831192207159,auto,
E,SVM-RBF,76,COMPLETE,0.9342952445322208,False,174.7541179116118,scale,
E,SVM-RBF,77,COMPLETE,0.93490091703499,False,73.1672179863479,auto,
E,SVM-RBF,78,COMPLETE,0.9342952445322208,False,41.54626749818078,auto,
E,SVM-RBF,79,COMPLETE,0.9342952445322208,False,43.73794098255656,auto,
E,SVM-RBF,80,PRUNED,0.8981030117270786,False,0.4435954705827294,auto,
E,SVM-RBF,81,COMPLETE,0.9342952445322208,False,182.30636646134957,auto,
E,SVM-RBF,82,COMPLETE,0.9342952445322208,False,81.51994976775318,auto,
E,SVM-RBF,83,COMPLETE,0.9343026450284748,False,12.645682031785682,auto,
E,SVM-RBF,84,PRUNED,0.9274901629892854,False,6.271890772389174,auto,
E,SVM-RBF,85,PRUNED,0.9245156331744473,True,3.9199705554860707,auto,
E,SVM-RBF,86,PRUNED,0.9274901629892854,False,9.420308169469141,auto,
E,SVM-RBF,87,PRUNED,0.9275030966546212,False,5.006615318833274,auto,
E,SVM-RBF,88,PRUNED,0.9245024855757136,True,80.41110220773395,scale,
E,SVM-RBF,89,PRUNED,0.9086543167313182,False,8.010521862796919,value,0.00010190283680945916
E,SVM-RBF,90,PRUNED,0.9311491229305754,False,6797.734776396091,scale,
E,SVM-RBF,91,COMPLETE,0.9342952445322208,False,125.0197380296914,auto,
E,SVM-RBF,92,COMPLETE,0.9342952445322208,False,24.89110939266122,auto,
E,SVM-RBF,93,COMPLETE,0.9342952445322208,False,34.988139107796655,scale,
E,SVM-RBF,94,COMPLETE,0.9342952445322208,False,397.3779512476243,scale,
E,SVM-RBF,95,COMPLETE,0.9342952445322208,False,111.24163345421952,auto,
E,SVM-RBF,96,PRUNED,0.926018782301103,False,4.315235876306675,auto,
E,SVM-RBF,97,COMPLETE,0.9342952445322208,False,147.54814434814605,auto,
E,SVM-RBF,98,COMPLETE,0.9342952445322208,False,387.97759124328593,scale,
E,SVM-RBF,99,PRUNED,0.9245024855757136,True,6854.1378252154245,scale,
E,SVM-RBF,100,PRUNED,0.7931853199270575,True,631.9888097836882,value,0.0026969370155936743
E,SVM-RBF,101,PRUNED,0.92747103201516,False,15.664471164389882,auto,
E,SVM-RBF,102,COMPLETE,0.9342952445322208,False,17.82581662367555,auto,
E,SVM-RBF,103,PRUNED,0.92747103201516,False,16.449323419018725,auto,
E,SVM-RBF,104,PRUNED,0.002090493007934513,False,321.2039455374678,value,0.12227184753695239
E,SVM-RBF,105,COMPLETE,0.9342952445322208,False,345.88542778282886,auto,
E,SVM-RBF,106,COMPLETE,0.93490091703499,False,17.10864768047248,auto,
E,SVM-RBF,107,PRUNED,0.9245288427883853,False,3.29959442111897,auto,
E,SVM-RBF,108,PRUNED,0.9274901629892854,False,8.755708978867451,scale,
E,SVM-RBF,109,COMPLETE,0.9342952445322208,False,9633.623232669228,scale,
E,SVM-RBF,110,COMPLETE,0.9342952445322208,False,20.716963070039025,auto,
E,SVM-RBF,111,COMPLETE,0.9342952445322208,False,26.4732447864718,auto,
E,SVM-RBF,112,PRUNED,0.9274587385469106,True,25.536382452897566,auto,
E,SVM-RBF,113,COMPLETE,0.9342952445322208,False,57.36032524644555,auto,
E,SVM-RBF,114,PRUNED,0.9274901629892854,False,5.943401400940156,auto,
E,SVM-RBF,115,COMPLETE,0.9342952445322208,False,1472.1013001176775,auto,
E,SVM-RBF,116,COMPLETE,0.9342952445322208,False,68.10264719792589,auto,
E,SVM-RBF,117,COMPLETE,0.9342952445322208,False,217.4482933346904,scale,
E,SVM-RBF,118,COMPLETE,0.9343026450284748,False,12.047235806009574,auto,
E,SVM-RBF,119,PRUNED,0.9128203296193871,False,1.03516731625098,auto,
E,SVM-RBF,120,PRUNED,0.9274901629892854,False,7.915688089241541,auto,
E,SVM-RBF,121,PRUNED,0.0011894775063542862,True,0.02205721882452037,value,9.729586620363962
E,SVM-RBF,122,COMPLETE,0.9342952445322208,False,25.36736134223703,auto,
E,SVM-RBF,123,COMPLETE,0.9342952445322208,False,18.391237094784444,auto,
E,SVM-RBF,124,PRUNED,0.9274587385469106,True,8216.004232140558,auto,
E,SVM-RBF,125,COMPLETE,0.9342952445322208,False,73.67691605904497,auto,
E,SVM-RBF,126,PRUNED,0.926018782301103,False,5.567689835804423,auto,
E,SVM-RBF,127,COMPLETE,0.9342952445322208,False,410.26076321062084,auto,
E,SVM-RBF,128,PRUNED,0.9311491229305754,False,6650.882607147373,auto,
E,SVM-RBF,129,COMPLETE,0.9342952445322208,False,797.3762014519017,scale,
E,SVM-RBF,130,COMPLETE,0.9342952445322208,False,25.324077756710942,auto,
E,SVM-RBF,131,PRUNED,0.9311491229305754,False,91.1664346067422,auto,
E,SVM-RBF,132,COMPLETE,0.9342952445322208,False,38.09190116871441,auto,
E,SVM-RBF,133,COMPLETE,0.9342952445322208,False,56.33856958491032,scale,
E,SVM-RBF,134,PRUNED,0.9216740737102178,False,27.217763047028754,value,0.00013971066259284656
E,SVM-RBF,135,PRUNED,0.9311491229305754,False,109.18341700355437,auto,
E,SVM-RBF,136,PRUNED,0.9274901629892854,False,6.367136909911474,auto,
E,SVM-RBF,137,PRUNED,0.9311491229305754,False,332.831782562058,auto,
E,SVM-RBF,138,PRUNED,0.9274901629892854,False,10.550380332425084,auto,
E,SVM-RBF,139,COMPLETE,0.9342952445322208,False,1635.1814574238363,scale,
E,SVM-RBF,140,PRUNED,0.7230572348262364,False,0.053578750041202494,scale,
E,SVM-RBF,141,COMPLETE,0.9342952445322208,False,153.76137394070886,scale,
E,SVM-RBF,142,COMPLETE,0.9342952445322208,False,30.699852531362094,scale,
E,SVM-RBF,143,COMPLETE,0.9342952445322208,False,27.7851193668047,scale,
E,SVM-RBF,144,COMPLETE,0.9342952445322208,False,18.382088907251983,auto,
E,SVM-RBF,145,PRUNED,0.9274901629892854,False,10.965353302040546,scale,
E,SVM-RBF,146,COMPLETE,0.9342952445322208,False,86.51906662587754,auto,
E,SVM-RBF,147,PRUNED,0.9038598009310898,True,0.45985448324069345,auto,
E,SVM-RBF,148,PRUNED,0.9216016205807481,False,2.7695359271205153,auto,
E,SVM-RBF,149,COMPLETE,0.9342952445322208,False,38.97461843679934,auto,
E,SVM-polinomial,0,COMPLETE,0.9342810331640303,False,45.70563099801453,4,0.46805592132730955
E,SVM-polinomial,1,PRUNED,0.9306391700827743,True,214.23021757741054,4,2.1242177333881367
E,SVM-polinomial,2,PRUNED,0.9297335293151927,False,145.28246637516014,2,0.5454749016213019
E,SVM-polinomial,3,PRUNED,0.932112235003774,False,4.205156450913866,3,0.8736874205941257
E,SVM-polinomial,4,PRUNED,0.9262420468371555,True,0.2888838362365318,3,1.3682099526511078
E,SVM-polinomial,5,PRUNED,0.9276089827787742,True,3.725393839578884,4,0.13935123815999317
E,SVM-polinomial,6,PRUNED,0.9306391700827743,True,0.021147447960615712,5,2.896896099223678
E,SVM-polinomial,7,PRUNED,0.9144772150493434,True,0.030786517836196188,4,1.320457481218804
E,SVM-polinomial,8,PRUNED,0.8878166540884147,False,0.014857392806279237,5,0.7763399448000508
E,SVM-polinomial,9,COMPLETE,0.9361301278613399,True,3.9841905944346854,4,0.5545633665765811
E,SVM-polinomial,10,PRUNED,0.9320709111240164,True,5.069517916585595,5,1.4199819643640057
E,SVM-polinomial,11,PRUNED,0.907929198043447,False,196.52921640709178,5,0.27409719244048814
E,SVM-polinomial,12,PRUNED,0.9319458072636189,False,39.24004796919337,4,1.2682539750584232
E,SVM-polinomial,13,PRUNED,0.9188907648031894,True,1.0648080107028837,2,0.14947246481142806
E,SVM-polinomial,14,PRUNED,0.928259434377354,True,29.15941891150447,3,0.9665279091325002
E,SVM-polinomial,15,PRUNED,0.9231499708675017,False,1.850795375872463,4,0.28474814349279554
E,SVM-polinomial,16,PRUNED,0.9305977245347117,False,0.571120460458953,3,2.761671732710127
E,SVM-polinomial,17,PRUNED,0.9320478306957982,True,102.19163555391346,5,0.4190383423903812
E,SVM-polinomial,18,PRUNED,0.9260578496126682,False,740.240589651625,3,0.04021219543358867
E,SVM-polinomial,19,PRUNED,0.921734192180494,True,165.49707685076982,2,2.4540460548409846
E,SVM-polinomial,20,PRUNED,0.8998895311710305,False,0.15708044414928946,2,0.39566950762250797
E,SVM-polinomial,21,PRUNED,0.9291232613897569,False,51.10938295000114,5,1.6533706580140546
E,SVM-polinomial,22,PRUNED,0.9305979768411368,False,134.67442387720817,4,0.9268094861726472
E,SVM-polinomial,23,PRUNED,0.9290934800299359,False,4.612153453201938,5,1.0392855798612766
E,SVM-polinomial,24,PRUNED,0.9319141631830725,False,40.62801002975798,3,1.5824193106136977
E,SVM-polinomial,25,PRUNED,0.9327019964716926,True,1.091026795255136,4,1.0184032889329775
E,SVM-polinomial,26,PRUNED,0.8995239616127331,True,0.35483831808309085,5,0.2470274142779354
E,SVM-polinomial,27,PRUNED,0.9306231455635134,True,1.3159299254873973,4,1.2210852981396314
E,SVM-polinomial,28,COMPLETE,0.933751207435912,True,1.1759384485984903,4,0.9185542082161822
E,SVM-polinomial,29,PRUNED,0.4880403155728444,True,0.05269584160596971,4,0.16267450144579798
E,SVM-polinomial,30,PRUNED,0.9290033571914309,True,6.810922191543184,5,2.5690551394991363
E,SVM-polinomial,31,PRUNED,0.9327076139932439,True,6.19641631379405,4,1.0047884584690068
E,SVM-polinomial,32,PRUNED,0.9297432451650218,True,16.839992587549844,4,1.386933214198036
E,SVM-polinomial,33,PRUNED,0.9215199330185841,False,28.680892580991795,4,0.2523637680972194
E,SVM-polinomial,34,COMPLETE,0.9355337952029437,True,3.455882159372139,4,0.6525093693519017
E,SVM-polinomial,35,COMPLETE,0.9396670329625939,True,9.853696170813683,4,0.3403078968673857
E,SVM-polinomial,36,COMPLETE,0.9360848297537621,True,47.66551141623739,4,0.23503311275839334
E,SVM-polinomial,37,COMPLETE,0.935528751672984,True,294.3896135512094,4,0.6080926374579347
E,SVM-polinomial,38,COMPLETE,0.9426487879510874,True,14.713208363811766,4,0.3780827823984554
E,SVM-polinomial,39,COMPLETE,0.9384700554452081,True,17.984208082065056,4,0.24332849256621902
E,SVM-polinomial,40,COMPLETE,0.9391067840274584,True,7.550474599821945,3,0.24594357127431526
E,SVM-polinomial,41,COMPLETE,0.9367555189074561,True,22.28885103675412,3,0.4140043133892994
E,SVM-polinomial,42,PRUNED,0.9340924636435604,True,13.889705333365935,3,0.006135909255826633
E,SVM-polinomial,43,PRUNED,0.934948387667347,True,165.87962118299117,3,0.2552540704559079
E,SVM-polinomial,44,PRUNED,0.9312173596148475,True,46.195372413679976,2,0.5883477302769917
E,SVM-polinomial,45,PRUNED,0.9342264074122404,True,4.462395368067795,3,0.39885472689665386
E,SVM-polinomial,46,PRUNED,0.9276084644393336,True,13.22357059468059,4,0.15356477112835396
E,SVM-polinomial,47,PRUNED,0.93120299068767,False,0.29945920057042846,5,2.226524052695312
E,SVM-polinomial,48,COMPLETE,0.9396670329625939,True,13.394374397952303,4,0.3495406881843353
E,SVM-polinomial,49,PRUNED,0.874961857114342,True,1.8687911944092659,4,0.008210263730203504
E,SVM-polinomial,50,COMPLETE,0.9384982675204236,True,8.150120096733657,5,0.6663259017056805
E,SVM-polinomial,51,PRUNED,0.9320990264611033,True,12.84518313285255,5,0.9613505330472939
E,SVM-polinomial,52,COMPLETE,0.9361350120101879,True,11.504342476806189,5,0.8301574639171009
E,SVM-polinomial,53,PRUNED,0.9172613949036819,True,12.697549795093284,5,0.18688031109831954
E,SVM-polinomial,54,PRUNED,0.932111718298587,True,944.3474617687995,5,2.3581920975071022
E,SVM-polinomial,55,PRUNED,0.9216400231901529,True,17.606877853006,4,0.07402694320700465
E,SVM-polinomial,56,PRUNED,0.8630940022911877,False,0.019743553245226947,2,1.382783063971402
E,SVM-polinomial,57,COMPLETE,0.9367158606528762,True,29.812007335378155,4,0.6718545846902673
E,SVM-polinomial,58,PRUNED,0.9087288806929601,True,0.07435042296777689,2,2.3653229067456087
E,SVM-polinomial,59,PRUNED,0.9291286044003793,False,4.957284415099383,3,0.41888894139956767
E,SVM-polinomial,60,COMPLETE,0.9396670329625939,True,16.887205680890162,4,0.3405853023599878
E,SVM-polinomial,61,PRUNED,0.9275745019903874,True,20.05868333152219,4,0.10077672877671615
E,SVM-polinomial,62,PRUNED,0.9320738235768653,False,660.547108430471,2,1.9938393583945793
E,SVM-polinomial,63,PRUNED,0.9289680551688984,False,62.37481219115904,5,2.989728120970452
E,SVM-polinomial,64,PRUNED,0.9349215017084795,True,18.775602978234495,4,0.5649793200780704
E,SVM-polinomial,65,PRUNED,0.9320824596421178,True,9.067427728890085,4,0.5127098278222635
E,SVM-polinomial,66,PRUNED,0.9110749542549894,False,4.377673366126286,5,0.3134683005873225
E,SVM-polinomial,67,PRUNED,0.9349215017084795,True,33.535043688845256,4,0.5685110244652791
E,SVM-polinomial,68,PRUNED,0.9203473168276741,True,0.5856969634257381,3,0.33696289611675745
E,SVM-polinomial,69,PRUNED,0.9335162301963418,True,1.367166302834334,5,0.4637484414075861
E,SVM-polinomial,70,PRUNED,0.9306118087401716,True,359.0137478021491,5,1.2622720592819694
E,SVM-polinomial,71,PRUNED,0.9306391700827743,True,21.410778391572435,3,0.5700273884276401
E,SVM-polinomial,72,PRUNED,0.9306391700827743,True,5.305547552028257,3,0.5821737721424157
E,SVM-polinomial,73,PRUNED,0.9320956937793261,True,22.855148565018776,3,0.7747150014271781
E,SVM-polinomial,74,PRUNED,0.9348551615110353,True,17.85850909112705,3,0.023836359428002357
E,SVM-polinomial,75,PRUNED,0.9260347446357846,True,716.1265406042122,2,1.2120504596092396
E,SVM-polinomial,76,COMPLETE,0.9396623393275163,True,3.6860608233305405,4,0.2740248684553367
E,SVM-polinomial,77,PRUNED,0.9130518481276066,False,0.019021800936698238,3,2.9149177036665903
E,SVM-polinomial,78,COMPLETE,0.9414525457825244,True,2.2406301419778125,4,0.3966662613504335
E,SVM-polinomial,79,PRUNED,0.9276959826694653,True,2.137917793418664,2,1.6394231540043278
E,SVM-polinomial,80,PRUNED,0.9305916677309456,True,2.7774215604451036,4,0.7797461703947492
E,SVM-polinomial,81,PRUNED,0.9320478306957982,True,10.520360665136826,5,0.3898497670341703
E,SVM-polinomial,82,PRUNED,0.9290989057375048,True,0.9780116297787996,4,0.2549684443949996
E,SVM-polinomial,83,PRUNED,0.9098970642538143,True,1.4543682371959954,4,0.05373642833360115
E,SVM-polinomial,84,COMPLETE,0.9414423840994759,True,6.103051776128926,4,0.3284962633762247
E,SVM-polinomial,85,PRUNED,0.9100118694446253,False,0.1761926651959362,4,0.7336217797468126
E,SVM-polinomial,86,COMPLETE,0.9402707494023559,True,0.8455667212608492,4,0.49774049037795054
E,SVM-polinomial,87,PRUNED,0.9363999497598711,True,2.3656795176211394,4,0.560954883308807
E,SVM-polinomial,88,PRUNED,0.9335452815391332,True,0.8400631768809166,4,0.6307037854030277
E,SVM-polinomial,89,COMPLETE,0.9408577429269889,True,2.79953841357058,4,0.36869578071080655
E,SVM-polinomial,90,COMPLETE,0.9408577429269889,True,2.500020628065838,4,0.3610243778265114
E,SVM-polinomial,91,COMPLETE,0.9373087547506046,True,1.3672360063403022,4,0.555746198983242
E,SVM-polinomial,92,PRUNED,0.9246034702510504,True,3.4803293390350105,4,0.09661090844859338
E,SVM-polinomial,93,PRUNED,0.9115419399200962,True,0.041989259514197824,3,1.060985288774897
E,SVM-polinomial,94,PRUNED,0.9129930628722746,True,0.08601929988321509,4,0.8003781185346915
E,SVM-polinomial,95,COMPLETE,0.9402543939618054,True,6.120466201013493,4,0.3512992822998296
E,SVM-polinomial,96,PRUNED,0.9341775475250441,True,11.354657473019094,4,0.6181260468110295
E,SVM-polinomial,97,COMPLETE,0.9402558013091712,True,4.911487386606003,4,0.33007740734722063
E,SVM-polinomial,98,COMPLETE,0.9426440925851658,True,1.5206338576705594,4,0.41840769699510816
E,SVM-polinomial,99,PRUNED,0.9321057597551738,True,0.07337113018858107,4,2.362010342404984
E,SVM-polinomial,100,PRUNED,0.9189190401619931,False,0.022495405185544083,4,1.823738994515286
E,SVM-polinomial,101,PRUNED,0.9291150502201316,True,0.4741175781985971,4,0.4771524557439475
E,SVM-polinomial,102,COMPLETE,0.9414525457825244,True,2.6716264495531794,4,0.4049491609329959
E,SVM-polinomial,103,PRUNED,0.9290835039439295,False,3.677673053844868,4,0.5789043628916453
E,SVM-polinomial,104,COMPLETE,0.9408601329961552,True,1.5418773946352953,4,0.34846229612261026
E,SVM-polinomial,105,PRUNED,0.9202852807627285,True,0.39240922936017664,4,0.4373394194661131
E,SVM-polinomial,106,PRUNED,0.9335391607714387,True,0.6016576402950689,4,0.48609802924384415
E,SVM-polinomial,107,PRUNED,0.9371509964263757,True,2.171284856354949,4,0.5548076696974406
E,SVM-polinomial,108,PRUNED,0.9202294841507946,True,0.7653907669910912,5,0.2837800420494091
E,SVM-polinomial,109,PRUNED,0.932096210900748,True,0.8384608918716334,3,0.9452165163370795
E,SVM-polinomial,110,COMPLETE,0.9432377963602641,True,2.228421817201671,4,0.37462971106897897
E,SVM-polinomial,111,PRUNED,0.9371465055555054,True,1.38105977850382,4,0.5586880805914333
E,SVM-polinomial,112,PRUNED,0.929080030121643,True,1.9740540224029632,4,0.21187939554664148
E,SVM-polinomial,113,PRUNED,0.6829972536529487,False,0.9829577315116143,4,0.01895641451567681
E,SVM-polinomial,114,PRUNED,0.9275964244149231,True,2.867253884493303,4,0.11823606342607432
E,SVM-polinomial,115,PRUNED,0.9305916677309456,True,2.068041484373994,4,0.7504265514887123
E,SVM-polinomial,116,COMPLETE,0.9402758539097589,True,5.8940319683343185,4,0.40690256781709244
E,SVM-polinomial,117,PRUNED,0.9335347937676265,True,2.416903704687759,4,0.4985836545648418
E,SVM-polinomial,118,PRUNED,0.9289530319066444,False,752.7758483905238,4,2.4959627595896725
E,SVM-polinomial,119,PRUNED,0.8219320395447074,True,0.33662743954219654,4,0.06966001487835721
E,SVM-polinomial,120,PRUNED,0.9356795763992407,True,0.7769014150350368,5,0.8975883081776601
E,SVM-polinomial,121,PRUNED,0.9320824596421178,True,9.310595735555916,4,0.4516926233797066
E,SVM-polinomial,122,PRUNED,0.9335502673616846,True,3.392639694570809,4,0.4754864873493033
E,SVM-polinomial,123,PRUNED,0.9290768608206067,True,4.212833590754202,4,0.1603674797886961
E,SVM-polinomial,124,PRUNED,0.9349215017084795,True,4.342174427660888,4,0.5837426043805641
E,SVM-polinomial,125,PRUNED,0.9356611571334784,True,6.701200298177545,4,0.6423179795380114
E,SVM-polinomial,126,PRUNED,0.9341877100387728,True,1.444804970849378,3,0.49117946662201006
E,SVM-polinomial,127,COMPLETE,0.9408432135873717,True,4.349719749213731,4,0.3259038804024575
E,SVM-polinomial,128,PRUNED,0.9378886287300539,True,2.4157732534557783,3,0.11759411012691878
E,SVM-polinomial,129,PRUNED,0.9261676946120235,True,1.7830686464690242,5,0.2569454147465161
E,SVM-polinomial,130,PRUNED,0.9320547118331741,True,1.5464277672847717,4,0.23897133937532777
E,SVM-polinomial,131,PRUNED,0.9335172349799736,True,6.686802849834819,4,0.2515939929207952
E,SVM-polinomial,132,PRUNED,0.9320709111240164,True,4.894327503839873,4,0.9551084747479492
E,SVM-polinomial,133,PRUNED,0.9335172349799736,True,4.880332078431256,4,0.21621804588707566
E,SVM-polinomial,134,PRUNED,0.9320960220055212,True,0.8954450947920596,4,0.8038550431170453
E,SVM-polinomial,135,PRUNED,0.9113563799605969,True,2.1906520822586772,4,0.03446518882979971
E,SVM-polinomial,136,PRUNED,0.9320824596421178,True,6.15370930109383,4,0.5339007068510044
E,SVM-polinomial,137,PRUNED,0.8952663683815756,True,171.49054603721493,4,0.01757401309462764
E,SVM-polinomial,138,PRUNED,0.8093263510470277,True,6.344875249150326,5,0.043118113430498095
E,SVM-polinomial,139,PRUNED,0.9114281451592029,True,0.2837499442854741,4,0.3639365334110314
E,SVM-polinomial,140,PRUNED,0.9335502673616846,True,3.4289315845264814,4,0.481282095885666
E,SVM-polinomial,141,PRUNED,0.9364053879333448,True,26.94557182542024,4,0.6707690394086157
E,SVM-polinomial,142,COMPLETE,0.9408848589087968,True,17.803527272180713,4,0.42234427810886704
E,SVM-polinomial,143,PRUNED,0.9306118087401716,True,14.885578343781715,4,0.8975561259644469
E,SVM-polinomial,144,COMPLETE,0.9414423840994759,True,18.46444752195024,4,0.28886524792674856
E,SVM-polinomial,145,PRUNED,0.8983629572377086,True,21.11134467273882,4,0.023559569935189206
E,SVM-polinomial,146,PRUNED,0.932019935199469,False,32.566518357500335,4,0.43692572036695093
E,SVM-polinomial,147,PRUNED,0.9305867549085851,False,1.4133150878635932,3,2.02150732056986
E,SVM-polinomial,148,PRUNED,0.9320478306957982,True,90.14088108795397,5,0.44283218972995253
E,SVM-polinomial,149,PRUNED,0.9320824596421178,True,16.303987234073567,4,0.47099589364642214
E,kNN,0,COMPLETE,0.8694119299932235,False,16,uniform,1
E,kNN,1,COMPLETE,0.8956473397874444,True,15,distance,1
E,kNN,2,PRUNED,0.893428221021612,False,8,uniform,2
E,kNN,3,COMPLETE,0.9045993351789992,False,9,distance,2
E,kNN,4,COMPLETE,0.9106004379282908,True,13,uniform,2
E,kNN,5,COMPLETE,0.9327486711676389,True,4,uniform,2
E,kNN,6,PRUNED,0.903904974871919,False,7,uniform,2
E,kNN,7,PRUNED,0.874101275310597,False,16,uniform,2
E,kNN,8,COMPLETE,0.9212678245640031,False,3,distance,2
E,kNN,9,PRUNED,0.9118541167115211,True,12,distance,2
E,kNN,10,PRUNED,0.918966901377687,True,3,uniform,1
E,kNN,11,COMPLETE,0.9369042719722751,True,4,distance,2
E,kNN,12,COMPLETE,0.9298213592393548,True,3,distance,2
E,kNN,13,PRUNED,0.9285050620972053,True,3,uniform,2
E,kNN,14,PRUNED,0.899975847521508,True,7,distance,1
E,kNN,15,PRUNED,0.9103372472410187,True,7,uniform,2
E,kNN,16,PRUNED,0.9103372472410187,True,7,distance,2
E,kNN,17,PRUNED,0.8995244026511859,False,3,uniform,1
E,kNN,18,PRUNED,0.9040445092263945,False,3,distance,1
E,kNN,19,PRUNED,0.8930381903502528,True,20,distance,2
E,kNN,20,PRUNED,0.9013930394217887,True,11,uniform,1
E,kNN,21,COMPLETE,0.9327706259465127,True,3,distance,2
E,kNN,22,COMPLETE,0.9298213592393548,True,3,distance,2
E,kNN,23,PRUNED,0.9182293374848829,True,3,distance,1
E,kNN,24,PRUNED,0.9103372472410187,True,7,distance,2
E,kNN,25,PRUNED,0.9285050620972053,True,3,uniform,2
E,kNN,26,PRUNED,0.8912775466218719,True,20,uniform,1
E,kNN,27,PRUNED,0.8698179088962755,False,17,distance,1
E,kNN,28,COMPLETE,0.9339417563082391,True,4,distance,2
E,kNN,29,COMPLETE,0.9298213592393548,True,3,distance,2
E,kNN,30,PRUNED,0.9103372472410187,True,7,distance,2
E,kNN,31,COMPLETE,0.9298213592393548,True,3,distance,2
E,kNN,32,PRUNED,0.9197659782752093,True,6,uniform,2
E,kNN,33,COMPLETE,0.9339417563082391,True,4,distance,2
E,kNN,34,COMPLETE,0.9339417563082391,True,4,distance,2
E,kNN,35,PRUNED,0.919179505504633,True,6,distance,2
E,kNN,36,PRUNED,0.9143686291629052,False,6,distance,2
E,kNN,37,PRUNED,0.919179505504633,True,6,distance,2
E,kNN,38,PRUNED,0.9241859592605024,True,5,distance,2
E,kNN,39,PRUNED,0.8712679417442482,False,13,uniform,1
E,kNN,40,PRUNED,0.9128928487810043,False,3,uniform,2
E,kNN,41,COMPLETE,0.9298213592393548,True,3,distance,2
E,kNN,42,COMPLETE,0.9298213592393548,True,3,distance,2
E,kNN,43,COMPLETE,0.9298213592393548,True,3,distance,2
E,kNN,44,PRUNED,0.915851343181104,False,4,distance,2
E,kNN,45,PRUNED,0.9221035079255031,True,5,distance,2
E,kNN,46,PRUNED,0.8801296607717637,False,19,distance,2
E,kNN,47,PRUNED,0.8460080329587427,False,19,uniform,1
E,kNN,48,PRUNED,0.8941018401536129,True,15,distance,1
E,kNN,49,COMPLETE,0.9298213592393548,True,3,distance,2
E,kNN,50,PRUNED,0.9131728297582793,True,6,distance,1
E,kNN,51,COMPLETE,0.9327486711676389,True,4,uniform,2
E,kNN,52,PRUNED,0.8965607902010071,False,8,distance,1
E,kNN,53,PRUNED,0.9285050620972053,True,3,uniform,2
E,kNN,54,PRUNED,0.899975847521508,True,7,uniform,1
E,kNN,55,PRUNED,0.919179505504633,True,6,distance,2
E,kNN,56,PRUNED,0.9088978591904671,True,8,uniform,2
E,kNN,57,COMPLETE,0.9298213592393548,True,3,distance,2
E,kNN,58,PRUNED,0.897915452920618,False,11,distance,2
E,kNN,59,PRUNED,0.9146220917624603,True,3,distance,1
E,kNN,60,PRUNED,0.919179505504633,True,6,distance,2
E,kNN,61,PRUNED,0.9227104661828626,True,5,uniform,2
E,kNN,62,PRUNED,0.9285050620972053,True,3,uniform,2
E,kNN,63,PRUNED,0.9176852115310208,True,6,uniform,2
E,kNN,64,COMPLETE,0.9327486711676389,True,4,uniform,2
E,kNN,65,PRUNED,0.8963769945493487,False,11,uniform,2
E,kNN,66,PRUNED,0.9046137847032987,True,15,uniform,2
E,kNN,67,COMPLETE,0.9327706259465127,True,3,distance,2
E,kNN,68,COMPLETE,0.9298213592393548,True,3,distance,2
E,kNN,69,COMPLETE,0.9327706259465127,True,3,distance,2
E,kNN,70,COMPLETE,0.9298213592393548,True,3,distance,2
E,kNN,71,COMPLETE,0.9298213592393548,True,3,distance,2
E,kNN,72,PRUNED,0.919179505504633,True,6,distance,2
E,kNN,73,COMPLETE,0.9298213592393548,True,3,distance,2
E,kNN,74,PRUNED,0.9221035079255031,True,5,distance,2
E,kNN,75,COMPLETE,0.9327706259465127,True,3,distance,2
E,kNN,76,PRUNED,0.9173179994814749,False,3,distance,2
E,kNN,77,COMPLETE,0.9298213592393548,True,3,distance,2
E,kNN,78,COMPLETE,0.9298213592393548,True,3,distance,2
E,kNN,79,PRUNED,0.9103372472410187,True,7,distance,2
E,kNN,80,COMPLETE,0.9298213592393548,True,3,distance,2
E,kNN,81,COMPLETE,0.9327706259465127,True,3,distance,2
E,kNN,82,COMPLETE,0.9298213592393548,True,3,distance,2
E,kNN,83,PRUNED,0.919179505504633,True,6,distance,2
E,kNN,84,COMPLETE,0.9298213592393548,True,3,distance,2
E,kNN,85,COMPLETE,0.9327706259465127,True,3,distance,2
E,kNN,86,PRUNED,0.919179505504633,True,6,distance,2
E,kNN,87,COMPLETE,0.9298213592393548,True,3,distance,2
E,kNN,88,PRUNED,0.919179505504633,True,6,distance,2
E,kNN,89,COMPLETE,0.9298213592393548,True,3,distance,2
E,kNN,90,COMPLETE,0.9298213592393548,True,3,distance,2
E,kNN,91,COMPLETE,0.9298213592393548,True,3,distance,2
E,kNN,92,COMPLETE,0.9298213592393548,True,3,distance,2
E,kNN,93,PRUNED,0.9145957135946777,True,4,distance,1
E,kNN,94,PRUNED,0.919179505504633,True,6,distance,2
E,kNN,95,COMPLETE,0.9298213592393548,True,3,distance,2
E,kNN,96,PRUNED,0.919179505504633,True,6,distance,2
E,kNN,97,PRUNED,0.8891167610033899,False,8,uniform,1
E,kNN,98,PRUNED,0.9173179994814749,False,3,distance,2
E,kNN,99,COMPLETE,0.9298213592393548,True,3,distance,2
E,kNN,100,COMPLETE,0.9298213592393548,True,3,distance,2
E,kNN,101,PRUNED,0.919179505504633,True,6,distance,2
E,kNN,102,COMPLETE,0.9298213592393548,True,3,distance,2
E,kNN,103,COMPLETE,0.9298213592393548,True,3,distance,2
E,kNN,104,PRUNED,0.9160914223520996,True,4,uniform,1
E,kNN,105,PRUNED,0.9133756293857457,True,13,distance,2
E,kNN,106,PRUNED,0.9285050620972053,True,3,uniform,2
E,kNN,107,PRUNED,0.8881236020831909,True,16,uniform,1
E,kNN,108,PRUNED,0.919179505504633,True,6,distance,2
E,kNN,109,COMPLETE,0.9298213592393548,True,3,distance,2
E,kNN,110,PRUNED,0.8740681511531367,False,18,uniform,2
E,kNN,111,PRUNED,0.9176852115310208,True,6,uniform,2
E,kNN,112,PRUNED,0.9285050620972053,True,3,uniform,2
E,kNN,113,PRUNED,0.9176852115310208,True,6,uniform,2
E,kNN,114,PRUNED,0.9285050620972053,True,3,uniform,2
E,kNN,115,PRUNED,0.919179505504633,True,6,distance,2
E,kNN,116,COMPLETE,0.9298213592393548,True,3,distance,2
E,kNN,117,PRUNED,0.9009306702718065,False,4,uniform,2
E,kNN,118,PRUNED,0.907327683828419,True,10,distance,1
E,kNN,119,PRUNED,0.919179505504633,True,6,distance,2
E,kNN,120,COMPLETE,0.9298213592393548,True,3,distance,2
E,kNN,121,PRUNED,0.9176852115310208,True,6,uniform,2
E,kNN,122,PRUNED,0.9221035079255031,True,5,uniform,2
E,kNN,123,PRUNED,0.9285050620972053,True,3,uniform,2
E,kNN,124,PRUNED,0.9176852115310208,True,6,uniform,2
E,kNN,125,PRUNED,0.9285050620972053,True,3,uniform,2
E,kNN,126,COMPLETE,0.9298213592393548,True,3,distance,2
E,kNN,127,PRUNED,0.9221035079255031,True,5,distance,2
E,kNN,128,COMPLETE,0.9327706259465127,True,3,distance,2
E,kNN,129,COMPLETE,0.9298213592393548,True,3,distance,2
E,kNN,130,PRUNED,0.9146220917624603,True,3,distance,1
E,kNN,131,COMPLETE,0.9310003656339496,True,3,distance,2
E,kNN,132,COMPLETE,0.9298213592393548,True,3,distance,2
E,kNN,133,PRUNED,0.919179505504633,True,6,distance,2
E,kNN,134,COMPLETE,0.9298213592393548,True,3,distance,2
E,kNN,135,COMPLETE,0.9327486711676389,True,4,uniform,2
E,kNN,136,PRUNED,0.919179505504633,True,6,distance,2
E,kNN,137,COMPLETE,0.9298213592393548,True,3,distance,2
E,kNN,138,PRUNED,0.9143686291629052,False,6,distance,2
E,kNN,139,COMPLETE,0.9298213592393548,True,3,distance,2
E,kNN,140,PRUNED,0.919179505504633,True,6,distance,2
E,kNN,141,PRUNED,0.9221035079255031,True,5,uniform,2
E,kNN,142,COMPLETE,0.9321676527950885,True,3,uniform,2
E,kNN,143,COMPLETE,0.9327486711676389,True,4,uniform,2
E,kNN,144,PRUNED,0.9176852115310208,True,6,uniform,2
E,kNN,145,COMPLETE,0.9315812908893818,True,4,uniform,2
E,kNN,146,PRUNED,0.9221035079255031,True,5,distance,2
E,kNN,147,COMPLETE,0.9298213592393548,True,3,distance,2
E,kNN,148,PRUNED,0.9285050620972053,True,3,uniform,2
E,kNN,149,COMPLETE,0.9298213592393548,True,3,distance,2
E,RandomForest,0,COMPLETE,0.8795807833377587,False,269,19,4,2,log2
E,RandomForest,1,PRUNED,0.8532414247173019,True,81,8,5,4,0.5
E,RandomForest,2,COMPLETE,0.8858005622955801,False,142,24,5,6,0.3
E,RandomForest,3,PRUNED,0.853367253748134,False,321,11,3,7,0.7
E,RandomForest,4,COMPLETE,0.890992806880968,False,102,17,12,2,sqrt
E,RandomForest,5,PRUNED,0.7216083376848584,True,78,4,8,4,log2
E,RandomForest,6,PRUNED,0.8413447323051884,False,59,30,16,2,log2
E,RandomForest,7,PRUNED,0.8860539870006889,False,65,27,13,4,0.5
E,RandomForest,8,PRUNED,0.8872330252960621,True,65,22,16,6,sqrt
E,RandomForest,9,PRUNED,0.8821873742672384,True,216,11,11,10,0.3
E,RandomForest,10,PRUNED,0.8013717566231013,False,88,6,18,6,sqrt
E,RandomForest,11,PRUNED,0.8530559561853075,False,149,24,8,6,sqrt
E,RandomForest,12,COMPLETE,0.8873085785883255,False,104,14,5,1,sqrt
E,RandomForest,13,COMPLETE,0.8890865736781741,False,69,12,5,2,sqrt
E,RandomForest,14,PRUNED,0.870598785814934,False,122,22,17,1,sqrt
E,RandomForest,15,PRUNED,0.8606181324725048,False,89,9,2,6,0.3
E,RandomForest,16,PRUNED,0.8675875150054844,True,160,8,12,2,sqrt
E,RandomForest,17,PRUNED,0.886766329124593,False,59,15,11,2,0.3
E,RandomForest,18,PRUNED,0.8471241012794363,False,72,13,6,6,sqrt
E,RandomForest,19,PRUNED,0.8679693618303278,False,179,8,15,1,0.3
E,RandomForest,20,COMPLETE,0.8996329110900454,True,65,24,3,1,sqrt
E,RandomForest,21,COMPLETE,0.8925911171025872,True,56,21,7,2,sqrt
E,RandomForest,22,PRUNED,0.8885897870484427,True,63,27,6,4,sqrt
E,RandomForest,23,PRUNED,0.878933274200764,True,84,22,6,2,0.7
E,RandomForest,24,COMPLETE,0.9007774517334892,True,76,18,12,1,sqrt
E,RandomForest,25,PRUNED,0.8870944683329175,True,67,21,15,1,0.5
E,RandomForest,26,COMPLETE,0.9049431537353989,True,62,22,3,1,sqrt
E,RandomForest,27,COMPLETE,0.895457011667317,True,106,22,2,2,0.5
E,RandomForest,28,COMPLETE,0.9020043529421569,True,101,30,3,1,sqrt
E,RandomForest,29,PRUNED,0.8776051834851005,True,96,29,5,1,log2
E,RandomForest,30,COMPLETE,0.8967346173381314,True,250,28,3,3,sqrt
E,RandomForest,31,COMPLETE,0.9043271979876397,True,138,28,5,1,sqrt
E,RandomForest,32,PRUNED,0.8923824155025313,False,163,28,5,1,0.7
E,RandomForest,33,COMPLETE,0.9008839506503288,False,56,24,2,1,0.3
E,RandomForest,34,COMPLETE,0.9014942796357392,False,66,25,7,1,0.3
E,RandomForest,35,PRUNED,0.8930212075378874,True,154,29,10,3,sqrt
E,RandomForest,36,PRUNED,0.894574884859469,False,75,30,3,1,sqrt
E,RandomForest,37,PRUNED,0.8968856940915153,False,67,28,10,1,0.3
E,RandomForest,38,COMPLETE,0.9096630281211219,True,157,26,5,1,0.3
E,RandomForest,39,COMPLETE,0.9013783539299454,True,177,25,6,3,0.3
E,RandomForest,40,PRUNED,0.9010884308124542,True,123,27,5,1,sqrt
E,RandomForest,41,PRUNED,0.8988229466085256,True,115,29,2,1,0.3
E,RandomForest,42,PRUNED,0.8937589722064384,True,56,15,2,1,sqrt
E,RandomForest,43,PRUNED,0.8944016968196904,True,109,29,6,1,0.5
E,RandomForest,44,COMPLETE,0.9026690916810051,True,59,17,6,3,0.3
E,RandomForest,45,PRUNED,0.8996722640219001,True,78,16,9,3,0.3
E,RandomForest,46,PRUNED,0.8967670851076921,True,191,13,2,2,0.3
E,RandomForest,47,PRUNED,0.8879552293750258,True,70,20,3,4,0.3
E,RandomForest,48,PRUNED,0.882091934821464,True,232,24,8,2,0.7
E,RandomForest,49,PRUNED,0.8806432557636593,True,53,10,5,3,0.3
E,RandomForest,50,PRUNED,0.8865597201276225,False,210,23,4,1,sqrt
E,RandomForest,51,PRUNED,0.8791726790142211,True,337,20,17,5,sqrt
E,RandomForest,52,PRUNED,0.8734206162494615,False,57,19,6,2,0.7
E,RandomForest,53,COMPLETE,0.9025306368041737,True,366,30,3,1,0.3
E,RandomForest,54,COMPLETE,0.9067267233946135,True,414,26,2,2,0.3
E,RandomForest,55,COMPLETE,0.9037661694937938,True,476,26,5,2,0.3
E,RandomForest,56,PRUNED,0.8907421562368311,True,350,20,4,1,0.5
E,RandomForest,57,COMPLETE,0.9049567338042719,True,493,24,4,2,0.3
E,RandomForest,58,PRUNED,0.8849669650983125,True,372,27,2,7,0.3
E,RandomForest,59,PRUNED,0.8733007985188513,True,382,24,4,4,log2
E,RandomForest,60,PRUNED,0.8996824546084535,True,465,21,7,3,0.3
E,RandomForest,61,PRUNED,0.889427108396015,True,440,28,5,3,0.5
E,RandomForest,62,COMPLETE,0.9027101399022592,False,487,22,2,2,0.3
E,RandomForest,63,COMPLETE,0.9026625184179056,False,465,23,6,1,0.3
E,RandomForest,64,PRUNED,0.8692384891879917,False,379,29,2,4,0.7
E,RandomForest,65,PRUNED,0.8794177257017921,False,482,26,4,4,0.3
E,RandomForest,66,PRUNED,0.8880450290013304,False,264,18,2,3,0.3
E,RandomForest,67,PRUNED,0.8835503086490766,True,437,22,3,2,0.7
E,RandomForest,68,COMPLETE,0.9026193950088164,True,412,25,3,3,0.3
E,RandomForest,69,COMPLETE,0.9061145718486217,True,422,20,4,1,0.3
E,RandomForest,70,COMPLETE,0.9049561937627482,True,390,18,3,2,0.3
E,RandomForest,71,PRUNED,0.8746910228644771,True,491,14,7,3,log2
E,RandomForest,72,PRUNED,0.8996363911505153,True,249,21,4,1,0.3
E,RandomForest,73,COMPLETE,0.9061011189611824,True,449,18,3,1,0.3
E,RandomForest,74,PRUNED,0.882006351330991,True,335,22,2,1,log2
E,RandomForest,75,COMPLETE,0.9067084738003016,True,333,17,2,1,0.3
E,RandomForest,76,PRUNED,0.8925150609253398,True,430,11,5,2,0.3
E,RandomForest,77,COMPLETE,0.9056335263287274,True,373,16,3,3,0.3
E,RandomForest,78,PRUNED,0.8996048314736559,True,388,17,3,2,sqrt
E,RandomForest,79,PRUNED,0.8895012088208993,True,341,16,5,5,0.3
E,RandomForest,80,COMPLETE,0.9049671468532935,True,368,20,4,2,0.3
E,RandomForest,81,COMPLETE,0.9049108094157943,True,438,17,3,1,0.3
E,RandomForest,82,PRUNED,0.900448877744074,True,450,18,2,3,0.3
E,RandomForest,83,COMPLETE,0.9126081184375782,True,490,23,3,1,0.3
E,RandomForest,84,COMPLETE,0.9060618501579452,True,482,25,3,1,0.3
E,RandomForest,85,COMPLETE,0.9072618761617661,True,479,21,3,1,0.3
E,RandomForest,86,PRUNED,0.893875930157582,True,332,26,7,1,sqrt
E,RandomForest,87,PRUNED,0.8664881425944648,False,292,13,19,6,0.7
E,RandomForest,88,PRUNED,0.8791835681591016,True,276,12,4,5,0.7
E,RandomForest,89,PRUNED,0.8632923366768736,True,275,8,3,1,0.5
E,RandomForest,90,PRUNED,0.8606737882666703,False,148,28,20,8,0.5
E,RandomForest,91,PRUNED,0.8909410611455432,True,327,18,9,1,0.3
E,RandomForest,92,COMPLETE,0.9096650113886326,True,289,24,2,1,0.3
E,RandomForest,93,PRUNED,0.8996145284041681,True,187,27,7,1,0.3
E,RandomForest,94,PRUNED,0.8924781413661983,True,452,24,6,1,0.3
E,RandomForest,95,PRUNED,0.9025821002886748,True,261,23,2,2,0.3
E,RandomForest,96,PRUNED,0.852767962180903,True,378,11,20,9,log2
E,RandomForest,97,COMPLETE,0.9072618761617661,True,479,21,3,1,0.3
E,RandomForest,98,PRUNED,0.8195980056878847,False,110,19,3,9,log2
E,RandomForest,99,COMPLETE,0.905509282288809,True,376,21,2,1,0.3
E,RandomForest,100,PRUNED,0.7532326772086689,False,271,4,17,6,sqrt
E,RandomForest,101,PRUNED,0.6434136267057537,True,79,3,13,8,0.3
E,RandomForest,102,PRUNED,0.892391827769781,True,500,24,2,3,sqrt
E,RandomForest,103,COMPLETE,0.9073074898138007,True,466,20,2,1,0.3
E,RandomForest,104,COMPLETE,0.9072931555449728,True,386,19,2,1,0.3
E,RandomForest,105,PRUNED,0.8781291922581079,False,273,12,5,1,0.7
E,RandomForest,106,PRUNED,0.8777737517955098,True,75,30,9,9,0.3
E,RandomForest,107,COMPLETE,0.9067942525611355,True,297,12,4,1,0.3
E,RandomForest,108,PRUNED,0.8924387856711707,True,484,13,2,1,0.5
E,RandomForest,109,PRUNED,0.8468263369826614,True,448,9,6,9,log2
E,RandomForest,110,PRUNED,0.8037350575227984,True,175,6,4,1,log2
E,RandomForest,111,PRUNED,0.8821870113550236,True,489,13,5,1,0.7
E,RandomForest,112,PRUNED,0.8490304083555442,False,369,30,11,9,0.3
E,RandomForest,113,PRUNED,0.9004327714376628,True,317,15,4,1,0.3
E,RandomForest,114,PRUNED,0.9019315191346109,True,314,13,2,1,0.3
E,RandomForest,115,PRUNED,0.8912137179192731,False,449,13,2,2,0.3
E,RandomForest,116,COMPLETE,0.9079333356210556,True,463,16,5,1,0.3
E,RandomForest,117,PRUNED,0.9032600652701159,True,237,26,2,1,0.3
E,RandomForest,118,COMPLETE,0.9073379050693529,True,486,20,7,1,0.3
E,RandomForest,119,PRUNED,0.8659783790861382,True,147,17,15,5,log2
E,RandomForest,120,PRUNED,0.8822165640315531,True,436,19,10,3,0.5
E,RandomForest,121,PRUNED,0.5801779595407653,True,242,3,16,2,0.7
E,RandomForest,122,COMPLETE,0.9067565414415159,True,430,18,8,1,0.3
E,RandomForest,123,PRUNED,0.8836142057047223,False,482,16,5,1,sqrt
E,RandomForest,124,PRUNED,0.8909511101431691,False,499,24,2,1,0.5
E,RandomForest,125,PRUNED,0.8717553659440902,True,97,19,12,9,0.5
E,RandomForest,126,PRUNED,0.8288455681373257,True,128,7,3,9,0.5
E,RandomForest,127,COMPLETE,0.9060953836892693,True,472,21,2,1,0.3
E,RandomForest,128,PRUNED,0.8923740591648426,True,440,22,12,1,0.3
E,RandomForest,129,PRUNED,0.8981965594949739,True,436,16,9,2,0.3
E,RandomForest,130,PRUNED,0.8909610794423637,False,152,28,6,2,0.3
E,RandomForest,131,PRUNED,0.8938847933826021,True,430,21,8,1,0.3
E,RandomForest,132,PRUNED,0.8664806325800859,False,83,17,18,5,0.7
E,RandomForest,133,PRUNED,0.8909064479157414,True,499,26,2,1,0.5
E,RandomForest,134,PRUNED,0.8657993381135952,True,230,22,19,9,0.7
E,RandomForest,135,PRUNED,0.7255969950397982,False,248,4,8,5,log2
E,RandomForest,136,PRUNED,0.9033768987639261,True,478,17,6,1,0.3
E,RandomForest,137,PRUNED,0.8732604061173592,True,439,23,9,2,log2
E,RandomForest,138,PRUNED,0.8924001943862179,True,194,12,2,1,sqrt
E,RandomForest,139,PRUNED,0.889501923643969,False,182,17,9,1,0.3
E,RandomForest,140,PRUNED,0.8820614793239654,True,151,19,6,2,log2
E,RandomForest,141,PRUNED,0.8821050506436032,True,497,17,17,1,0.7
E,RandomForest,142,PRUNED,0.7924376897153151,True,289,5,6,1,0.3
E,RandomForest,143,PRUNED,0.8544298782971294,False,89,17,14,8,sqrt
E,RandomForest,144,COMPLETE,0.9067020693007176,True,293,20,5,1,0.3
E,RandomForest,145,PRUNED,0.8416351146886325,False,267,26,5,10,sqrt
E,RandomForest,146,PRUNED,0.88792331623262,True,97,23,8,1,0.3
E,RandomForest,147,COMPLETE,0.9090571844784956,True,413,20,5,1,0.3
E,RandomForest,148,COMPLETE,0.9120400048867608,True,493,20,3,1,0.3
E,RandomForest,149,PRUNED,0.8399646887868473,False,160,26,17,4,log2
